Drug_Name,DrugBank_ID,Summary,Indication,Mechanism_of_Action,Pharmacodynamics,Absorption,Volume_of_Distribution,Protein_Binding,Metabolism,Route_of_Elimination,Half_Life,Clearance,Toxicity,General_References
risperidone,DB00734,"Risperidone is a second-generation antipsychotic medication used to treat a number of mental health disorders including schizophrenia, bipolar mania, psychosis, or as an adjunct in severe depression.","Risperidone is indicated for the treatment of schizophrenia <ref>16</ref>,<ref>20</ref>,<ref>21</ref> and irritability associated with autistic disorder.<ref>16</ref> It is also indicated as monotherapy, or adjunctly with lithium or valproic acid, for the treatment of acute mania or mixed episodes associated with bipolar I disorder.<ref>16</ref>,<ref>20</ref> Risperidone is additionally indicated in Canada for the short-term symptomatic management of aggression or psychotic symptoms in patients with severe dementia of the Alzheimer type unresponsive to nonpharmacological approaches.<ref>19</ref> Risperidone is also used off-label for a number of conditions including as an adjunct to antidepressants in treatment-resistant depression.<ref>11</ref>","Though its precise mechanism of action is not fully understood, current focus is on the ability of risperidone to inhibit the D2 dopaminergic receptors and 5-HT2A serotonergic receptors in the brain. Schizophrenia is thought to result from an excess of dopaminergic D2 and serotonergic 5-HT2A activity, resulting in overactivity of central mesolimbic pathways and mesocortical pathways, respectively.<ref>3</ref>,<ref>4</ref>,<ref>5</ref>
D2 dopaminergic receptors are transiently inhibited by risperidone, reducing dopaminergic neurotransmission, therefore decreasing positive symptoms of schizophrenia, such as delusions and hallucinations.<ref>14</ref> Risperidone binds transiently and with loose affinity to the dopaminergic D2 receptor, with an ideal receptor occupancy of 60-70% for optimal effect.<ref>7</ref>,<ref>10</ref> Rapid dissociation of risperidone from the D2 receptors contributes to decreased risk of extrapyramidal symptoms (EPS), which occur with permanent and high occupancy blockade of D2 dopaminergic receptors.<ref>6</ref>,<ref>7</ref> Low-affinity binding and rapid dissociation from the D2 receptor distinguish risperidone from the traditional antipsychotic drugs. A higher occupancy rate of D2 receptors is said to increase the risk of extrapyramidal symptoms and is therefore to be avoided.<ref>6</ref>,<ref>7</ref>,<ref>8</ref>
Increased serotonergic mesocortical activity in schizophrenia results in negative symptoms, such as depression and decreased motivation. The high-affinity binding of risperidone to 5-HT2A receptors leads to a decrease in serotonergic activity. In addition, 5-HT2A receptor blockade results in decreased risk of extrapyramidal symptoms, likely by increasing dopamine release from the frontal cortex, and not the nigrostriatal tract. Dopamine level is therefore not completely inhibited.<ref>5</ref>,<ref>7</ref> Through the above mechanisms, both serotonergic and D2 blockade by risperidone are thought to synergistically work to decrease the risk of extrapyramidal symptoms.
Risperidone has also been said to be an antagonist of alpha-1 (α1), alpha-2 (α2), and histamine (H1) receptors.<ref>13</ref> Blockade of these receptors is thought to improve symptoms of schizophrenia, however the exact mechanism of action on these receptors is not fully understood at this time.<ref>16</ref>","The primary action of risperidone is to decrease dopaminergic and serotonergic pathway activity in the brain, therefore decreasing symptoms of schizophrenia and mood disorders.<ref>3</ref>,<ref>4</ref>
Risperidone has a high binding affinity for serotonergic 5-HT2A receptors when compared to dopaminergic D2 receptors in the brain.<ref>2</ref>,<ref>3</ref> Risperidone binds to D2 receptors with a lower affinity than first-generation antipsychotic drugs, which bind with very high affinity. A reduction in extrapyramidal symptoms with risperidone, when compared to its predecessors, is likely a result of its moderate affinity for dopaminergic D2 receptors.<ref>7</ref>,<ref>5</ref>",Well absorbed. The absolute oral bioavailability of risperidone is 70% (CV=25%). The relative oral bioavailability of risperidone from a tablet is 94% (CV=10%) when compared to a solution.<ref>16</ref>,The volume of distribution of risperidone is approximately 1 to 2 L/kg.<ref>16</ref>,"Risperidone and its active metabolite, 9-hydroxyrisperidone, are ~88% and ~77% protein-bound in human plasma, respectively.<ref>9</ref>,<ref>16</ref> They each bind to both serum albumin and alpha-1-acid glycoprotein.<ref>16</ref>","Extensively metabolized by hepatic cytochrome P450 2D6 isozyme to 9-hydroxyrisperidone (i.e. paliperidone), which has approximately the same receptor binding affinity as risperidone.<ref>6</ref>,<ref>9</ref> Hydroxylation is dependent on debrisoquine 4-hydroxylase and metabolism is sensitive to genetic polymorphisms in debrisoquine 4-hydroxylase.<ref>7</ref>,<ref>9</ref> Risperidone also undergoes N-dealkylation to a lesser extent.<ref>7</ref>,<ref>9</ref>
Hover over products below to view reaction partners
Risperidone
9-hydroxyrisperidone","Risperidone is extensively metabolized in the liver. In healthy elderly subjects, renal clearance of both risperidone and 9-hydroxyrisperidone was decreased, and elimination half-lives are prolonged compared to young healthy subjects.<ref>9</ref>,<ref>15</ref>",3 hours in extensive metabolizers<ref>9</ref> Up to 20 hours in poor metabolizers<ref>9</ref>,"Risperidone is cleared by the kidneys. Clearance is decreased in the elderly and those with a creatinine clearance (ClCr) between <ref>15</ref>-59 mL/min, in whom clearance is decreased by approximately 60%.<ref>15</ref>","Symptoms of overdose include lethargy, dystonia/spasm, tachycardia, bradycardia, and seizures. LD50=57.7 mg/kg (rat, oral) and 34 mg/kg (rat, intravenous).<ref>5</ref>,<ref>6</ref>,<ref>7</ref>","reference-A1113: Altschuler EL, Kast RE: The atypical antipsychotic agents ziprasidone [correction of zisprasidone], risperdone and olanzapine as treatment for and prophylaxis against progressive multifocal leukoencephalopathy. Med Hypotheses. 2005;65(3):585-6. | https://go.drugbank.com/articles/A1113 || reference-A1114: Bostwick JR, Guthrie SK, Ellingrod VL: Antipsychotic-induced hyperprolactinemia. Pharmacotherapy. 2009 Jan;29(1):64-73. doi: 10.1592/phco.29.1.64. | https://go.drugbank.com/articles/A1114 || reference-A1115: Fenton C, Scott LJ: Risperidone: a review of its use in the treatment of bipolar mania. CNS Drugs. 2005;19(5):429-44. | https://go.drugbank.com/articles/A1115 || reference-A1116: Kemp DE, Canan F, Goldstein BI, McIntyre RS: Long-acting risperidone: a review of its role in the treatment of bipolar disorder. Adv Ther. 2009 Jun;26(6):588-99. doi: 10.1007/s12325-009-0039-0. Epub 2009 Jun 26. | https://go.drugbank.com/articles/A1116 || reference-A1117: Szarfman A, Tonning JM, Levine JG, Doraiswamy PM: Atypical antipsychotics and pituitary tumors: a pharmacovigilance study. Pharmacotherapy. 2006 Jun;26(6):748-58. | https://go.drugbank.com/articles/A1117 || reference-A1118: Urichuk L, Prior TI, Dursun S, Baker G: Metabolism of atypical antipsychotics: involvement of cytochrome p450 enzymes and relevance for drug-drug interactions. Curr Drug Metab. 2008 Jun;9(5):410-8. | https://go.drugbank.com/articles/A1118 || reference-A1119: Yamanouchi Y, Iwata N, Suzuki T, Kitajima T, Ikeda M, Ozaki N: Effect of DRD2, 5-HT2A, and COMT genes on antipsychotic response to risperidone. Pharmacogenomics J. 2003;3(6):356-61. | https://go.drugbank.com/articles/A1119 || reference-A31771: Acri AA, Henretig FM: Effects of risperidone in overdose. Am J Emerg Med. 1998 Sep;16(5):498-501. | https://go.drugbank.com/articles/A31771 || reference-A31772: Mannens G, Meuldermans W, Snoeck E, Heykants J: Plasma protein binding of risperidone and its distribution in blood. Psychopharmacology (Berl). 1994 May;114(4):566-72. | https://go.drugbank.com/articles/A31772 || reference-A31773: Hall H, Halldin C, Nyberg S, Farde L, Sedvall G: Effect of clozapine and risperidone on 5-HT2 and D2-dopamine receptor binding in the post-mortem human brain. An autoradiographic study. Eur Neuropsychopharmacol. 1995 Mar;5(1):19-25. | https://go.drugbank.com/articles/A31773 || reference-A177226: Kennedy SH, Lam RW, McIntyre RS, Tourjman SV, Bhat V, Blier P, Hasnain M, Jollant F, Levitt AJ, MacQueen GM, McInerney SJ, McIntosh D, Milev RV, Muller DJ, Parikh SV, Pearson NL, Ravindran AV, Uher R: Canadian Network for Mood and Anxiety Treatments (CANMAT) 2016 Clinical Guidelines for the Management of Adults with Major Depressive Disorder: Section 3. Pharmacological Treatments. Can J Psychiatry. 2016 Sep;61(9):540-60. doi: 10.1177/0706743716659417. Epub 2016 Aug 2. | https://go.drugbank.com/articles/A177226 || reference-A193530: Ejsing TB, Pedersen AD, Linnet K: P-glycoprotein interaction with risperidone and 9-OH-risperidone studied in vitro, in knock-out mice and in drug-drug interaction experiments. Hum Psychopharmacol. 2005 Oct;20(7):493-500. doi: 10.1002/hup.720. | https://go.drugbank.com/articles/A193530 || reference-A37034: Corena-McLeod M: Comparative Pharmacology of Risperidone and Paliperidone. Drugs R D. 2015 Jun;15(2):163-74. doi: 10.1007/s40268-015-0092-x. | https://go.drugbank.com/articles/A37034 || reference-A251765: McEvoy JP: Efficacy of risperidone on positive features of schizophrenia. J Clin Psychiatry. 1994 May;55 Suppl:18-21. | https://go.drugbank.com/articles/A251765 || reference-L1214: Pharmacokinetics of Risperidone: Clinical Summary | https://psychopharmacologyinstitute.com/antipsychotics/risperidone/pharmacokinetics-risperidone/ || reference-L12885: FDA Approved Drug Products: Risperdal (risperidone) for oral use | https://www.accessdata.fda.gov/drugsatfda_docs/label/2020/020272s085,020588s072,021444s058lbl.pdf || reference-L12900: FDA Approved Drug Products: Risperdal Consta (risperidone) long-acting intramuscular injection | https://www.accessdata.fda.gov/drugsatfda_docs/label/2020/021346s063lbl.pdf || reference-L12903: FDA Approved Drug Products: Perseris (risperidone) extended-release suspension for subcutaneous injection | https://www.accessdata.fda.gov/drugsatfda_docs/label/2020/210655s004lbl.pdf || reference-L12906: Health Canada Product Monograph: Risperdal (risperidone) oral tablets | https://pdf.hres.ca/dpd_pm/00047330.PDF || reference-L44692: FDA Approved Drug Products: RYKINDO (risperidone) for extended-release injectable suspension, for intramuscular use | https://www.luye.cn/lvye_en/rykindo.pdf || reference-L46297: FDA Approved Drug Products: UZEDY (risperidone) extended-release injectable suspension, for subcutaneous use | https://www.accessdata.fda.gov/drugsatfda_docs/label/2023/213586s000lbl.pdf || reference-F4697: FDA Label - Risperidone | https://s3-us-west-2.amazonaws.com/drugbank/cite_this/attachments/files/000/004/697/original/FDA_Label_-_Risperidone.pdf?1568147588 || reference-F4700: Health Canada Monograph - Risperidone | https://s3-us-west-2.amazonaws.com/drugbank/cite_this/attachments/files/000/004/700/original/Health_Canada_Monograph_-_Risperidone.PDF?1568147609"
antipsychotics,,,,,,,,,,,,,,
clomipramine,DB01242,"Clomipramine is a tricyclic antidepressant used in the treatment of obsessive-compulsive disorder and disorders with an obsessive-compulsive component, such as depression, schizophrenia, and Tourette’s disorder.","May be used to treat obsessive-compulsive disorder and disorders with an obsessive-compulsive component (e.g. depression, schizophrenia, Tourette’s disorder). Unlabeled indications include: depression, panic disorder, chronic pain (e.g. central pain, idiopathic pain disorder, tension headache, diabetic peripheral neuropathy, neuropathic pain), cataplexy and associated narcolepsy (limited evidence), autistic disorder (limited evidence), trichotillomania (limited evidence), onchophagia (limited evidence), stuttering (limited evidence), premature ejaculation, and premenstrual syndrome.","Clomipramine is a strong, but not completely selective serotonin reuptake inhibitor (SRI), as the active main metabolite desmethyclomipramine acts preferably as an inhibitor of noradrenaline reuptake. α1-receptor blockage and β-down-regulation have been noted and most likely play a role in the short term effects of clomipramine. A blockade of sodium-channels and NDMA-receptors might, as with other tricyclics, account for its effect in chronic pain, in particular the neuropathic type.","Clomipramine, a tricyclic antidepressant, is the 3-chloro derivative of Imipramine. It was thought that tricyclic antidepressants work exclusively by inhibiting the re-uptake of the neurotransmitters norepinephrine and serotonin by nerve cells. However, this response occurs immediately, yet mood does not lift for around two weeks. It is now thought that changes occur in receptor sensitivity in the cerebral cortex and hippocampus. The hippocampus is part of the limbic system, a part of the brain involved in emotions. Presynaptic receptors are affected: α1 and β1 receptors are sensitized, α2 receptors are desensitized (leading to increased noradrenaline production). Tricyclics are also known as effective analgesics for different types of pain, especially neuropathic or neuralgic pain.","Well absorbed from the GI tract following oral administration. Bioavailability is approximately 50% orally due to extensive first-pass metabolism. Bioavailability is not affected by food. Peak plasma concentrations occurred 2-6 hours following oral administration of a single 50 mg dose. The peak plasma concentration ranged from 56 ng/mL to 154 mg/mL (mean, 92 ng/mL). There are large interindividual variations in plasma concentrations occur, partly due to genetic differences in clomipramine metabolism. On average, steady state plasma concentrations are achieved in 1-2 weeks following multiple dose oral administration. Smoking appears to lower the steady-state plasma concentration of clomipramine, but not its active metabolite desmethylclomipramine.","~ 17 L/kg (range: 9-25 L/kg). Clomipramine is capable of distributing into the cerebrospinal fluid, the brain, and into breast milk.","Clomipramine is approximately 97-98% bound to plasma proteins, principally to albumin and possibly to α1-acid glycoprotein. Desmethylclomipramine is 97-99% bound to plasma proteins.","Extensively metabolized in the liver. The main active metabolite is desmethylclomipramine, which is formed by N-demethylation of clomipramine via CYP2C19, 3A4 and 1A2. Other metabolites and their glucuronide conjugates are also produced. Other metabolites of clomipramine include 8-hydroxyclomipramine formed via 8-hydroxylation, 2-hydroxyclomipramine formed via 2-hydroxylation, and clomipramine N-oxide formed by N-oxidation. Desmethylclomipramine is further metabolized to 8-hydroxydesmethylclomipramine and didesmethylclomipramine, which are formed by 8-hydroxylation and N-demethylation, respectively. 8-Hydroxyclomipramine and 8-hydroxydesmethylclomipramine are pharmacologically active; however, their clinical relevance remains unknown.
Hover over products below to view reaction partners
Clomipramine
Desmethylclomipramine
didesmethylclomipramine
2-hydroxyclomipramine
2-hydroxyclomipramine glucuronide
2-hydroxydesmethyl clomipramine
2-hydroxydesmethyl clomipramine glucuronide
8-hydroxyclomipramine
8-hydroxydesmethyl clomipramine
8-hyroxydesmethyl clomipramine glucuronide
8-hydroxyclomipramine glucuronide
clomipramine N-oxide
8-OH-clomipramine
10-OH-clomipramine",Urine (51-60%) and feces via biliary elimination (24-32%),"Following oral administration of a single 150 mg dose of clomipramine, the average elimination half-life of clomipramine was 32 hours (range: 19-37 hours) and of desmethylclomipramine was 69 hours (range: 54-77 hours). Elimination half-life may vary substantially with different doses due to saturable kinetics (i.e. metabolism).",Not Available,"Signs and symptoms vary in severity depending upon factors such as the amount of drug absorbed, the age of the patient, and the time elapsed since drug ingestion. Critical manifestations of overdose include cardiac dysrhythmias, severe hypotension, convulsions, and CNS depression including coma. Changes in the electrocardiogram, particularly in QRS axis or width, are clinically significant indicators of tricyclic toxicity. In U.S. clinical trials, 2 deaths occurred in 12 reported cases of acute overdosage with Anafranil either alone or in combination with other drugs. One death involved a patient suspected of ingesting a dose of 7000 mg. The second death involved a patient suspected of ingesting a dose of 5750 mg. Side effects include: sedation, hypotension, blurred vision, dry mouth, constipation, urinary retention, postural hypotension, tachycardia, hypertension, ECG changes, heart failure, impaired memory and delirium, and precipitation of hypomanic or manic episodes in bipolar depression. Withdrawal symptoms include gastrointestinal disturbances, anxiety, and insomnia.",No general references available
methadone,DB00333,Methadone is an opioid analgesic indicated for management of severe pain that is not responsive to alternative treatments. Also used to aid in detoxification and maintenance treatment of opioid addiction.,"Methadone is indicated for the management of pain severe enough to require an opioid analgesic and for which alternative treatment options are inadequate. It's recommended that use is reserved for use in patients for whom alternative treatment options (eg, nonopioid analgesics, opioid combination products) are ineffective, not tolerated, or would be otherwise inadequate to provide sufficient management of pain.<ref>23</ref> Methadone is also indicated for detoxification treatment of opioid addiction (heroin or other morphine-like drugs), and for maintenance substitution treatment for opioid dependence in adults in conjunction with appropriate social and medical services.<ref>22</ref>,<ref>24</ref>","Methadone is a synthetic opioid analgesic with full agonist activity at the µ-opioid receptor. While agonism of the µ-opioid receptor is the primary mechanism of action for the treatment of pain, methadone also acts as an agonist of κ- and σ-opioid receptors within the central and peripheral nervous systems. Interestingly, methadone differs from morphine (which is considered the gold standard reference opioid) in its antagonism of the N-methyl-D-aspartate (NMDA) receptor and its strong inhibition of serotonin and norepinephrine uptake, which likely also contributes to its antinociceptive activity.<ref>2</ref>
Methadone is administered as a 50:50 racemic mixture of (R)- and (S)-stereoisomers, with (R)-methadone demonstrating ~10-fold higher affinity and potency for the µ-opioid receptor than the (S) stereoisomer.<ref>2</ref> The analgesic activity of the racemate is almost entirely due to the (R)-isomer, while the (S)-isomer lacks significant respiratory depressant activity but does have antitussive effects.
While methadone shares similar effects and risks of other opioids such as morphine, hydromorphone, oxycodone, and fentanyl it has a number of unique pharmacokinetic and pharmacodynamic properties that distinguish it from them and make it a useful agent for the treatment of opioid addiction. For example, methadone abstinence syndrome, although qualitatively similar to that of morphine, differs in that the onset is slower, the course is more prolonged, and the symptoms are less severe.","Overall, methadone's pharmacological actions result in analgesia, suppression of opioid withdrawal symptoms, sedation, miosis (through binding to receptors in the pupillary muscles), sweating, hypotension, bradycardia, nausea and vomiting (via binding within the chemoreceptor trigger zone), and constipation. Like many basic drugs, methadone also enters mast cells and releases histamine by a non-immunological mechanism leading to flushing, pruritus, and urticaria, which can commonly be misattributed to an allergic reaction.
Compared to other opioids, methadone has fewer active metabolites and therefore a lower risk of neuropsychiatric toxicity. This means that higher doses needed to manage severe pain or addiction are less likely to result in delirium, hyperalgesia, or seizures.<ref>19</ref>,<ref>20</ref>
Similar to morphine, both methadone isomers are 5-HT(3) receptor antagonists, although l-methadone produces greater inhibition than d-methadone.
Methadone's effects are reversible by naloxone with a pA2 value similar to its antagonism of morphine.<ref>22</ref>,<ref>23</ref>,<ref>24</ref>
Dependence and Tolerance
As with other opioids, tolerance and physical dependence may develop upon repeated administration of methadone and there is a potential for development of psychological dependence. Physical dependence and tolerance reflect the neuroadaptation of the opioid receptors to chronic exposure to an opioid and are separate and distinct from abuse and addiction. Tolerance, as well as physical dependence, may develop upon repeated administration of opioids, and are not by themselves evidence of an addictive disorder or abuse.
Patients on prolonged therapy should be tapered gradually from the drug if it is no longer required for pain control. Withdrawal symptoms may occur following abrupt discontinuation of therapy or upon administration of an opioid antagonist. Some of the symptoms that may be associated with abrupt withdrawal of an opioid analgesic include body aches, diarrhea, gooseflesh, loss of appetite, nausea, nervousness or restlessness, anxiety, runny nose, sneezing, tremors or shivering, stomach cramps, tachycardia, trouble with sleeping, unusual increase in sweating, palpitations, unexplained fever, weakness and yawning.<ref>22</ref>,<ref>23</ref>,<ref>24</ref>
Cardiac Conduction Effects
Laboratory studies, both in vivo and in vitro, have demonstrated that methadone inhibits cardiac potassium channels and prolongs the QT interval. Cases of QT interval prolongation and serious arrhythmia (torsades de pointes) have been observed during treatment with methadone. These cases appear to be more commonly associated with, but not limited to, higher dose treatment (> 200 mg/day). Methadone should be administered with particular caution to patients already at risk for development of prolonged QT interval (e.g., cardiac hypertrophy, concomitant diuretic use, hypokalemia, hypomagnesemia). Careful monitoring is recommended when using methadone in patients with a history of cardiac conduction disease, those taking medications affecting cardiac conduction, and in other cases where history or physical exam suggest an increased risk of dysrhythmia.<ref>22</ref>,<ref>23</ref>,<ref>24</ref>
Respiratory Depression and Overdose
Serious, life-threatening, or fatal respiratory depression may occur with use of methadone. Patients should be monitored for respiratory depression, especially during initiation of methadone or following a dose increase.
Respiratory depression is of particular concern in elderly or debilitated patients as well as in those suffering from conditions accompanied by hypoxia or hypercapnia when even moderate therapeutic doses may dangerously decrease pulmonary ventilation. Methadone should be administered with extreme caution to patients with conditions accompanied by hypoxia, hypercapnia, or decreased respiratory reserve such as: asthma, chronic obstructive pulmonary disease or cor pulmonale, severe obesity, sleep apnea syndrome, myxedema, kyphoscoliosis, and CNS depression or coma. In these patients, even usual therapeutic doses of methadone may decrease respiratory drive while simultaneously increasing airway resistance to the point of apnea. Alternative, non-opioid analgesics should be considered, and methadone should be employed only under careful medical supervision at the lowest effective dose.
Infants exposed in-utero or through breast milk are at risk of life-threatening respiratory depression upon delivery or when nursed.
Methadone's peak respiratory depressant effects typically occur later, and persist longer than its peak analgesic effects, in the short-term use setting. These characteristics can contribute to cases of iatrogenic overdose, particularly during treatment initiation and dose titration.<ref>22</ref>,<ref>23</ref>,<ref>24</ref>
Head Injury and Increased Intracranial Pressure
The respiratory depressant effects of opioids and their capacity to elevate cerebrospinal fluid pressure may be markedly exaggerated in the presence of head injury, other intracranial lesions or a pre-existing increase in intracranial pressure. Furthermore, opioids produce effects which may obscure the clinical course of patients with head injuries. In such patients, methadone must be used with caution, and only if it is deemed essential.<ref>22</ref>,<ref>23</ref>,<ref>24</ref>
Incomplete Cross-tolerance between Methadone and other Opioids
Patients tolerant to other opioids may be incompletely tolerant to methadone. Incomplete cross-tolerance is of particular concern for patients tolerant to other µ-opioid agonists who are being converted to methadone, thus making the determination of dosing during opioid conversion complex. Deaths have been reported during conversion from chronic, high-dose treatment with other opioid agonists. A high degree of “opioid tolerance” does not eliminate the possibility of methadone overdose, iatrogenic or otherwise.<ref>22</ref>,<ref>23</ref>,<ref>24</ref>
Crosstolerance between morphine and methadone has been demonstrated, as steady-state plasma methadone concentrations required for effectiveness (C50%) were higher in abstinent rats previously dosed with morphine, as compared to controls.
Misuse, Abuse, and Diversion of Opioids
Methadone is a mu-agonist opioid with an abuse liability similar to morphine. Methadone, like morphine and other opioids used for analgesia, has the potential for being abused and is subject to criminal diversion.
Methadone can be abused in a manner similar to other opioid agonists, legal or illicit. This should be considered when dispensing Methadone in situations where the clinician is concerned about an increased risk of misuse, abuse, or diversion.<ref>22</ref>,<ref>23</ref>,<ref>24</ref>
Hypotensive Effect
The administration of methadone may result in severe hypotension in patients whose ability to maintain normal blood pressure is compromised (e.g., severe volume depletion).<ref>22</ref>,<ref>23</ref>,<ref>24</ref>
Gastrointestinal Effects
Methadone and other morphine-like opioids have been shown to decrease bowel motility and cause constipation. This primarily occurs through agonism of opioid receptors in the gut wall. Methadone may obscure the diagnosis or clinical course of patients with acute abdominal conditions.<ref>22</ref>,<ref>23</ref>,<ref>24</ref>
Sexual Function/Reproduction
Reproductive function in human males may be decreased by methadone treatment. Reductions in ejaculate volume and seminal vesicle and prostate secretions have been reported in methadone-treated individuals. In addition, reductions in serum testosterone levels and sperm motility, and abnormalities in sperm morphology have been reported. Long-term use of opioids may be associated with decreased sex hormone levels and symptoms such as low libido, erectile dysfunction, or infertility.<ref>22</ref>,<ref>23</ref>,<ref>24</ref>","Methadone is one of the more lipid-soluble opioids and is well absorbed from the gastrointestinal tract. Following oral administration of methadone, bioavailability ranges from 36-100%, with a marked interindividual variation. It can be detected in blood as soon as 15-45 minutes following administration with peak plasma concentrations achieved between 1 to 7.5 hours. A second peak is observed ~4 hours after administration and is likely due to enterohepatic circulation. Dose proportionality of methadone pharmacokinetics is not known.<ref>2</ref>,<ref><ref>2</ref><ref>2</ref></ref>,<ref><ref>2</ref>3</ref>,<ref><ref>2</ref>4</ref>
Following administration of daily oral doses ranging from 10 to <ref>2</ref><ref>2</ref>5 mg the steady-state plasma concentrations ranged between 65 to 630 ng/mL and the peak concentrations ranged between 1<ref>2</ref>4 to 1<ref>2</ref>55 ng/mL. Effect of food on the bioavailability of methadone has not been evaluated.<ref>2</ref>,<ref><ref>2</ref><ref>2</ref></ref>,<ref><ref>2</ref>3</ref>,<ref><ref>2</ref>4</ref>
Slower absorption is observed in opioid users compared to healthy subjects, which may reflect the pharmacological effect of opioids in slowing gastric emptying and mobility.<ref>2</ref>,<ref><ref>2</ref><ref>2</ref></ref>,<ref><ref>2</ref>3</ref>,<ref><ref>2</ref>4</ref>
Due to the large inter-individual variation in methadone pharmacokinetics and pharmacodynamics, treatment should be individualized to each patient. There was an up to 17-fold interindividual variation found in methadone blood concentrations for a given dosage, likely due in part to individual variability in CYP enzyme function.<ref>2</ref> There is also a large variability in pharmacokinetics between methadone's enantiomers, which further complicates pharmacokinetic interpretation and study.<ref>8</ref>","Due to interindividual differences in pharmacokinetics, estimates of methadone's volume of distribution have ranged from 1<ref>8</ref>9-470 L<ref>8</ref> with monographs listing it between 1.0-<ref>8</ref>.0L/kg.<ref>22</ref>,<ref>23</ref>,<ref>24</ref> As this is higher than physiological volumes of total body water, methadone is highly distributed in the body including brain, gut, kidney, liver, muscle, and lung. A population pharmacokinetic study found that subject gender and weight explained ~33% of the variance in the apparent volume of distribution of methadone.<ref>2</ref>,<ref>24</ref>
Methadone is found to be secreted in saliva, sweat, breast milk, amniotic fluid and umbilical cord plasma. The concentration in cord blood is about half the maternal levels.<ref>24</ref>","Methadone is highly bound to plasma proteins. While it primarily binds to α1-acid glycoprotein (85-90%), it also binds to albumin and other tissue and plasma proteins including lipoproteins. Methadone is unusual in the opioid class, in that there is extensive binding to tissue proteins and fairly slow transfer between some parts of this tissue reservoir and the plasma.<ref>2</ref>,<ref>24</ref>,<ref>11</ref>","Methadone undergoes fairly extensive first-pass metabolism. Cytochrome P450 enzymes, primarily CYP3A4, CYP2B6, and CYP2C19 and to a lesser extent CYP2C9, CYP2C8, and CYP2D6, are responsible for conversion of methadone to EDDP (2-ethyl-1,5-dimethyl-3,3-diphenylpyrrolidine) and other inactive metabolites, which are excreted mainly in the urine. Methadone first undergoes N-demethylation to form a highly unstable compound that spontaneously converts to EDDP through cyclization and dehydration. EDDP is then converted to 2-ethyl5-methyl-3,3-diphenyl-1-pyrroline (EDMP). Both EDDP and EDMP are inactive.<ref>22</ref>,<ref>24</ref>,<ref>11</ref>
The CYP isozymes also demonstrate different affinities for metabolizing the different methadone enantiomers: CYP2C19, CYP3A7, and CYP2C8 preferentially metabolize (R)-methadone while CYP2B6, CYP2D6, and CYP2C18 preferentially metabolize (S)-methadone. CYP3A4 does not have an enantiomer preference.<ref>9</ref>,<ref>11</ref>
Single nucleotide polymorphisms (SNPs) within the cytochrome P450 enzymes can impact methadone pharmacokinetics and contribute to the interindividual variation in response to methadone therapy. In particular, CYP2B6 polymorphisms have been shown to impact individual response to methadone as it is the predominant determinant involved in the N-demethylation of methadone, clearance, and the metabolic ratios of [methadone]/[EDDP].<ref><ref>10</ref></ref> The SNPs CYP2B6*6, *9, *11, CYP2C19*2, *3, CYP3A4*1B, and CYP3A5*3 result in increased methadone plasma concentrations, decreased N-demethylation, and decreased methadone clearance, while homozygous carriers of CYP2B6*6/*6 demonstrate diminished metabolism and clearance of methadone.<ref><ref>10</ref></ref> See the pharmacogenomics section for further information.
Pharmacogenomic effects on the CYP enzymes can be significant as the long half-life of methadone can result in some individuals having higher than normal therapeutic levels which puts them at risk of dose-related side effects. For example, elevated (R)-methadone levels can increase the risk of respiratory depression, while elevated (S)-methadone levels can increase the risk of severe cardiac arrhythmias due to prolonged QTc interval.<ref><ref>10</ref></ref>
Hover over products below to view reaction partners
Methadone
2-Ethylidene-1,5-dimethyl-3,3-diphenylpyrrolidine + [S-(E)]-2-Ethylidene-1,5-dimethyl-3,3-diphenyl-pyrrolidine
2-Ethyl-5-methyl-3,3-diphenyl-1-pyrroline (EMDP)","The elimination of methadone is mediated by extensive biotransformation, followed by renal and fecal excretion. Unmetabolized methadone and its metabolites are excreted in urine to a variable degree.","Due to interindividual differences in pharmacokinetics, estimates of methadone's half-life have ranged from 15–207 hours<ref>8</ref> with official monographs listing it between 7-59 hours.<ref>22</ref>,<ref>23</ref>,<ref>24</ref>","Due to interindividual differences in pharmacokinetics, estimates of methadone's clearance have ranged from 5.9–13 L/h hours<ref>8</ref> with approved monographs listing it between 1.4 to 126 L/h.<ref>22</ref>,<ref>23</ref>,<ref>24</ref>","In severe overdosage, particularly by the intravenous route, apnea, circulatory collapse, cardiac arrest, and death may occur.","reference-A496: Kell MJ: Utilization of plasma and urine methadone concentrations to optimize treatment in maintenance clinics: I. Measurement techniques for a clinical setting. J Addict Dis. 1994;13(1):5-26. | https://go.drugbank.com/articles/A496 || reference-A497: Eap CB, Buclin T, Baumann P: Interindividual variability of the clinical pharmacokinetics of methadone: implications for the treatment of opioid dependence. Clin Pharmacokinet. 2002;41(14):1153-93. doi: 10.2165/00003088-200241140-00003. | https://go.drugbank.com/articles/A497 || reference-A498: Joseph H, Stancliff S, Langrod J: Methadone maintenance treatment (MMT): a review of historical and clinical issues. Mt Sinai J Med. 2000 Oct-Nov;67(5-6):347-64. | https://go.drugbank.com/articles/A498 || reference-A499: Connock M, Juarez-Garcia A, Jowett S, Frew E, Liu Z, Taylor RJ, Fry-Smith A, Day E, Lintzeris N, Roberts T, Burls A, Taylor RS: Methadone and buprenorphine for the management of opioid dependence: a systematic review and economic evaluation. Health Technol Assess. 2007 Mar;11(9):1-171, iii-iv. | https://go.drugbank.com/articles/A499 || reference-A500: Donny EC, Brasser SM, Bigelow GE, Stitzer ML, Walsh SL: Methadone doses of 100 mg or greater are more effective than lower doses at suppressing heroin self-administration in opioid-dependent volunteers. Addiction. 2005 Oct;100(10):1496-509. | https://go.drugbank.com/articles/A500 || reference-A183917: Haroutiunian S, McNicol ED, Lipman AG: Methadone for chronic non-cancer pain in adults. Cochrane Database Syst Rev. 2012 Nov 14;11:CD008025. doi: 10.1002/14651858.CD008025.pub2. | https://go.drugbank.com/articles/A183917 || reference-A5344: Codd EE, Shank RP, Schupsky JJ, Raffa RB: Serotonin and norepinephrine uptake inhibiting activity of centrally acting analgesics: structural determinants and role in antinociception. J Pharmacol Exp Ther. 1995 Sep;274(3):1263-70. | https://go.drugbank.com/articles/A5344 || reference-A183995: Bart G, Lenz S, Straka RJ, Brundage RC: Ethnic and genetic factors in methadone pharmacokinetics: a population pharmacokinetic study. Drug Alcohol Depend. 2014 Dec 1;145:185-93. doi: 10.1016/j.drugalcdep.2014.10.014. Epub 2014 Oct 24. | https://go.drugbank.com/articles/A183995 || reference-A184061: Wang SC, Ho IK, Tsou HH, Tian JN, Hsiao CF, Chen CH, Tan HK, Lin L, Wu CS, Su LW, Huang CL, Yang YH, Liu ML, Lin KM, Chen CY, Liu SC, Wu HY, Chan HW, Tsai MH, Lin PS, Liu YL: CYP2B6 polymorphisms influence the plasma concentration and clearance of the methadone S-enantiomer. J Clin Psychopharmacol. 2011 Aug;31(4):463-9. doi: 10.1097/JCP.0b013e318222b5dd. | https://go.drugbank.com/articles/A184061 || reference-A184610: Ahmad T, Valentovic MA, Rankin GO: Effects of cytochrome P450 single nucleotide polymorphisms on methadone metabolism and pharmacodynamics. Biochem Pharmacol. 2018 Jul;153:196-204. doi: 10.1016/j.bcp.2018.02.020. Epub 2018 Feb 16. | https://go.drugbank.com/articles/A184610 || reference-A185234: Volpe DA, Xu Y, Sahajwalla CG, Younis IR, Patel V: Methadone Metabolism and Drug-Drug Interactions: In Vitro and In Vivo Literature Review. J Pharm Sci. 2018 Dec;107(12):2983-2991. doi: 10.1016/j.xphs.2018.08.025. Epub 2018 Sep 8. | https://go.drugbank.com/articles/A185234 || reference-A185876: Deng M, Chen SR, Pan HL: Presynaptic NMDA receptors control nociceptive transmission at the spinal cord level in neuropathic pain. Cell Mol Life Sci. 2019 May;76(10):1889-1899. doi: 10.1007/s00018-019-03047-y. Epub 2019 Feb 20. | https://go.drugbank.com/articles/A185876 || reference-A185882: Ferri M, Minozzi S, Bo A, Amato L: Slow-release oral morphine as maintenance therapy for opioid dependence. Cochrane Database Syst Rev. 2013 Jun 5;(6):CD009879. doi: 10.1002/14651858.CD009879.pub2. | https://go.drugbank.com/articles/A185882 || reference-A185885: Toombs JD, Kral LA: Methadone treatment for pain states. Am Fam Physician. 2005 Apr 1;71(7):1353-8. | https://go.drugbank.com/articles/A185885 || reference-A185888: Kahan M, Wilson L, Mailis-Gagnon A, Srivastava A: Canadian guideline for safe and effective use of opioids for chronic noncancer pain: clinical summary for family physicians. Part 2: special populations. Can Fam Physician. 2011 Nov;57(11):1269-76, e419-28. | https://go.drugbank.com/articles/A185888 || reference-A185891: Crews JC, Sweeney NJ, Denson DD: Clinical efficacy of methadone in patients refractory to other mu-opioid receptor agonist analgesics for management of terminal cancer pain. Case presentations and discussion of incomplete cross-tolerance among opioid agonist analgesics. Cancer. 1993 Oct 1;72(7):2266-72. doi: 10.1002/1097-0142(19931001)72:7<2266::aid-cncr2820720734>3.0.co;2-p. | https://go.drugbank.com/articles/A185891 || reference-A185894: Hewitt DJ: The use of NMDA-receptor antagonists in the treatment of chronic pain. Clin J Pain. 2000 Jun;16(2 Suppl):S73-9. | https://go.drugbank.com/articles/A185894 || reference-A185897: Bruera E, Neumann CM: Role of methadone in the management of pain in cancer patients. Oncology (Williston Park). 1999 Sep;13(9):1275-82; discussion 1285-8, 1291. | https://go.drugbank.com/articles/A185897 || reference-A185900: Mercadante S: Pathophysiology and treatment of opioid-related myoclonus in cancer patients. Pain. 1998 Jan;74(1):5-9. | https://go.drugbank.com/articles/A185900 || reference-A185903: Sarhill N, Davis MP, Walsh D, Nouneh C: Methadone-induced myoclonus in advanced cancer. Am J Hosp Palliat Care. 2001 Jan-Feb;18(1):51-3. doi: 10.1177/104990910101800113. | https://go.drugbank.com/articles/A185903 || reference-L49592: FDA Approved Drug Products: DISKETS (methadone hydrochloride) tablets, for oral suspension CII | https://www.accessdata.fda.gov/drugsatfda_docs/label/2023/017058s028lbl.pdf || reference-F4685: FDA Label - Methadone | https://s3-us-west-2.amazonaws.com/drugbank/cite_this/attachments/files/000/004/685/original/FDA_Label_-_methadone.pdf?1566927671 || reference-F4688: Health Canada Label - Metadol | https://s3-us-west-2.amazonaws.com/drugbank/cite_this/attachments/files/000/004/688/original/Health_Canada_Label_-_Metadol.PDF?1566927686 || reference-F4691: Health Canada Label - Methadose | https://s3-us-west-2.amazonaws.com/drugbank/cite_this/attachments/files/000/004/691/original/Health_Canada_-_Methadose.PDF?1566927906"
cocaine,DB00907,Cocaine is an ester local anesthetic used during diagnostic procedures and surgeries in or through the nasal cavities.,"For the introduction of local (topical) anesthesia of accessible mucous membranes of the oral, laryngeal and nasal cavities.","Cocaine produces anesthesia by inhibiting excitation of nerve endings or by blocking conduction in peripheral nerves. This is achieved by reversibly binding to and inactivating sodium channels. Sodium influx through these channels is necessary for the depolarization of nerve cell membranes and subsequent propagation of impulses along the course of the nerve. Cocaine is the only local anesthetic with vasoconstrictive properties. This is a result of its blockade of norepinephrine reuptake in the autonomic nervous system. Cocaine binds differentially to the dopamine, serotonin, and norepinephrine transport proteins and directly prevents the re-uptake of dopamine, serotonin, and norepinephrine into pre-synaptic neurons. Its effect on dopamine levels is most responsible for the addictive property of cocaine.","Cocaine is a local anesthetic indicated for the introduction of local (topical) anesthesia of accessible mucous membranes of the oral, laryngeal and nasal cavities.","Cocaine is absorbed from all sites of application, including mucous membranes and gastrointestinal mucosa. By oral or intra-nasal route, 60 to 80% of cocaine is absorbed.",Not Available,Not Available,"Hepatic. Cocaine is metabolized to benzoylecgonine and ecgonine methyl ester, which are both excreted in the urine. In the presence of alcohol, a further active metabolite, cocaethylene is formed, and is more toxic then cocaine itself.
Hover over products below to view reaction partners
Cocaine
norcocaine
Benzoylecgonine
Cocaethylene",Not Available,1 hour,Not Available,"Intense agitation, convulsions, hypertension, rhythm disturbance, coronary insufficiency, hyperthermia, rhabdomyolysis, and renal impairment. Oral mouse LD50 = 96 mg/kg","reference-A1371: Siegel RK, Elsohly MA, Plowman T, Rury PM, Jones RT: Cocaine in herbal tea. JAMA. 1986 Jan 3;255(1):40. | https://go.drugbank.com/articles/A1371 || reference-A1372: Volkow ND, Wang GJ, Fischman MW, Foltin R, Fowler JS, Franceschi D, Franceschi M, Logan J, Gatley SJ, Wong C, Ding YS, Hitzemann R, Pappas N: Effects of route of administration on cocaine induced dopamine transporter blockade in the human brain. Life Sci. 2000 Aug 11;67(12):1507-15. | https://go.drugbank.com/articles/A1372 || reference-A1373: Dimitrijevic N, Dzitoyeva S, Manev H: An automated assay of the behavioral effects of cocaine injections in adult Drosophila. J Neurosci Methods. 2004 Aug 30;137(2):181-4. | https://go.drugbank.com/articles/A1373 || reference-A1374: Uz T, Akhisaroglu M, Ahmed R, Manev H: The pineal gland is critical for circadian Period1 expression in the striatum and for circadian cocaine sensitization in mice. Neuropsychopharmacology. 2003 Dec;28(12):2117-23. | https://go.drugbank.com/articles/A1374 || reference-A1375: McClung CA, Sidiropoulou K, Vitaterna M, Takahashi JS, White FJ, Cooper DC, Nestler EJ: Regulation of dopaminergic transmission and cocaine reward by the Clock gene. Proc Natl Acad Sci U S A. 2005 Jun 28;102(26):9377-81. Epub 2005 Jun 20. | https://go.drugbank.com/articles/A1375 || reference-L12342: FDA Approved Products: Numbrino (cocaine hydrochloride) nasal solution | https://www.accessdata.fda.gov/drugsatfda_docs/label/2020/209575s000lbl.pdf || reference-L12345: FDA Approved Products: Goprelto (cocaine hydrochloride) nasal solution | https://www.accessdata.fda.gov/drugsatfda_docs/label/2017/209963lbl.pdf || reference-L12351: DailyMed: Cocaine hydrochloride solution | https://dailymed.nlm.nih.gov/dailymed/fda/fdaDrugXsl.cfm?setid=24faa247-fe12-4574-881d-445b078b3e87&type=display"
buprenorphine,DB00921,Buprenorphine is a partial opioid agonist used for management of severe pain that is not responsive to alternative treatments. Also used for maintenance treatment of opioid addiction.,"Buprenorphine is available in different formulations, such as sublingual tablets, buccal films, transdermal films, and injections, alone or in combination with naloxone. The buccal film, intramuscular or intravenous injection, and transdermal formulation are indicated for the management of pain severe enough to require an opioid analgesic and for which alternate treatments are inadequate.<ref>21</ref>,<ref>23</ref>,<ref>24</ref> The extended-release subcutaneous injections of buprenorphine are indicated for the treatment of moderate to severe opioid use disorder in patients who have initiated treatment with a single dose of a transmucosal buprenorphine product or who are already being treated with buprenorphine. Injections are part of a complete treatment plan that includes counselling and psychosocial support.<ref>20</ref> Sublingual tablets and buccal films, in combination with naloxone, are indicated for the maintenance treatment of opioid dependence as part of a complete treatment plan that includes counselling and psychosocial support.<ref>19</ref>,<ref>22</ref>","Buprenorphine is a partial agonist at the mu-opioid receptor and an antagonist at the kappa-opioid receptor. It demonstrates a high affinity for the mu-opioid receptor but has lower intrinsic activity compared to other full mu-opioid agonists such as heroin, oxycodone, or methadone.<ref>15</ref> This means that buprenorphine preferentially binds the opioid receptor and displaces lower affinity opioids without activating the receptor to a comparable degree. Clinically, this results in a slow onset of action and a clinical phenomenon known as the ""ceiling effect"" where once a certain dose is reached buprenorphine's effects plateau. This effect can be beneficial, however, as dose-related side effects such as respiratory depression, sedation, and intoxication also plateau at around 32mg, resulting in a lower risk of overdose compared to methadone and other full agonist opioids.<ref>4</ref>,<ref>5</ref> It also means that opioid-dependent patients do not experience sedation or euphoria at the same rate that they might experience with more potent opioids, improving quality of life for patients with severe pain and reducing the reinforcing effects of opioids which can lead to drug-seeking behaviours.<ref>11</ref>
Buprenorphine's high affinity, but low intrinsic activity for the mu-opioid receptor also means that if it is started in opioid-dependent individuals, it will displace the other opioids without creating an equal opioid effect and cause a phenomenon known as ""precipitated withdrawal"" which is characterized by a rapid and intense onset of withdrawal symptoms (i.e. anxiety, restlessness, gastrointestinal distress, diaphoresis, intense drug cravings, and tachycardia). Individuals must therefore be in a state of mild to moderate withdrawal before starting therapy with buprenorphine.
Buprenorphine is commercially available as the brand name product Suboxone which is formulated in a 4:1 fixed-dose combination product along with naloxone, a non-selective competitive opioid receptor antagonist. Combination of an opioid agonist with an opioid antagonist may seem counterintuitive, however this combination with naloxone is intended to reduce the abuse potential of Suboxone, as naloxone is poorly absorbed by the oral route (and has no effect when taken orally), but would reverse the opioid agonist effects of buprenorphine if injected intravenously.<ref>14</ref>,<ref>22</ref>","Buprenorphine interacts predominately with the opioid mu-receptor. These mu-binding sites are discretely distributed in the human brain, spinal cord, and other tissues. In clinical settings, buprenorphine exerts its principal pharmacologic effects on the central nervous system. Its primary actions of therapeutic value are analgesia and sedation. In addition to analgesia, alterations in mood, euphoria and dysphoria, and drowsiness commonly occur. Buprenorphine depresses the respiratory centers, depresses the cough reflex, and constricts the pupils.
Dependence
Buprenorphine is a partial agonist at the mu-opioid receptor and chronic administration produces physical dependence of the opioid type, characterized by withdrawal signs and symptoms upon abrupt discontinuation or rapid taper. The withdrawal syndrome is typically milder than seen with full agonists and may be delayed in onset. Buprenorphine can be abused in a manner similar to other opioids. This should be considered when prescribing or dispensing buprenorphine in situations when the clinician is concerned about an increased risk of misuse, abuse, or diversion.[F4718]
Withdrawal
Abrupt discontinuation of treatment is not recommended as it may result in an opioid withdrawal syndrome that may be delayed in onset. Signs and symptoms may include body aches, diarrhea, gooseflesh, loss of appetite, nausea, nervousness or restlessness, anxiety, runny nose, sneezing, tremors or shivering, stomach cramps, tachycardia, trouble with sleeping, unusual increase in sweating, palpitations, unexplained fever, weakness and yawning.[F4718]
Risk of Respiratory and Central Nervous System (CNS) Depression and Overdose
Buprenorphine has been associated with life-threatening respiratory depression and death. Many, but not all, post-marketing reports regarding coma and death involved misuse by self-injection or were associated with the concomitant use of buprenorphine and benzodiazepines or other CNS depressant, including alcohol. Use buprenorphine and naloxone sublingual tablets with caution in patients with compromised respiratory function (e.g., chronic obstructive pulmonary disease, cor pulmonale, decreased respiratory reserve, hypoxia, hypercapnia, or pre-existing respiratory depression).<ref><ref><ref><ref><ref><ref><ref>22</ref></ref></ref></ref></ref></ref></ref>
Risk of Overdose in Opioid Naïve Patients
There have been reported deaths of opioid-naïve individuals who received a 2 mg dose of buprenorphine as a sublingual tablet for analgesia. Buprenorphine and naloxone sublingual tablets are not appropriate as an analgesic in opioid-naïve patients.<ref><ref><ref><ref><ref><ref><ref>22</ref></ref></ref></ref></ref></ref></ref>
Precipitation of Opioid Withdrawal Signs and Symptoms
If buprenorphine is started in opioid-dependent individuals, it will displace the other opioids and cause a phenomenon known as ""precipitated withdrawal"" which is characterized by a rapid and intense onset of withdrawal symptoms. Individuals must therefore be in a state of mild to moderate withdrawal before starting therapy with buprenorphine.
Because it contains naloxone, buprenorphine and naloxone sublingual tablets are also highly likely to produce marked and intense withdrawal signs and symptoms if misused parenterally by individuals dependent on full opioid agonists such as heroin, morphine, or methadone.<ref><ref><ref><ref><ref><ref><ref>22</ref></ref></ref></ref></ref></ref></ref>
Gastrointestinal Effects
Buprenorphine and other morphine-like opioids have been shown to decrease bowel motility and cause constipation. Buprenorphine may obscure the diagnosis or clinical course of patients with acute abdominal conditions and should be administered with caution to patients with dysfunction of the biliary tract.<ref><ref><ref><ref><ref><ref><ref>22</ref></ref></ref></ref></ref></ref></ref>
Effects on the Endocrine System
Opioids inhibit the secretion of adrenocorticotropic hormone (ACTH), cortisol, and luteinizing hormone (LH) in humans. They also stimulate prolactin, growth hormone (GH) secretion, and pancreatic secretion of insulin and glucagon. Chronic use of opioids may influence the hypothalamic-pituitary-gonadal axis, leading to androgen deficiency that may manifest as low libido, impotence, erectile dysfunction, amenorrhea, or infertility. The causal role of opioids in the clinical syndrome of hypogonadism is unknown because the various medical, physical, lifestyle, and psychological stressors that may influence gonadal hormone levels have not been adequately controlled for in studies conducted to date. Patients presenting with symptoms of androgen deficiency should undergo laboratory evaluation.<ref><ref><ref><ref><ref><ref><ref>22</ref></ref></ref></ref></ref></ref></ref>
Adrenal Insufficiency
Cases of adrenal insufficiency have been reported with opioid use, more often following greater than one month of use. Presentation of adrenal insufficiency may include non-specific symptoms and signs including nausea, vomiting, anorexia, fatigue, weakness, dizziness, and low blood pressure. If adrenal insufficiency is suspected, confirm the diagnosis with diagnostic testing as soon as possible. If adrenal insufficiency is diagnosed, treat with physiologic replacement doses of corticosteroids. Wean the patient off of the opioid to allow adrenal function to recover and continue corticosteroid treatment until adrenal function recovers. Other opioids may be tried as some cases reported use of a different opioid without recurrence of adrenal insufficiency. The information available does not identify any particular opioids as being more likely to be associated with adrenal insufficiency.<ref><ref><ref><ref><ref><ref><ref>22</ref></ref></ref></ref></ref></ref></ref>
Use in Patients With Impaired Hepatic Function
Buprenorphine/naloxone products are not recommended in patients with severe hepatic impairment and may not be appropriate for patients with moderate hepatic impairment. The doses of buprenorphine and naloxone in this fixed-dose combination product cannot be individually titrated, and hepatic impairment results in a reduced clearance of naloxone to a much greater extent than buprenorphine. Therefore, patients with severe hepatic impairment will be exposed to substantially higher levels of naloxone than patients with normal hepatic function. This may result in an increased risk of precipitated withdrawal at the beginning of treatment (induction) and may interfere with buprenorphine’s efficacy throughout treatment. In patients with moderate hepatic impairment, the differential reduction of naloxone clearance compared to buprenorphine clearance is not as great as in subjects with severe hepatic impairment. However, buprenorphine/naloxone products are not recommended for initiation of (treatment induction) in patients with moderate hepatic impairment due to the increased risk of precipitated withdrawal. Buprenorphine/naloxone products may be used with caution for maintenance treatment in patients with moderate hepatic impairment who have initiated treatment on a buprenorphine product without naloxone. However, patients should be carefully monitored and consideration given to the possibility of naloxone interfering with buprenorphine’s efficacy.<ref><ref><ref><ref><ref><ref><ref>22</ref></ref></ref></ref></ref></ref></ref>
Risk of Hepatitis, Hepatic Events
Cases of cytolytic hepatitis and hepatitis with jaundice have been observed in individuals receiving buprenorphine in clinical trials and through post-marketing adverse event reports. The spectrum of abnormalities ranges from transient asymptomatic elevations in hepatic transaminases to case reports of death, hepatic failure, hepatic necrosis, hepatorenal syndrome, and hepatic encephalopathy. In many cases, the presence of pre-existing liver enzyme abnormalities, infection with hepatitis B or hepatitis C virus, concomitant usage of other potentially hepatotoxic drugs, and ongoing injecting drug use may have played a causative or contributory role. In other cases, insufficient data were available to determine the etiology of the abnormality. Withdrawal of buprenorphine has resulted in amelioration of acute hepatitis in some cases; however, in other cases no dose reduction was necessary. The possibility exists that buprenorphine had a causative or contributory role in the development of the hepatic abnormality in some cases. Liver function tests, prior to initiation of treatment is recommended to establish a baseline. Periodic monitoring of liver function during treatment is also recommended. A biological and etiological evaluation is recommended when a hepatic event is suspected. Depending on the case, buprenorphine and naloxone sublingual tablets may need to be carefully discontinued to prevent withdrawal signs and symptoms and a return by the patient to illicit drug use, and strict monitoring of the patient should be initiated.<ref><ref><ref><ref><ref><ref><ref>22</ref></ref></ref></ref></ref></ref></ref>
Orthostatic Hypotension
Like other opioids, buprenorphine and naloxone sublingual tablets may produce orthostatic hypotension in ambulatory patients.
Elevation of Cerebrospinal Fluid Pressure
Buprenorphine, like other opioids, may elevate cerebrospinal fluid pressure and should be used with caution in patients with head injury, intracranial lesions, and other circumstances when cerebrospinal pressure may be increased. Buprenorphine can produce miosis and changes in the level of consciousness that may interfere with patient evaluation.
Elevation of Intracholedochal Pressure
Buprenorphine has been shown to increase intracholedochal pressure, as do other opioids, and thus should be administered with caution to patients with dysfunction of the biliary tract.","Bioavailablity of buprenorphine/naloxone is very high following intravenous or subcutaneous administration, lower by the sublingual or buccal route, and very low when administered by the oral route. It is therefore provided as a sublingual tablet that is absorbed from the oral mucosa directly into systemic circulation.<ref>18</ref>
Clinical pharmacokinetic studies found that there was wide inter-patient variability in the sublingual absorption of buprenorphine and naloxone, but within subjects the variability was low. Both Cmax and AUC of buprenorphine increased in a linear fashion with the increase in dose (in the range of 4 to 16 mg), although the increase was not directly dose-proportional. Buprenorphine combination with naloxone (2mg/0.5mg) provided in sublingual tablets demonstrated a Cmax of 0.780 ng/mL with a Tmax of 1.50 hr and AUC of 7.651 ng.hr/mL.<ref>22</ref>
Coadministration with naloxone does not effect the pharmacokinetics of buprenorphine.","Buprenorphine is highly lipophilic, and therefore extensively distributed, with rapid penetration through the blood-brain barrier. The estimated volume of distribution is 188 - 335 L when given intravenously. It is able to cross into the placenta and breast milk.","Buprenorphine is approximately 96% protein-bound, primarily to alpha- and beta-globulin.<ref>22</ref>","Buprenorphine is metabolized to norbuprenorphine via Cytochrome P450 3A4/3A5-mediated N-dealkylation. Buprenorphine and norbuprenorphine both also undergo glucuronidation to the inactive metabolites buprenorphine-3-glucuronide and norbuprenorphine-3-glucuronide, respectively.<ref>18</ref>,<ref>22</ref>
While norbuprenorphine has been found to bind to opioid receptors in-vitro, brain concentrations are very low which suggests that it does not contribute to the clinical effects of buprenorphine.<ref>18</ref>
Naloxone undergoes direct glucuronidation to naloxone-3-glucuronide as well as N-dealkylation, and reduction of the 6-oxo group.<ref>22</ref>
Hover over products below to view reaction partners
Buprenorphine
Norbuprenorphine
Hydroxynorbuprenorphine
Hydroxybuprenorphine
Hydroxynorbuprenorphine
Buprenorphine glucuronide","Buprenorphine, like morphine and other phenolic opioid analgesics, is metabolized by the liver and its clearance is related to hepatic blood flow. It is primarily eliminated via feces (as free forms of buprenorphine and norbuprenorphine) while 10 - 30% of the dose is excreted in urine (as conjugated forms of buprenorphine and norbuprenorphine).<ref>22</ref>
The overall mean elimination half-life of buprenorphine in plasma ranges from 31 to 42 hours, although the levels are very low 10 hours after dosing (majority of AUC of buprenorphine is captured within 10 hours), indicating that the effective half-life may be shorter.<ref>22</ref>","Buprenorphine demonstrates slow dissociation kinetics (~166 min), which contributes to its long duration of action and allows for once-daily or even every-second-day dosing.<ref>18</ref> In clinical trial studies, the half-life of sublingually administered buprenorphine/naloxone 2mg/0.5mg was found to be 30.75 hours.<ref>22</ref>","Clearance may be higher in children than in adults. Plasma clearance rate, IV administration, anaesthetized patients = 901.2 ± 39.7 mL/min; Plasma clearance rate, IV administration, healthy subjects = 1042 - 1280 mL/min.","Manifestations of acute overdose include pinpoint pupils, sedation, hypotension, respiratory depression and death.","reference-A1395: Huang P, Kehner GB, Cowan A, Liu-Chen LY: Comparison of pharmacological activities of buprenorphine and norbuprenorphine: norbuprenorphine is a potent opioid agonist. J Pharmacol Exp Ther. 2001 May;297(2):688-95. | https://go.drugbank.com/articles/A1395 || reference-A1396: Bodkin JA, Zornberg GL, Lukas SE, Cole JO: Buprenorphine treatment of refractory depression. J Clin Psychopharmacol. 1995 Feb;15(1):49-57. | https://go.drugbank.com/articles/A1396 || reference-A1397: Elkader A, Sproule B: Buprenorphine: clinical pharmacokinetics in the treatment of opioid dependence. Clin Pharmacokinet. 2005;44(7):661-80. | https://go.drugbank.com/articles/A1397 || reference-A186215: Dahan A, Yassen A, Bijl H, Romberg R, Sarton E, Teppema L, Olofsen E, Danhof M: Comparison of the respiratory effects of intravenous buprenorphine and fentanyl in humans and rats. Br J Anaesth. 2005 Jun;94(6):825-34. doi: 10.1093/bja/aei145. Epub 2005 Apr 15. | https://go.drugbank.com/articles/A186215 || reference-A186218: Walsh SL, Preston KL, Stitzer ML, Cone EJ, Bigelow GE: Clinical pharmacology of buprenorphine: ceiling effects at high doses. Clin Pharmacol Ther. 1994 May;55(5):569-80. doi: 10.1038/clpt.1994.71. | https://go.drugbank.com/articles/A186218 || reference-A186263: Bruneau J, Ahamad K, Goyer ME, Poulin G, Selby P, Fischer B, Wild TC, Wood E: Management of opioid use disorders: a national clinical practice guideline. CMAJ. 2018 Mar 5;190(9):E247-E257. doi: 10.1503/cmaj.170958. | https://go.drugbank.com/articles/A186263 || reference-A186266: Luty J, O'Gara C, Sessay M: Is methadone too dangerous for opiate addiction? BMJ. 2005 Dec 10;331(7529):1352-3. doi: 10.1136/bmj.331.7529.1352. | https://go.drugbank.com/articles/A186266 || reference-A186269: Marteau D, McDonald R, Patel K: The relative risk of fatal poisoning by methadone or buprenorphine within the wider population of England and Wales. BMJ Open. 2015 May 29;5(5):e007629. doi: 10.1136/bmjopen-2015-007629. | https://go.drugbank.com/articles/A186269 || reference-A186271: Wedam EF, Bigelow GE, Johnson RE, Nuzzo PA, Haigney MC: QT-interval effects of methadone, levomethadyl, and buprenorphine in a randomized trial. Arch Intern Med. 2007 Dec 10;167(22):2469-75. doi: 10.1001/archinte.167.22.2469. | https://go.drugbank.com/articles/A186271 || reference-A186274: Anchersen K, Clausen T, Gossop M, Hansteen V, Waal H: Prevalence and clinical relevance of corrected QT interval prolongation during methadone and buprenorphine treatment: a mortality assessment study. Addiction. 2009 Jun;104(6):993-9. doi: 10.1111/j.1360-0443.2009.02549.x. Epub 2009 Apr 9. | https://go.drugbank.com/articles/A186274 || reference-A186280: Tzschentke TM: Behavioral pharmacology of buprenorphine, with a focus on preclinical models of reward and addiction. Psychopharmacology (Berl). 2002 Apr;161(1):1-16. doi: 10.1007/s00213-002-1003-8. Epub 2002 Mar 6. | https://go.drugbank.com/articles/A186280 || reference-A186283: Lutfy K, Eitan S, Bryant CD, Yang YC, Saliminejad N, Walwyn W, Kieffer BL, Takeshima H, Carroll FI, Maidment NT, Evans CJ: Buprenorphine-induced antinociception is mediated by mu-opioid receptors and compromised by concomitant activation of opioid receptor-like receptors. J Neurosci. 2003 Nov 12;23(32):10331-7. | https://go.drugbank.com/articles/A186283 || reference-A186286: Johnson RE, Strain EC, Amass L: Buprenorphine: how to use it right. Drug Alcohol Depend. 2003 May 21;70(2 Suppl):S59-77. doi: 10.1016/s0376-8716(03)00060-7. | https://go.drugbank.com/articles/A186286 || reference-A186289: Orman JS, Keating GM: Buprenorphine/naloxone: a review of its use in the treatment of opioid dependence. Drugs. 2009;69(5):577-607. doi: 10.2165/00003495-200969050-00006. | https://go.drugbank.com/articles/A186289 || reference-A186292: Lutfy K, Cowan A: Buprenorphine: a unique drug with complex pharmacology. Curr Neuropharmacol. 2004 Oct;2(4):395-402. doi: 10.2174/1570159043359477. | https://go.drugbank.com/articles/A186292 || reference-A186295: Toce MS, Chai PR, Burns MM, Boyer EW: Pharmacologic Treatment of Opioid Use Disorder: a Review of Pharmacotherapy, Adjuncts, and Toxicity. J Med Toxicol. 2018 Dec;14(4):306-322. doi: 10.1007/s13181-018-0685-1. Epub 2018 Oct 30. | https://go.drugbank.com/articles/A186295 || reference-A186298: Yee A, Loh HS, Hisham Hashim HM, Ng CG: Clinical factors associated with sexual dysfunction among men in methadone maintenance treatment and buprenorphine maintenance treatment: a meta-analysis study. Int J Impot Res. 2014 Sep-Oct;26(5):161-6. doi: 10.1038/ijir.2014.18. Epub 2014 Jul 3. | https://go.drugbank.com/articles/A186298 || reference-A187430: Coe MA, Lofwall MR, Walsh SL: Buprenorphine Pharmacology Review: Update on Transmucosal and Long-acting Formulations. J Addict Med. 2019 Mar/Apr;13(2):93-103. doi: 10.1097/ADM.0000000000000457. | https://go.drugbank.com/articles/A187430 || reference-L42285: FDA Approved Drug Products: Bunavail (buprenorphine and naloxone) Sublingual, Buccal Film | https://www.accessdata.fda.gov/drugsatfda_docs/label/2022/205637s023s024lbl.pdf || reference-L46561: FDA Approved Drug Products: BRIXADI (buprenorphine) extended-release injection for subcutaneous use CIII (May 2023) | https://www.accessdata.fda.gov/drugsatfda_docs/label/2023/210136Orig1s000lbl.pdf || reference-L46566: FDA Approved Drug Products: BUPRENEX (buprenorphine hydrochloride) injection, for intravenous or intramuscular administration, CIII (June 2022) | https://www.accessdata.fda.gov/drugsatfda_docs/label/2022/018401s026lbl.pdf || reference-L46571: FDA Approved Drug Products: SUBOXONE (buprenorphine and naloxone) sublingual tablets, CIII (June 2022) | https://www.accessdata.fda.gov/drugsatfda_docs/label/2022/020733s031s032lbl.pdf || reference-L46576: FDA Approved Drug Products: BELBUCA (buprenorphine buccal film), CIII (June 2022) | https://www.accessdata.fda.gov/drugsatfda_docs/label/2022/207932s019s020lbl.pdf || reference-L46581: FDA Approved Drug Products: BUTRANS (buprenorphine) transdermal system, CIII (June 2022) | https://www.accessdata.fda.gov/drugsatfda_docs/label/2022/021306s039lbl.pdf || reference-L49701: FDA Approved Drug Products: SUBLOCADE (buprenorphine extended‐release) injection, for subcutaneous use, CIII (December 2023) | https://www.accessdata.fda.gov/drugsatfda_docs/label/2023/209819s028lbl.pdf"
heroin,DB01452,"Diamorphine is an opioid analgesic agent used in the relief of severe pain associated with surgical procedures, myocardial infarction or pain in the terminally ill and for the relief of dyspnea in acute pulmonary edema.","Diamorphine, as a prescription medication in the United Kingdom, is indicated for use in the treatment of severe pain associated with surgical procedures, myocardial infarction or pain in the terminally ill and for the relief of dyspnoea in acute pulmonary edema <ref>6</ref>.","When administered orally, diamorphine experiences extensive first-pass metabolism by way of deacetylation to generate the active metabolites 6-monoacetylmorphine (6-MAM) and morphine <ref>5</ref>,<ref>6</ref>. Alternatively, when given as an injection the acetyl groups present in the diamorphine/diacetylmorphine compound confer the substance lipophilicity that facilitates diamorphine's rapid crossing of the blood-brain-barrier <ref>5</ref>,<ref>6</ref>. Once in the brain, diamorphine is metabolised via deacetylation to the active 6-MAM and morphine metabolites as well <ref>5</ref>,<ref>6</ref>. Despite diamorphine possessing little to no opioid agonist activity itself, its rapid transit across the blood-brain-barrier elicits a far faster onset of activity in comparison to the extensive first-pass metabolism of oral administration <ref>5</ref>,<ref>6</ref>. Regardless, the metabolism of diamorphine to morphine makes heroin a prodrug for the delivery of morphine <ref>5</ref>,<ref>6</ref>.
Morphine is subsequently a mu-opioid agonist. It acts on endogenous mu-opioid receptors that are spread in discrete packets throughout the brain, spinal cord and gut in almost all mammals <ref><ref><ref><ref>1</ref></ref></ref></ref>. Morphine, along with other opioids, are agonists to four endogenous neurotransmitters <ref><ref><ref><ref>1</ref></ref></ref></ref>. They are beta-endorphin, dynorphin, leu-enkephalin, and met-enkephalin <ref><ref><ref><ref>1</ref></ref></ref></ref>. The body responds to morphine in the brain by reducing (and sometimes stopping) production of the endogenous opioids when morphine is present <ref><ref><ref><ref>1</ref></ref></ref></ref>. Endorphins are regularly released in the brain and nerves, attenuating pain. Their other functions are still obscure, but are probably related to the effects produced by morphine besides analgesia (antitussin, anti-diarrheal) <ref><ref><ref><ref>1</ref></ref></ref></ref>.
Nevertheless, morphine ultimately elicits the majority of its analgesic activity by binding to mu opioid receptors in both the central and peripheral nervous systems <ref>7</ref>. The overall effect of morphine is activation of descending inhibitory pathways of the central nervous system as well as inhibition of nociceptive afferent neurons of the peripheral nervous system, which results in an overall reduction of the nociceptive pain transmission <ref>7</ref>.","The onset of heroin's effects is dependent on the method of administration. Taken orally, heroin is totally metabolized in vivo via extensive first-pass metabolism into morphine before crossing the blood-brain barrier; so the effects are the same as orally administered morphine <ref>5</ref>,<ref>6</ref>. Take by injection, diamorphine's acetyl groups facilitate rapid crossing into the brain <ref>5</ref>,<ref>6</ref>. Once in the brain, heroin is rapidly metabolized into morphine by removal of the acetyl groups, therefore making it a prodrug for the delivery of morphine <ref>5</ref>,<ref>6</ref>. Subsequently, whether eliciting actions peripherally (on smooth muscle, skeletal muscle, kidney, lung, liver, or spleen tissue <ref>5</ref>, for example) or on the central nervous system, it is ultimately the morphine metabolite of heroin that then binds with opioid receptors and produces the narcotic opioid effects commonly associated with the substance <ref>5</ref>,<ref>6</ref>.","Bioavailability is less than <ref>3</ref><ref>5</ref>% when orally administered <ref>2</ref>. In particular, some studies have determined that the bioavailability of orally administered diamorphine could be as low as <ref>2</ref><ref>2</ref>.9% (16.4-<ref>2</ref>9.4%) on average in opioid-naive subjects <ref>3</ref>.
Nevertheless, diamorphine administered by any many medically indicated routes of administration leads to a rapid absorption <ref>5</ref>. Peak serum levels are achieved five to ten minutes subcutaneously, three to five minutes intranasally and intramuscularly, and less than one minute intravenously <ref>5</ref>.","Data regarding the volume of distribution specific to diamorphine is not readily accessible or available. However, considering diamorphine is considered a prodrug for morphine, the volume of distribution of morphine has been determined to be approximately 1 to 6 L/kg <ref>8</ref>.","Diamorphine does not bind to plasma protein <ref>6</ref>. However, considering diamorphine is considered a prodrug for morphine, morphine itself is about 20 to 35% reversibly bound to human plasma proteins <ref>6</ref>,<ref>8</ref>.","Once administered into the body, diamorphine undergoes deacetylation via various esterase enzymes to generate active metabolites like 6-monoacetylmorphine and morphine <ref>5</ref>,<ref>6</ref>. In particular, when administered orally, diamorphine undergoes extensive first pass metabolism <ref>5</ref>,<ref>6</ref>.
Hover over products below to view reaction partners
Diamorphine
6-Monoacetylmorphine
morphine
morphine",The majority of the drug is excreted via the kidney as glucuronides and to a much lesser extent as morphine <ref>6</ref>. About 7-10 % is eliminated via the biliary system into the faeces <ref>6</ref>.,"In humans, administered diamorphine has a half-life of approximately two to three minutes <ref>6</ref>.","Some studies have determined a relatively high systemic diacetylmorphine clearance of about <ref>8</ref>.7 +/- 2.6 L/min, suggesting that the intestine, liver, and blood might all collectively take part in the first pass metabolism of diacetylmorphine to morphine <ref>3</ref>, although such clearance observations were made only in opioid-addicted individuals <ref>4</ref>.
However, considering diamorphine is considered a prodrug for morphine, the mean adult plasma clearance of morphine is approximately 20 to <ref>3</ref>0 mL/min/kg <ref>8</ref>.","Overdosage with diamorphine well characterised by a number of symptoms including respiratory depression, pulmonary oedema, muscle flaccidity, coma or stupor, constricted pupils, cold, clammy skin and occasionally bradycardia and hypotension <ref>5</ref>,<ref>6</ref>. The antidote for heroin overdose or poisoning is naloxone <ref>5</ref>.","reference-A2476: Tschacher W, Haemmig R, Jacobshagen N: Time series modeling of heroin and morphine drug action. Psychopharmacology (Berl). 2003 Jan;165(2):188-93. Epub 2002 Oct 29. | https://go.drugbank.com/articles/A2476 || reference-A173668: Rook EJ, van Ree JM, van den Brink W, Hillebrand MJ, Huitema AD, Hendriks VM, Beijnen JH: Pharmacokinetics and pharmacodynamics of high doses of pharmaceutically prepared heroin, by intravenous or by inhalation route in opioid-dependent patients. Basic Clin Pharmacol Toxicol. 2006 Jan;98(1):86-96. doi: 10.1111/j.1742-7843.2006.pto_233.x. | https://go.drugbank.com/articles/A173668 || reference-A173683: Halbsguth U, Rentsch KM, Eich-Hochli D, Diterich I, Fattinger K: Oral diacetylmorphine (heroin) yields greater morphine bioavailability than oral morphine: bioavailability related to dosage and prior opioid exposure. Br J Clin Pharmacol. 2008 Dec;66(6):781-91. doi: 10.1111/j.1365-2125.2008.03286.x. | https://go.drugbank.com/articles/A173683 || reference-A173695: Rentsch KM, Kullak-Ublick GA, Reichel C, Meier PJ, Fattinger K: Arterial and venous pharmacokinetics of intravenous heroin in subjects who are addicted to narcotics. Clin Pharmacol Ther. 2001 Sep;70(3):237-46. doi: 10.1067/mcp.2001.117981. | https://go.drugbank.com/articles/A173695 || reference-L4996: Huecker MR, Marraffa J. Heroin. [Updated 2018 Oct 27]. In: StatPearls [Internet]. Treasure Island (FL): StatPearls Publishing; 2018 Jan. | https://www.ncbi.nlm.nih.gov/books/NBK441876/ || reference-L4999: Electronic Medicines Compendium: Diamorphine Hydrochloride BP 100 mg Lyophilisate for Solution for Injection Monograph | https://www.medicines.org.uk/emc/product/2040/smpc || reference-L5005: Murphy PB, Barrett MJ. Morphine. [Updated 2018 Oct 27]. In: StatPearls [Internet]. Treasure Island (FL): StatPearls Publishing; 2018 Jan | https://www.ncbi.nlm.nih.gov/books/NBK526115/ || reference-F2857: Morphine Sulfate FDA Label | https://s3-us-west-2.amazonaws.com/drugbank/cite_this/attachments/files/000/002/857/original/022207s004lbl.pdf?1547230559"
nicotine,DB00184,Nicotine is a stimulatory alkaloid found in tobacco products that is often used for the relief of nicotine withdrawal symptoms and as an aid to smoking cessation.,For the relief of nicotine withdrawal symptoms and as an aid to smoking cessation.,"Nicotine is a stimulant drug that acts as an agonist at nicotinic acetylcholine receptors. These are ionotropic receptors composed up of five homomeric or heteromeric subunits. In the brain, nicotine binds to nicotinic acetylcholine receptors on dopaminergic neurons in the cortico-limbic pathways. This causes the channel to open and allow conductance of multiple cations including sodium, calcium, and potassium. This leads to depolarization, which activates voltage-gated calcium channels and allows more calcium to enter the axon terminal. Calcium stimulates vesicle trafficking towards the plasma membrane and the release of dopamine into the synapse. Dopamine binding to its receptors is responsible the euphoric and addictive properties of nicotine. Nicotine also binds to nicotinic acetylcholine receptors on the chromaffin cells in the adrenal medulla. Binding opens the ion channel allowing influx of sodium, causing depolarization of the cell, which activates voltage-gated calcium channels. Calcium triggers the release of epinephrine from intracellular vesicles into the bloodstream, which causes vasoconstriction, increased blood pressure, increased heart rate, and increased blood sugar.","Nicotine, the primary alkaloid in tobacco products binds stereo-selectively to nicotinic-cholinergic receptors on autonomic ganglia, the adrenal medulla, neuromuscular junctions and in the brain. Nicotine exerts two effects, a stimulant effect exerted at the locus ceruleus and a reward effect in the limbic system. Itranvenous administration of nicotine causes release of acetylcholine, norepinephrine, dopamine, serotonine, vasopressin, beta-endorphin and ACTH. Nicotine is a highly addictive substance. Nicotine also induces peripheral vasoconstriction, tachycardia and elevated blood pressure. Nicotine inhalers and patches are used to treat smoking withdrawl syndrome. Nicotine is classified as a stimulant of autonomic ganglia.",Absorption of nicotine through the buccal mucosa is relatively slow and the high and rapid rise followed by the decline in nicotine arterial plasma concentrations seen with cigarette smoking are not achieved with the inhaler. About 10% of absorbed nicotine is excreted unchanged in urine.,2 to 3 L/kg,Less than 5%,"Primarily hepatic, cotinine is the primary metabolite.
Hover over products below to view reaction partners
Nicotine
N-Methylnicotinium
Nicotine imine
Cotinine
Cotinine
Cotinine glucuronide
Nicotine-1'-N-oxide
Nornicotine
3'-Hydroxycotinine
Cotinine N-oxide
Nornicotine
Nicotine glucuronide
Norcotinine
Nicotine-1'-N-oxide
4-(Methylnitrosamino)-1-(3-pyridyl)-1-butanone
4-(Methylnitrosamino)-1-(3-pyridyl)-1-butanol
(S)-Nicotine delta-1',5'-iminium ion
2'-Hydroxynicotine",About 10% of the nicotine absorbed is excreted unchanged in the urine.,"Cotinine has a half life of 15-20 hours, while nicotine has a half life of 1-3 hours",1.2 L/min [healthy adult smoker],"Symptoms of overdose include nausea, abdominal pain, vomiting, diarrhea, diaphoresis, flushing, dizziness, disturbed hearing and vision, confusion, weakness, palpitations, altered respiration and hypotension. LD50= 24 mg/kg (orally in mice).","reference-A261: Nolley EP, Kelley BM: Adolescent reward system perseveration due to nicotine: studies with methylphenidate. Neurotoxicol Teratol. 2007 Jan-Feb;29(1):47-56. Epub 2006 Oct 4. | https://go.drugbank.com/articles/A261 || reference-A262: de Leon J, Tracy J, McCann E, McGrory A, Diaz FJ: Schizophrenia and tobacco smoking: a replication study in another US psychiatric hospital. Schizophr Res. 2002 Jul 1;56(1-2):55-65. | https://go.drugbank.com/articles/A262 || reference-A263: de Leon J, Dadvand M, Canuso C, White AO, Stanilla JK, Simpson GM: Schizophrenia and smoking: an epidemiological survey in a state hospital. Am J Psychiatry. 1995 Mar;152(3):453-5. | https://go.drugbank.com/articles/A263 || reference-A264: Aguilar MC, Gurpegui M, Diaz FJ, de Leon J: Nicotine dependence and symptoms in schizophrenia: naturalistic study of complex interactions. Br J Psychiatry. 2005 Mar;186:215-21. | https://go.drugbank.com/articles/A264"
fluoxetine,DB00472,"Fluoxetine is a selective serotonin reuptake inhibitor used to treat major depressive disorder, bulimia, OCD, premenstrual dysphoric disorder, panic disorder, and bipolar I.","Fluoxetine is indicated for both acute and maintenance treatment of major depressive disorder, obsessive compulsive disorder, and bulimia nervosa; however, it is only indicated for acute treatment of panic disorder independent of whether agoraphobia is present.<ref>12</ref> Fluoxetine may also be used in combination with olanzapine to treat depression related to Bipolar I Disorder, and treatment resistant depression.<ref>12</ref> Fluoxetine is additionally indicated for the treatment of female patients with premenstrual dysphoric disorder (PMDD).<ref>18</ref>","The monoaminergic hypothesis of depression emerged in 1965 and linked depression with dysfunction of neurotransmitters such as noradrenaline and serotonin.<ref>1<ref>3</ref></ref> Indeed, low levels of serotonin have been observed in the cerebrospinal fluid of patients diagnosed with depression.<ref>3</ref> As a result of this hypothesis, drugs that modulate levels of serotonin such as fluoxetine were developed.<ref>1<ref>3</ref></ref>
Fluoxetine is a selective serotonin reuptake inhibitor (SSRI) and as the name suggests, it exerts it's therapeutic effect by inhibiting the presynaptic reuptake of the neurotransmitter serotonin.<ref>2</ref> As a result, levels of 5-hydroxytryptamine (5-HT) are increased in various parts of the brain.<ref>1<ref>3</ref></ref> Further, fluoxetine has high affinity for 5-HT transporters, weak affinity for noradrenaline transporters and no affinity for dopamine transporters indicating that it is 5-HT selective.<ref>1<ref>3</ref></ref>
Fluoxetine interacts to a degree with the 5-HT<ref>2</ref>C receptor and it has been suggested that through this mechanism, it is able to increase noradrenaline and dopamine levels in the prefrontal cortex.<ref>1<ref>3</ref></ref>","Fluoxetine blocks the serotonin reuptake transporter in the presynaptic terminal, which ultimately results in sustained levels of 5-hydroxytryptamine (5-HT) in certain brain areas.<ref>13</ref> However, fluoxetine binds with relatively poor affinity to 5-HT, dopaminergic, adrenergic, cholinergic, muscarinic, and histamine receptors which explains why it has a far more desirable adverse effect profile compared to earlier developed classes of antidepressants such as tricyclic antidepressants.<ref>13</ref><ref>2</ref>","The oral bioavailability of fluoxetine is <90% as a result of hepatic first pass metabolism.<ref>13</ref>
In a bioequivalence study, the Cmax of fluoxetine 20 mg for the established reference formulation was <ref>11</ref>.754 ng/mL while the Cmax for the proposed generic formulation was <ref>11</ref>.786 ng/ml.<ref>11</ref>
Fluoxetine is very lipophilic and highly plasma protein bound, allowing the drug and it's active metabolite, norfluoxetine, to be distributed to the brain.<ref>13</ref>",The volume of distribution of fluoxetine and it's metabolite varies between 20 to 42 L/kg.<ref>6</ref>,Approximately 94% of fluoxetine is plasma protein bound.<ref>2</ref>,"Fluoxetine is metabolized to norfluoxetine by CYP1A2, CYP2B6, CYP2C<ref>9</ref>, CYP2C1<ref>9</ref>, CYP2D6, CYP3A4, and CYP3A5 upon ingestion.<ref><ref>13</ref></ref><ref>8</ref> Although all of the mentioned enzymes contribute to N-demethylation of fluoxetine, CYP2D6, CYP2C<ref>9</ref> and CYP3A4 appear to be the major contributing enzymes for phase I metabolism.<ref>8</ref> In addition, there is evidence to suggest that CYP2C1<ref>9</ref> and CYP3A4 mediate O-dealkylation of fluoxetine and norfluoxetine to produce para-trifluoromethylphenol which is subsequently metabolized to hippuric acid.<ref>9</ref><ref>10</ref> Both fluoxetine and norfluoxetine undergo glucuronidation to facilitate excretion.<ref><ref>13</ref></ref>
Notably, both the parent drug and active metabolite inhibit CYP2D6 isozymes, and as a result patients who are being treated with fluoxetine are susceptible to drug interactions.<ref><ref>13</ref></ref><ref>16</ref>
Hover over products below to view reaction partners
Fluoxetine
Norfluoxetine
4-Trifluoromethylphenol
Hippuric acid
Norfluoxetine alcohol
Norfluoxetine acid
Norfluoxetine glucuronide
4-Trifluoromethylphenol
Hippuric acid
Fluoxetine glucuronide",Fluoxetine is primarily eliminated in the urine.<ref>15</ref>,"The half life of fluoxetine is significant with the elimination half-life of the parent drug averaging 1-3 days after acute administration, and 4-6 days after chronic administration.<ref><ref>12</ref></ref> Further, the elimination half life of it's active metabolite, norfluoxetine, ranges from 4-16 days after both acute and chronic administration.<ref><ref>12</ref></ref> The half-life of fluoxetine should be considered when switching patients from fluoxetine to another antidepressant since marked accumulation occurs after chronic use.<ref><ref>12</ref></ref> Fluoxetine's long half-life may even be beneficial when discontinuing the drug since the risk of withdrawal is minimized.<ref>13</ref>",The clearance value of fluoxetine in healthy patients is reported to be 9.6 ml/min/kg.<ref>7</ref>,"In a report that included 23<ref><ref>4</ref></ref> fluoxetine overdose cases, it was concluded that symptoms resulting from fluoxetine overdose were generally minor and short in duration.<ref>5</ref> The most common overdose adverse effects included drowsiness, tremor, tachycardia, nausea and vomiting, and providing the patient with aggressive supportive care was the recommended intervention.<ref><ref>4</ref></ref><ref>5</ref>
Despite this evidence, more severe adverse effects have been linked to fluoxetine ingestion although most of these reports involved co-ingestion with other substances or drugs as well as other factors.<ref><ref>4</ref></ref> For example, there is a case report that details a patient who ingested 1<ref><ref>4</ref></ref>00 mg of fluoxetine in a suicide attempt and as a result, experienced a generalized seizure three hours later.<ref><ref>4</ref></ref> In a separate case, a 1<ref><ref>4</ref></ref> year old patient ingested 1.2 g of fluoxetine and subsequently experienced tonic/clonic seizures, symptoms consistent with serotonin syndrome, and rhabdomyolysis, although the patient did not experience sustained renal injury.<ref>6</ref>","reference-A695: Wong DT, Bymaster FP, Engleman EA: Prozac (fluoxetine, Lilly 110140), the first selective serotonin uptake inhibitor and an antidepressant drug: twenty years since its first publication. Life Sci. 1995;57(5):411-41. | https://go.drugbank.com/articles/A695 || reference-A181673: Sommi RW, Crismon ML, Bowden CL: Fluoxetine: a serotonin-specific, second-generation antidepressant. Pharmacotherapy. 1987 Jan-Feb;7(1):1-15. | https://go.drugbank.com/articles/A181673 || reference-A181793: Sohel AJ, Molla M: Fluoxetine . | https://go.drugbank.com/articles/A181793 || reference-A181892: Suchard JR: Fluoxetine overdose-induced seizure. West J Emerg Med. 2008 Aug;9(3):154-6. | https://go.drugbank.com/articles/A181892 || reference-A181898: Borys DJ, Setzer SC, Ling LJ, Reisdorf JJ, Day LC, Krenzelok EP: Acute fluoxetine overdose: a report of 234 cases. Am J Emerg Med. 1992 Mar;10(2):115-20. | https://go.drugbank.com/articles/A181898 || reference-A182216: Lee-Kelland R, Zehra S, Mappa P: Fluoxetine overdose in a teenager resulting in serotonin syndrome, seizure and delayed onset rhabdomyolysis. BMJ Case Rep. 2018 Oct 8;2018. pii: bcr-2018-225529. doi: 10.1136/bcr-2018-225529. | https://go.drugbank.com/articles/A182216 || reference-A185210: Schenker S, Bergstrom RF, Wolen RL, Lemberger L: Fluoxetine disposition and elimination in cirrhosis. Clin Pharmacol Ther. 1988 Sep;44(3):353-9. doi: 10.1038/clpt.1988.161. | https://go.drugbank.com/articles/A185210 || reference-A16881: Margolis JM, O'Donnell JP, Mankowski DC, Ekins S, Obach RS: (R)-, (S)-, and racemic fluoxetine N-demethylation by human cytochrome P450 enzymes. Drug Metab Dispos. 2000 Oct;28(10):1187-91. | https://go.drugbank.com/articles/A16881 || reference-A185246: Liu ZQ, Zhu B, Tan YF, Tan ZR, Wang LS, Huang SL, Shu Y, Zhou HH: O-Dealkylation of fluoxetine in relation to CYP2C19 gene dose and involvement of CYP3A4 in human liver microsomes. J Pharmacol Exp Ther. 2002 Jan;300(1):105-11. doi: 10.1124/jpet.300.1.105. | https://go.drugbank.com/articles/A185246 || reference-A185255: Crifasi JA, Le NX, Long C: Simultaneous identification and quantitation of fluoxetine and its metabolite, norfluoxetine, in biological samples by GC-MS. J Anal Toxicol. 1997 Oct;21(6):415-9. doi: 10.1093/jat/21.6.415. | https://go.drugbank.com/articles/A185255 || reference-A185285: Shi S, Liu Y, Wu J, Li Z, Zhao Y, Zhong D, Zeng F: Comparative bioavailability and tolerability of a single 20-mg dose of two fluoxetine hydrochloride dispersible tablet formulations in fasting, healthy Chinese male volunteers: an open-label, randomized-sequence, two-period crossover study. Clin Ther. 2010 Oct;32(11):1977-86. doi: 10.1016/j.clinthera.2010.10.003. | https://go.drugbank.com/articles/A185285 || reference-L7664: FDA Approved Drug Products: Prozac (fluoxetine) oral capsules | https://www.accessdata.fda.gov/drugsatfda_docs/label/2017/018936s103,021235s023lbl.pdf || reference-L7721: Fluoxetine: A case history of its discovery and preclinical development | https://pdfs.semanticscholar.org/b3f2/73276b41415c203b19627f2a29d70a32a5d2.pdf || reference-L8441: The Distribution of Fluoxetine in Human Fluids and Tissues | https://watermark.silverchair.com/31-7-409.pdf?token=AQECAHi208BE49Ooan9kkhW_Ercy7Dm3ZL_9Cf3qfKAc485ysgAAAlswggJXBgkqhkiG9w0BBwagggJIMIICRAIBADCCAj0GCSqGSIb3DQEHATAeBglghkgBZQMEAS4wEQQMxq-BdA0pD4hBv9fbAgEQgIICDi9e5SvYdtSTd4n3-ojFsd3phOj6pqFzsbalEBbPOpwULSMguJn_LLSPIgFAyvDZTzElshjv7v1lNiLqb8oVellZb22LL5Zt_sMLZsh6BITXlS-jG-MAQrwGnqi-ExPTlUm-aehAYMpw7Nx9JHGpAXKF1AkHxZ9EMNd5U24o8BBQLvPbykxmSRb0NRhxqz3lAhGzQHQNzYprgkznEu4MX5QwUYuTmxBgZusq9Actqtixc3hcxmsnygZY5CHQzC2u8lIr6GB8vDT5Pc9rDnYMHRzBlNRAYmxcL-UphitDIKgQ3GGxLDhM6kNaaZGBZpA0zTWUJuXs9YulpoviYcDHkwEae5fclzgF902nxuz7XSYli9cY-mqAnntE8jFn8NVrqVbxFzKr0IRb_MzQCD-WU1XE122FsoG0jKpvhpSOJ0VF2BzuHetWI7y1FiB1BJ8-xtNEf_d_0oIsQbmDhJjjgw7P0H_J6I-Xba3WouJx_cay7oQyTr5B6f_dO9oAoeaHaatNci2zlHoWmsNNRCmMMdwlOAs45z63wihln_w0-PlBppn63qgRMUo-7BFytjAVUl6pyf0JG2MkvtqVHfFQU3n8cYNrfGuYN_VirR4yfviv8c3QpYVHkG56bKuOCRYeGevdftSprL8MWpsOV7kiiYEJEaaJTOgg-BOwAIuXpcQUPcC3xULFqRECDCjuBA0 || reference-L8468: DailyMed - Fluoxetine | https://dailymed.nlm.nih.gov/dailymed/drugInfo.cfm?setid=59de2889-c3d3-4ebf-8826-13f30a3fa439 || reference-L162: Flockhart Table of Drug Interactions | https://drug-interactions.medicine.iu.edu/Main-Table.aspx || reference-L12297: Health Canada Product Monograph: Fluoxetine oral capsules | https://pdf.hres.ca/dpd_pm/00038615.PDF || reference-L40833: FDA Approved Drug Products: Sarafem (fluoxetine hydrochloride) tablets for oral use | https://www.accessdata.fda.gov/drugsatfda_docs/label/2021/021860s015lbl.pdf || reference-L37929: DailyMed Label: PROZAC (fluoxetine capsules) for oral use | https://dailymed.nlm.nih.gov/dailymed/drugInfo.cfm?setid=c88f33ed-6dfb-4c5e-bc01-d8e36dd97299"
mirtazapine,DB00370,Mirtazapine is a tetracyclic antidepressant used in the treatment of major depression and is used off-label as a drug for insomnia and to increase appetite.,"This drug is indicated for the treatment of major depressive disorder and its associated symptoms.<ref>Label</ref> Mirtazapine has been used off-label for a variety of conditions including panic disorder, generalized anxiety disorder, dysthymia, tension headaches, hot flushes, post-traumatic stress disorder (PTSD), sleep disorders, substance abuse disorders, and sexual disorders, among others.<ref>9</ref>,<ref>13</ref>","Summary
The mechanism of action of mirtazapine is not fully understood<ref><ref><ref><ref><ref>Label</ref></ref></ref></ref></ref> but may be explained by its effects on central adrenergic and serotonergic activity. This drug exhibits a fast onset of action, a high level of response, a manageable side-effect profile, and dual noradrenergic and serotonergic effects that are unique from the effects of other antidepressants.<ref>9</ref>
Effects on various receptors
It has been shown that both noradrenergic and serotonergic activity increase following mirtazapine administration. The results of these studies demonstrate mirtazapine exerts antagonist activity at presynaptic α2-adrenergic inhibitory autoreceptors and heteroreceptors in the central nervous system. This is thought to lead to enhanced noradrenergic and serotonergic activity <ref><ref><ref><ref><ref>Label</ref></ref></ref></ref></ref>, which are known to improve the symptoms of depression and form the basis of antidepressant therapy.<ref>24</ref>,<ref>25</ref>
Mirtazapine is a strong antagonist of serotonin 5-HT2 and 5-HT3 receptors. It has not been found to bind significantly to the serotonin 5-HT1A and 5-HT1B receptors <ref><ref><ref><ref><ref>Label</ref></ref></ref></ref></ref> but indirectly increases 5-HT1A transmission.<ref>28</ref>
In addition to the above effects, mirtazapine is a peripheral α1-adrenergic antagonist. This action may explain episodes of orthostatic hypotension that have been reported after mirtazapine use.<ref><ref><ref><ref><ref>Label</ref></ref></ref></ref></ref> Mirtazapine is a potent histamine (H1) receptor antagonist, which may contribute to its powerful sedating effects.<ref><ref><ref><ref><ref>Label</ref></ref></ref></ref></ref> The pain-relieving effects of mirtazapine may be explained by its effects on opioid receptors.<ref>26</ref>,<ref>27</ref>","General effects and a note on suicidality
Mirtazapine is effective in treating moderate to severe depression and treats many symptoms normally associated with this condition. These symptoms may include disturbed sleep, lack of appetite, and anhedonia, in addition to anxiety.<ref>2</ref>,<ref>22</ref>,<ref>29</ref>. It is important to note that suicidal ideation and behavior may emerge or increase during treatment with mirtazapine, as with any other antidepressant. This risk is especially pronounced in younger individuals. Patients, medical professionals, and families should monitor for suicidal thoughts, worsening depression, anxiety, agitation, sleep changes, irritable behavior, aggression, impulsivity, restlessness, and other unusual behavior when this drug is taken or the dose is adjusted.<ref><ref>Label</ref></ref> Do not administer mirtazapine to children. When deciding to prescribe this drug, carefully consider the increased risk of suicidal thoughts and behavior, especially in young adults.<ref><ref>Label</ref></ref>
Effects on appetite and weight gain
In addition to the above effects, mirtazapine exerts stimulating effects on appetite, and has been used for increasing appetite and decreasing nausea in cancer patients.<ref>14</ref>,<ref>15</ref> Some studies and case reports have shown that this drug improves eating habits and weight gain in patients suffering from anorexia nervosa when administered in conjunction with psychotherapy and/or other psychotropic drugs.<ref>16</ref>,<ref>23</ref> In a clinical trial, women with depression experienced a clinically significant mean increase in body weight, fat mass, and concentrations of leptin when treated with mirtazapine for a 6-week period, with a lack of effect on glucose homeostasis.<ref>1<ref>8</ref></ref>
Effects on sleep
The use of mirtazapine to treat disordered sleep has been leveraged from its tendency to cause somnolence, which is a frequently experienced adverse effect by patients taking this drug.<ref>8</ref>,20,<ref><ref>Label</ref></ref> Mirtazapine has been shown to exert beneficial effects on sleep latency, duration, and quality due to its sedating properties.<ref>17</ref> Insomnia is a common occurrence in patients with depression, and mirtazapine has been found to be efficacious in treating this condition.<ref>8</ref>","The absorption of this drug is rapid and complete.<ref>12</ref>,<ref><ref>Label</ref></ref> Due to first pass metabolism in the liver and metabolism in the gut wall, absolute bioavailability is about 50%.<ref><ref>Label</ref></ref>,<ref>12</ref> Peak blood concentrations are attained within about 2 hours after an oral dose. Food has little effect on the absorption of mirtazapine, and no dose adjustment is required if it is taken with food.<ref>Label</ref> Steady-state levels are achieved by about 5 days after the initial dose.<ref><ref>Label</ref></ref>,<ref>12</ref> Mirtazapine pharmacokinetics vary across gender and age range. Females and the elderly population have been shown to have higher blood concentrations in comparison to males and younger adults.<ref>12</ref>",The volume of distribution after an oral steady-state dose was measured to be 107 ± 42L in a pharmacokinetic study.<ref>30</ref>,"Mirtazapine is about 85% bound to plasma proteins.<ref>12</ref>,<ref>Label</ref>","Mirtazapine is heavily metabolized in humans.<ref>Label</ref> Demethylation and hydroxylation and subsequent glucuronide conjugation are the major pathways by which mirtazapine is metabolized.12,<ref>Label</ref> Data from in vitro studies on human liver microsomes show that cytochrome 2D6 and 1A2 lead to the formation of the 8-hydroxy metabolite of mirtazapine. The CYP3A enzyme metabolizes this drug into its N-desmethyl and N-oxide metabolites. There are various other unconjugated metabolites of this drug that are pharmacologically active, but are measured in the blood at limited concentrations.<ref>Label</ref>,<ref>12</ref>
Hover over products below to view reaction partners
Mirtazapine
mirtazapine-N-oxide
N-desmethylmirtazapine
8-hydroxymirtazapine",This drug is mainly excreted by the kidney. It is 75% eliminated in the urine and 15% eliminated in the feces.<ref>12</ref>,"20-40 hours <ref>Label</ref>,<ref>12</ref>","Total body clearance in males was found to be 31 L/h in a clinical pharmacokinetics study after intravenous administration.<ref>12</ref>
Clearance in elderly patients
Mirtazapine clearance is slower in the elderly than in younger subjects. Exercise caution when this drug is given to elderly patients. In a clinical trial, elderly males showed a marked decrease in mirtazapine clearance when compared to young males taking the same dose. This difference was less significant when clearance was compared between elderly females and younger females taking mirtazapine.<ref><ref>Label</ref></ref>
Clearance in hepatic and renal impairment
Patients with hepatic and renal impairment have decreased rates of clearance and dosage adjustments may be necessary for these patients.<ref><ref>Label</ref></ref> Moderate renal impairment and hepatic impairment cause about a 30% decrease in mirtazapine clearance. Severe renal impairment leads to a 50% decrease in mirtazapine clearance.<ref>12</ref>","LD50
Oral LD50 was 830 mg/kg in male Swiss mice 24 hours after being administered mirtazapine.<ref>36</ref>
Overdose information
Activated charcoal should be administered during an overdose to absorb excess mirtazapine. General supportive therapy should be employed, including maintenance of an adequate airway, oxygen therapy, and ventilation therapy. Vital signs and cardiac rhythm must be monitored. It is not advisable to induce vomiting. Gastric lavage with a large-bore orogastric tube with proper protection of the airway is recommended <ref><ref><ref><ref><ref><ref><ref><ref><ref><ref>Label</ref></ref></ref></ref></ref></ref></ref></ref></ref></ref>. There is no antidote for mirtazapine available currently.<ref><ref><ref><ref><ref><ref><ref><ref><ref><ref>Label</ref></ref></ref></ref></ref></ref></ref></ref></ref></ref> Consider the possibility of mirtazapine combined with other drugs in an overdose and ensure to contact the local poison control center for guidance on management.<ref><ref><ref><ref><ref><ref><ref><ref><ref><ref>Label</ref></ref></ref></ref></ref></ref></ref></ref></ref></ref>
Carcinogenesis
At higher than normal doses, mirtazapine increased the incidence of hepatocellular adenomas and carcinomas in male mice. The highest doses administered to the mice were about 20 and 12 times the maximum recommended human dose (MRHD).<ref><ref><ref><ref><ref><ref><ref><ref><ref><ref>Label</ref></ref></ref></ref></ref></ref></ref></ref></ref></ref> Hepatocellular tumors and thyroid follicular adenoma/cystadenomas in male rats occurred at an increased rate at a higher mirtazapine dose (60 mg/kg/day). In female rats, both the medium (20 mg/kg/day) and higher (60 mg/kg/day) doses of mirtazapine increased the rate of hepatocellular adenomas.<ref><ref><ref><ref><ref><ref><ref><ref><ref><ref>Label</ref></ref></ref></ref></ref></ref></ref></ref></ref></ref> The relevance of these findings in humans is not known at this time.<ref><ref><ref><ref><ref><ref><ref><ref><ref><ref>Label</ref></ref></ref></ref></ref></ref></ref></ref></ref></ref>
Impairment of Fertility
Mirtazapine was administered to rats at doses reaching 100 mg/kg (equivalent to 20 times the maximum recommended human dose) in a fertility study. There was no impact on mating and conception, however, there was a disturbance of reproductive (estrous) cycling at higher doses. These doses were measured to be at least 3 times the maximum recommended human dose. Loss of fetus before implantation in the uterus occurred when doses equivalent to 20 times the maximum recommended dose were administered.<ref><ref><ref><ref><ref><ref><ref><ref><ref><ref>Label</ref></ref></ref></ref></ref></ref></ref></ref></ref></ref>
Use in pregnancy
This drug is categorized as a pregnancy category C drug. No adequate studies in pregnant women have been conducted. In rats, an increased rate of post-implantation demise occurred with mirtazapine administration. Additionally, an increase in deaths of rat pups during the first 3 days of lactation with a decrease in pup birth weight was noted. Studies on animals are not always relevant to human response. Mirtazapine should be used during pregnancy only if the clinical need outweighs the possible risks to the fetus.<ref><ref><ref><ref><ref><ref><ref><ref><ref><ref>Label</ref></ref></ref></ref></ref></ref></ref></ref></ref></ref>
Use in nursing
Whether this drug is excreted in human milk is unknown.<ref><ref><ref><ref><ref><ref><ref><ref><ref><ref>Label</ref></ref></ref></ref></ref></ref></ref></ref></ref></ref> Many drugs are found excreted in human breast milk, therefore caution is advised if this drug is used during nursing.<ref><ref><ref><ref><ref><ref><ref><ref><ref><ref>Label</ref></ref></ref></ref></ref></ref></ref></ref></ref></ref>","reference-A554: Gillman PK: A systematic review of the serotonergic effects of mirtazapine in humans: implications for its dual action status. Hum Psychopharmacol. 2006 Mar;21(2):117-25. | https://go.drugbank.com/articles/A554 || reference-A555: Burrows GD, Kremer CM: Mirtazapine: clinical advantages in the treatment of depression. J Clin Psychopharmacol. 1997 Apr;17 Suppl 1:34S-39S. | https://go.drugbank.com/articles/A555 || reference-A556: Velazquez C, Carlson A, Stokes KA, Leikin JB: Relative safety of mirtazapine overdose. Vet Hum Toxicol. 2001 Dec;43(6):342-4. | https://go.drugbank.com/articles/A556 || reference-A557: Gorman JM: Mirtazapine: clinical overview. J Clin Psychiatry. 1999;60 Suppl 17:9-13; discussion 46-8. | https://go.drugbank.com/articles/A557 || reference-A558: Baldwin DS, Anderson IM, Nutt DJ, Bandelow B, Bond A, Davidson JR, den Boer JA, Fineberg NA, Knapp M, Scott J, Wittchen HU: Evidence-based guidelines for the pharmacological treatment of anxiety disorders: recommendations from the British Association for Psychopharmacology. J Psychopharmacol. 2005 Nov;19(6):567-96. | https://go.drugbank.com/articles/A558 || reference-A559: Fawcett J, Barkin RL: Review of the results from clinical studies on the efficacy, safety and tolerability of mirtazapine for the treatment of patients with major depression. J Affect Disord. 1998 Dec;51(3):267-85. | https://go.drugbank.com/articles/A559 || reference-A177799: Nutt DJ: Tolerability and safety aspects of mirtazapine. Hum Psychopharmacol. 2002 Jun;17 Suppl 1:S37-41. doi: 10.1002/hup.388. | https://go.drugbank.com/articles/A177799 || reference-A177808: Croom KF, Perry CM, Plosker GL: Mirtazapine: a review of its use in major depression and other psychiatric disorders. CNS Drugs. 2009;23(5):427-52. doi: 10.2165/00023210-200923050-00006. | https://go.drugbank.com/articles/A177808 || reference-A177811: Alam A, Voronovich Z, Carley JA: A review of therapeutic uses of mirtazapine in psychiatric and medical conditions. Prim Care Companion CNS Disord. 2013;15(5). pii: 13r01525. doi: 10.4088/PCC.13r01525. Epub 2013 Oct 10. | https://go.drugbank.com/articles/A177811 || reference-A177820: Watanabe N, Omori IM, Nakagawa A, Cipriani A, Barbui C, McGuire H, Churchill R, Furukawa TA: Mirtazapine versus other antidepressants in the acute-phase treatment of adults with major depression: systematic review and meta-analysis. J Clin Psychiatry. 2008 Sep;69(9):1404-15. | https://go.drugbank.com/articles/A177820 || reference-A177823: Segers K, Surquin M: Can mirtazapine counteract the weight loss associated with Alzheimer disease? A retrospective open-label study. Alzheimer Dis Assoc Disord. 2014 Jul-Sep;28(3):291-3. doi: 10.1097/WAD.0b013e3182614f52. | https://go.drugbank.com/articles/A177823 || reference-A177826: Timmer CJ, Sitsen JM, Delbressine LP: Clinical pharmacokinetics of mirtazapine. Clin Pharmacokinet. 2000 Jun;38(6):461-74. doi: 10.2165/00003088-200038060-00001. | https://go.drugbank.com/articles/A177826 || reference-A177946: San L, Arranz B: Mirtazapine: only for depression? Acta Neuropsychiatr. 2006 Jun;18(3-4):130-43. doi: 10.1111/j.1601-5215.2006.00143.x. | https://go.drugbank.com/articles/A177946 || reference-A177952: Ito T, Okubo Y, Roth A: [Efficacy of mirtazapine for appetite loss and nausea of the cancer patient--from clinical experience in Memorial Sloan-Kettering Cancer Center]. Gan To Kagaku Ryoho. 2009 Apr;36(4):623-6. | https://go.drugbank.com/articles/A177952 || reference-A177958: Shibahara H, Ito T, Uematsu N, Imai E, Nishimura D: [Low-dose mirtazapine improved nausea and appetite loss during S-1 therapy]. Gan To Kagaku Ryoho. 2012 Jan;39(1):143-5. | https://go.drugbank.com/articles/A177958 || reference-A177961: Marvanova M, Gramith K: Role of antidepressants in the treatment of adults with anorexia nervosa. Ment Health Clin. 2018 Apr 26;8(3):127-137. doi: 10.9740/mhc.2018.05.127. eCollection 2018 May. | https://go.drugbank.com/articles/A177961 || reference-A177967: Dolder CR, Nelson MH, Iler CA: The effects of mirtazapine on sleep in patients with major depressive disorder. Ann Clin Psychiatry. 2012 Aug;24(3):215-24. | https://go.drugbank.com/articles/A177967 || reference-A177970: Laimer M, Kramer-Reinstadler K, Rauchenzauner M, Lechner-Schoner T, Strauss R, Engl J, Deisenhammer EA, Hinterhuber H, Patsch JR, Ebenbichler CF: Effect of mirtazapine treatment on body composition and metabolism. J Clin Psychiatry. 2006 Mar;67(3):421-4. | https://go.drugbank.com/articles/A177970 || reference-A177982: Tylee A, Walters P: Onset of action of antidepressants. BMJ. 2007 May 5;334(7600):911-2. doi: 10.1136/bmj.39197.619190.80. | https://go.drugbank.com/articles/A177982 || reference-A177994: Barkin RL, Chor PN, Braun BG, Schwer WA: A Trilogy Case Review Highlighting the Clinical and Pharmacologic Applications of Mirtazapine in Reducing Polypharmacy for Anxiety, Agitation, Insomnia, Depression, and Sexual Dysfunction. Prim Care Companion J Clin Psychiatry. 1999 Oct;1(5):142-145. | https://go.drugbank.com/articles/A177994 || reference-A178144: Lavergne F, Berlin I, Gamma A, Stassen H, Angst J: Onset of improvement and response to mirtazapine in depression: a multicenter naturalistic study of 4771 patients. Neuropsychiatr Dis Treat. 2005 Mar;1(1):59-68. | https://go.drugbank.com/articles/A178144 || reference-A178150: Belujon P, Grace AA: Dopamine System Dysregulation in Major Depressive Disorders. Int J Neuropsychopharmacol. 2017 Dec 1;20(12):1036-1046. doi: 10.1093/ijnp/pyx056. | https://go.drugbank.com/articles/A178150 || reference-A178186: Safer DL, Darcy AM, Lock J: Use of mirtazapine in an adult with refractory anorexia nervosa and comorbid depression: a case report. Int J Eat Disord. 2011 Mar;44(2):178-81. doi: 10.1002/eat.20793. | https://go.drugbank.com/articles/A178186 || reference-A178198: Blier P, El Mansari M: Serotonin and beyond: therapeutics for major depression. Philos Trans R Soc Lond B Biol Sci. 2013 Feb 25;368(1615):20120536. doi: 10.1098/rstb.2012.0536. Print 2013. | https://go.drugbank.com/articles/A178198 || reference-A178201: Maletic V, Eramo A, Gwin K, Offord SJ, Duffy RA: The Role of Norepinephrine and Its alpha-Adrenergic Receptors in the Pathophysiology and Treatment of Major Depressive Disorder and Schizophrenia: A Systematic Review. Front Psychiatry. 2017 Mar 17;8:42. doi: 10.3389/fpsyt.2017.00042. eCollection 2017. | https://go.drugbank.com/articles/A178201 || reference-A13073: Schreiber S, Rigai T, Katz Y, Pick CG: The antinociceptive effect of mirtazapine in mice is mediated through serotonergic, noradrenergic and opioid mechanisms. Brain Res Bull. 2002 Sep 30;58(6):601-5. | https://go.drugbank.com/articles/A13073 || reference-A177868: Peckham AM, De La Cruz A, Dufresne RL: Kappa opioid receptor antagonism: Are opioids the answer for treatment resistant depression? Ment Health Clin. 2018 Jun 29;8(4):175-183. doi: 10.9740/mhc.2018.07.175. eCollection 2018 Jul. | https://go.drugbank.com/articles/A177868 || reference-A4709: Anttila SA, Leinonen EV: A review of the pharmacological and clinical profile of mirtazapine. CNS Drug Rev. 2001 Fall;7(3):249-64. | https://go.drugbank.com/articles/A4709 || reference-T595: Talha N. Jilani; Abdolreza Saadabadi (2019). Mirtazapine. StatPearls Publishing. || reference-L6139: Bioavailability of mirtazapine from Remeron® tablets after single and multiple oral dosing | https://onlinelibrary.wiley.com/doi/pdf/10.1002/hup.470100803 || reference-L6157: Remeron approval, 1997 | https://www.accessdata.fda.gov/drugsatfda_docs/nda/97/20-415S003_Remeron_Prntlbl.pdf || reference-L6160: Mirtazapine: A Newer Antidepressant, American Family Physician (AFP) | https://www.aafp.org/afp/1999/0101/p159.html || reference-L4433: Remeron (Mirtazapine) FDA Label | https://www.accessdata.fda.gov/drugsatfda_docs/label/2010/020415s023s024.pdf || reference-L35350: FDA Approved Drug Products: REMERON/REMERONSolTab (mirtazapine) tablets | https://www.accessdata.fda.gov/drugsatfda_docs/label/2020/020415s034s036,021208s024s026lbl.pdf || reference-L35355: Health Canada Product Monograph: REMERON RD (mirtazapine) tablets | https://www.merck.ca/static/pdf/REMERON_RD-PM_E.pdf || reference-F4597: Monograph, Mylan mirtazapine | https://s3-us-west-2.amazonaws.com/drugbank/cite_this/attachments/files/000/004/597/original/Mylan_mirtazapine.pdf?1556742511"
disulfiram,DB00822,Disulfiram is a carbamate derivative used to treat alcohol addiction.,For the treatment and management of chronic alcoholism,"Disulfiram blocks the oxidation of alcohol at the acetaldehyde stage during alcohol metabolism following disulfiram intake causing an accumulation of acetaldehyde in the blood producing highly unpleasant symptoms. Disulfiram blocks the oxidation of alcohol through its irreversible inactivation of aldehyde dehydrogenase, which acts in the second step of ethanol utilization. In addition, disulfiram competitively binds and inhibits the peripheral benzodiazepine receptor, which may indicate some value in the treatment of the symptoms of alcohol withdrawal, however this activity has not been extensively studied.","Disulfiram produces a sensitivity to alcohol which results in a highly unpleasant reaction when the patient under treatment ingests even small amounts of alcohol. Disulfiram blocks the oxidation of alcohol at the acetaldehyde stage during alcohol metabolism following disulfiram intake, the concentration of acetaldehyde occurring in the blood may be 5 to 10 times higher than that found during metabolism of the same amount of alcohol alone. Accumulation of acetaldehyde in the blood produces a complex of highly unpleasant symptoms referred to hereinafter as the disulfiram-alcohol reaction. This reaction, which is proportional to the dosage of both disulfiram and alcohol, will persist as long as alcohol is being metabolized. Disulfiram does not appear to influence the rate of alcohol elimination from the body. Prolonged administration of disulfiram does not produce tolerance; the longer a patient remains on therapy, the more exquisitely sensitive he becomes to alcohol.",Disulfiram is absorbed slowly from the gastrointestinal tract (80 to 90% of oral dose).,Not Available,Not Available,Hepatic.,Not Available,Not Available,Not Available,"LD50=8.6g/kg (orally in rats). Symptoms of overdose include irritation, slight drowsiness, unpleasant taste, mild GI disturbances, and orthostatic hypotension.","reference-A1236: Nash T, Rice WG: Efficacies of zinc-finger-active drugs against Giardia lamblia. Antimicrob Agents Chemother. 1998 Jun;42(6):1488-92. | https://go.drugbank.com/articles/A1236 || reference-A1237: Bouma MJ, Snowdon D, Fairlamb AH, Ackers JP: Activity of disulfiram (bis(diethylthiocarbamoyl)disulphide) and ditiocarb (diethyldithiocarbamate) against metronidazole-sensitive and -resistant Trichomonas vaginalis and Tritrichomonas foetus. J Antimicrob Chemother. 1998 Dec;42(6):817-20. | https://go.drugbank.com/articles/A1237 || reference-A14579: Gaval-Cruz M, Weinshenker D: mechanisms of disulfiram-induced cocaine abstinence: antabuse and cocaine relapse. Mol Interv. 2009 Aug;9(4):175-87. doi: 10.1124/mi.9.4.6. | https://go.drugbank.com/articles/A14579 || reference-L35185: DailyMed: disulfiram tablets | https://dailymed.nlm.nih.gov/dailymed/getFile.cfm?setid=b90f8ff4-4fb3-46ab-8149-cb55f24a4044&type=pdf"
olanzapine,DB00334,"Olanzapine is an antipsychotic drug used in the management of schizophrenia, bipolar 1 disorder, and agitation associated with these disorders.","Olanzapine was initially used orally and intramuscularly for the chronic treatment of schizophrenia in patients over 13 years old and other psychiatric disorders such as bipolar I disorder including mixed or manic episodes.<ref>6</ref> Olanzapine is also indicated, in combination with lithium or valproate for the short-term treatment of acute manic or mixed episodes associated with bipolar I disorder in adults.<ref><ref>Label</ref></ref> As well, olanzapine is indicated, in combination with fluoxetine for the treatment of episodes of depression associated with bipolar disorder type 1 and treatment-resistant depression in patients over 10 years old.<ref>6</ref> Olanzapine is also approved for the management of psychomotor agitation associated with schizophrenia and bipolar I mania.<ref><ref>Label</ref></ref> Schizophrenia is a complex biochemical brain disorder that affects the person's ability to differentiate reality. It is usually observed as the presence of delusions, hallucinations, social withdrawal and disturbed thinking.<ref>11</ref> Bipolar disorder is a mental health condition defined by periods of extreme mood disturbances. It is categorized in different types from which type 1 is known to involve episodes of severe mania and often depression while type 2 presents less severe forms of mania.<ref>12</ref> Olanzapine is also indicated in combination with samidorphan for the treatment of bipolar I disorder, either as an adjunct to lithium or valproate or as monotherapy for the acute treatment of manic or mixed episodes or as maintenance therapy, and for the treatment of schizophrenia in adults.1<ref>6</ref>","The activity of olanzapine is achieved by the antagonism of multiple neuronal receptors including the dopamine receptor D1, D2, D3 and D4 in the brain, the serotonin receptors 5HT2A, 5HT2C, 5HT3 and 5HT<ref>6</ref>, the alpha-1 adrenergic receptor, the histamine receptor H1 and multiple muscarinic receptors.<ref>1</ref>,<ref>3</ref>
As abovementioned, olanzapine presents a wide profile of targets, however, its antagonistic effect towards the dopamine D2 receptor in the mesolimbic pathway is key as it blocks dopamine from having a potential action at the post-synaptic receptor. The binding of olanzapine to the dopamine D2 receptors is easily dissociable and hence, it allows for a certain degree of dopamine neurotransmission.<ref>6</ref>
On the other hand, olanzapine acts in the serotonin 5HT2A receptors in the frontal cortex in a similar manner than the reported on dopamine D2 receptors. This determined effect allows for a decrease in adverse effects.<ref>6</ref>","The effect of olanzapine in the D2 receptor is reported to produce the positive effects of this drug such as a decrease in hallucinations, delusions, disorganized speech, disorganized thought, and disorganized behavior. On the other hand, its effect on the serotonin 5HT2A receptor prevents the onset of anhedonia, flat affect, alogia, avolition and poor attention.<ref>6</ref> Based on the specific mechanism of action, olanzapine presents a higher affinity for the dopamine D2 receptor when compared to the rest of the dopamine receptor isotypes. This characteristic significantly reduces the presence of side effects.<ref><ref>1</ref>0</ref>
Clinical trials for the original use of olanzapine demonstrated significant effectiveness in the treatment of schizophrenia and bipolar disorder in adults and acute manic or mixed episodes associated with bipolar disorder in adolescents.<ref>4</ref>
The effect of olanzapine on dopamine and serotonin receptors has been suggested to reduce chemotherapy-induced nausea and vomiting as those receptors are suggested to be involved in this process. For this effect, several clinical trials have been conducted and it has been shown that olanzapine can produce a significant increase in total control of nausea and vomiting.<ref>1</ref> In a high-level study of the effect of olanzapine for this condition, a complete response on the delay phase was observed in 8<ref>4</ref>% of the individual and control of emesis of over 80% despite the phase.<ref>3</ref>","Olanzapine presents a linear pharmacokinetic profile and, after daily administration, it reaches steady-state in about a week.<ref>6</ref> Under the administration of a normal dosage of olanzapine, the steady-state plasma concentration does not seem to exceed 150 ng/ml with an AUC of 333 ng/h/ml.<ref>7</ref>,<ref>10</ref>
The absorption of olanzapine is not affected by the concomitant administration of food. The pharmacokinetic profile of olanzapine is characterized by reaching peak plasma concentration of 15<ref>6</ref>.9 ng/ml approximately <ref>6</ref> hours after oral administration.<ref>8</ref>",The volume of distribution of olanzapine is reported to be of 1000 liters which indicate a large distribution throughout the body.<ref>6</ref>,"Olanzapine is largely bound to plasma proteins and hence, about 93% of the administered dose is bound. The main proteins for binding are albumin and alpha-1 acid glycoprotein.<ref>6</ref>","Olanzapine is greatly metabolized in the liver, which represents around 40% of the administered dose, mainly by the activity of glucuronide enzymes and by the cytochrome P450 system. From the CYP system, the main metabolic enzymes are CYP1A2 and CYP2D<ref>6</ref>.<ref>6</ref> As part of the phase I metabolism, the major circulating metabolites of olanzapine, accounting for approximate 50-<ref>6</ref>0% of this phase, are the 10-N-glucuronide and the 4'-N-desmethyl olanzapine which are clinically inactive and formed by the activity of CYP1A2.<ref>8</ref> On the other hand, CYP2D<ref>6</ref> catalyzes the formation of 2-OH olanzapine and the flavin-containing monooxygenase (FMO3) is responsible for N-oxide olanzapine.<ref>9</ref>
On the phase II metabolism of olanzapine, UGT1A4 is the key player by generating direct conjugation forms of olanzapine.<ref>9</ref>
Hover over products below to view reaction partners
Olanzapine
7-hydroxyolanzapine
4'-N-desmethylolanzapine
2-hydroxymethylolanzapine
Olanzapine 10-N-glucuronide
N-oxide olanzapine","Olanzapine is mainly eliminated through metabolism and hence, only 7% of the eliminated drug can be found as the unchanged form. It is mainly excreted in the urine which represents around 53% of the excreted dose followed by the feces that represent about 30%.<ref>6</ref>",Olanzapine presents a half-life ranging between 21 to 54 hours with an average half-life of 30 hours.<ref>6</ref>,"The mean clearance rate of olanzapine is of 29.4 L/hour however, some studies have reported an apparent clearance of 25 L/h.<ref>10</ref>","The toxicity symptoms of olanzapine are known to include somnolence, mydriasis, blurred vision, respiratory depression, hypotension, extrapyramidal symptoms and anticholinergic effects. The overdosage effects in children are generally associated with more significant side effects.<ref>7</ref>
The maximum registered dosage of olanzapine in clinical trials was of 300 mg and it was reported to present drowsiness and slurred speech. However, on post-marketing surveillance, a wide range of symptoms have been presented including agitation, dysarthria, tachycardia, extrapyramidal symptoms, and reduced consciousness. One case of overdosage-driven death was reported after ingestion of 450 mg of olanzapine. In the cases of acute overdosage, the establishment of adequate oxygenation and ventilation, gastric lavage and administration of activated charcoal with a laxative is recommended.<ref><ref>Label</ref></ref>
In carcinogenesis studies, olanzapine was showed to present an increase in the incidence of liver hemangiomas and hemangiosarcomas as well as mammary gland adenomas, and adenocarcinomas. On fertility studies, there was solely found impairment in male mating performance and delays in ovulation. There is no evidence of mutagenic, genotoxic potential not adverse events on fertility.<ref><ref>Label</ref></ref>","reference-A176993: Chelkeba L, Gidey K, Mamo A, Yohannes B, Matso T, Melaku T: Olanzapine for chemotherapy-induced nausea and vomiting: systematic review and meta-analysis. Pharm Pract (Granada). 2017 Jan-Mar;15(1):877. doi: 10.18549/PharmPract.2017.01.877. Epub 2017 Mar 15. | https://go.drugbank.com/articles/A176993 || reference-A176996: Martel ML, Klein LR, Rivard RL, Cole JB: A Large Retrospective Cohort of Patients Receiving Intravenous Olanzapine in the Emergency Department. Acad Emerg Med. 2016 Jan;23(1):29-35. doi: 10.1111/acem.12842. Epub 2015 Dec 31. | https://go.drugbank.com/articles/A176996 || reference-A176999: Yang T, Liu Q, Lu M, Ma L, Zhou Y, Cui Y: Efficacy of olanzapine for the prophylaxis of chemotherapy-induced nausea and vomiting: a meta-analysis. Br J Clin Pharmacol. 2017 Jul;83(7):1369-1379. doi: 10.1111/bcp.13242. Epub 2017 Mar 23. | https://go.drugbank.com/articles/A176999 || reference-A177008: Brunner E, Falk DM, Jones M, Dey DK, Shatapathy CC: Olanzapine in pregnancy and breastfeeding: a review of data from global safety surveillance. BMC Pharmacol Toxicol. 2013 Aug 1;14:38. doi: 10.1186/2050-6511-14-38. | https://go.drugbank.com/articles/A177008 || reference-A177011: Malhotra K, Vu P, Wang DH, Lai H, Faziola LR: Olanzapine-Induced Neutropenia. Ment Illn. 2015 Jun 23;7(1):5871. doi: 10.4081/mi.2015.5871. eCollection 2015 Feb 24. | https://go.drugbank.com/articles/A177011 || reference-A177014: Thomas K, Saadabadi A: Olanzapine . | https://go.drugbank.com/articles/A177014 || reference-A177059: Chue P, Singer P: A review of olanzapine-associated toxicity and fatality in overdose. J Psychiatry Neurosci. 2003 Jul;28(4):253-61. | https://go.drugbank.com/articles/A177059 || reference-T548: Green W. (2001). Child & adolescent clinical psychopharmacology (3rd ed.). Lippincott Williams & Wilkins. [ISBN:0-7817-5950-1] | https://www.google.com/search?tbo=p&tbm=bks&q=0-7817-5950-1 || reference-T551: Ng C., Lin K., Singh B. and Chiu E. (2008). Ethno-psychopharmacology. Cambridge University Press. [ISBN:978-0-521-87363-5] | https://www.google.com/search?tbo=p&tbm=bks&q=978-0-521-87363-5 || reference-T554: Schatzberg A. and Nemeroff C. (2017). The american psychiatric association publishing textbook of psychopharmacology (5th ed.). American Psychiatric Association Publishing. [ISBN:978-161-5371-228] | https://www.google.com/search?tbo=p&tbm=bks&q=978-161-5371-228 || reference-L5936: Canadian Mental Health Association | https://cmha.ca/mental-health/understanding-mental-illness/schizophrenia || reference-L5939: NIH | https://www.nimh.nih.gov/health/topics/bipolar-disorder/index.shtml || reference-L5945: Mylan-Olanzapine. Product monograph | https://pdf.hres.ca/dpd_pm/00038283.PDF || reference-L12591: FDA Approved Drug Products: Zyprexa (olanzapine) | https://www.accessdata.fda.gov/drugsatfda_docs/label/2019/020592s072,021086s047,021253s060lbl.pdf || reference-L13059: FDA Approved Drug Products: Zyprexa (olanzapine) tablets and powder | https://pi.lilly.com/us/zyprexa-pi.pdf || reference-L34359: FDA Approved Drug Products: LYBALVI (olanzapine and samidorphan) tablets | https://www.accessdata.fda.gov/drugsatfda_docs/label/2021/213378s000lbl.pdf"
venlafaxine,DB00285,"Venlafaxine is a selective serotonin and norepinephrine reuptake inhibitor (SNRI) used for the treatment of major depression, generalized or social anxiety disorder, and panic disorder.","Venlafaxine is indicated for the management of major depressive disorder (MDD), generalized anxiety disorder (GAD), social anxiety disorder (SAD), and panic disorder.<ref>17</ref>","The exact mechanism of action of venlafaxine in the treatment of various psychiatric conditions has not been fully elucidated; however, it is understood that venlafaxine and its active metabolite O-desmethylvenlafaxine (ODV) potently and selectively inhibits the reuptake of both serotonin and norepinephrine at the presynaptic terminal.<ref>7</ref>,<ref>11</ref>,<ref>17</ref> This results in increased levels of neurotransmitters available at the synapse that can stimulate postsynaptic receptors.<ref>13</ref> It is suggested that venlafaxine has a 30-fold selectivity for serotonin compared to norepinephrine: venlafaxine initially inhibits serotonin reuptake at low doses, and with higher doses, it inhibits norepinephrine reuptake in addition to serotonin.<ref>11</ref>,<ref>12</ref> Venlafaxine and ODV are also weak inhibitors of dopamine reuptake.<ref>17</ref>","Venlafaxine is an antidepressant agent that works to ameliorate the symptoms of various psychiatric disorders by increasing the level of neurotransmitters in the synapse. Venlafaxine does not mediate muscarinic, histaminergic, or adrenergic effects.<ref>17</ref>","Venlafaxine is well absorbed after oral administration with an absolute bioavailability of approximately 45%. In mass balance studies, at least 92% of a single oral dose of venlafaxine was absorbed. After twice-daily oral administration of immediate-release formulation of 150 mg venlafaxine, Cmax was 150 ng/mL and Tmax was 5.5 hours. Cmax and Tmax of ODV were 260 ng/mL and nine hours, respectively. The extended-release formulation of venlafaxine has a slower rate of absorption, but the same extent of absorption as the immediate-release formulation. After once-daily administration of extended-release formulation of 75 mg venlafaxine, Cmax was 225 ng/mL and Tmax was two hours. Cmax and Tmax of ODV were 290 ng/mL and three hours, respectively.<ref>17</ref>
Food does not affect the bioavailability of venlafaxine or its active metabolite, O-desmethylvenlafaxine (ODV).<ref>17</ref>",The apparent volume of distribution at steady-state is 7.5 ± 3.7 L/kg for venlafaxine and 5.7 ± 1.8 L/kg for ODV.<ref>17</ref>,"Venlafaxine and ODV is 27% and 30% bound to plasma proteins, respectively.<ref>17</ref>","Following absorption, venlafaxine undergoes extensive presystemic metabolism in the liver. It primarily undergoes CYP2D6-mediated demethylation to form its active metabolite O-desmethylvenlafaxine (ODV).<ref>17</ref> Venlafaxine can also undergo N-demethylation mediated by CYP2C<ref>9</ref>, and CYP2C1<ref>9</ref>, and CYP3A4 to form N-desmethylvenlafaxine (NDV) but this is a minor metabolic pathway.<ref>8</ref> ODV and NDV further metabolized by CYP2C1<ref>9</ref>, CYP2D6 and/or CYP3A4 to form N,O-didesmethylvenlafaxine (NODV) <ref>9</ref> and NODV can be further metabolized to form N, N, O-tridesmethylvenlafaxine, followed by a possible glucuronidation.<ref>10</ref>
Hover over products below to view reaction partners
Venlafaxine
Desvenlafaxine
O-Desmethylvenlafaxine glucuronide
N,O-Didesmethylvenlafaxine
N,N,O-tridesmethylvenlafaxine
N,O-didesmethylvenlafaxine glucuronide
N-Desmethylvenlafaxine
N,O-Didesmethylvenlafaxine","Approximately 87% of a venlafaxine dose is recovered in the urine within 48 hours as unchanged venlafaxine (5%), unconjugated ODV (29%), conjugated ODV (26%), or other minor inactive metabolites (27%).<ref>17</ref>",The apparent elimination half-life is 5 ± 2 hours for venlafaxine and 11 ± 2 hours for ODV.<ref>17</ref>,Mean ± SD plasma apparent clearance at steady-state is 1.3 ± 0.6 L/h/kg for venlafaxine and 0.4 ± 0.2 L/h/kg for ODV.<ref>17</ref>,"Oral LD50 was 350 mg/kg in female rats and 700 mg/kg in male rats.<ref>16</ref>
There are reports of acute overdosage with venlafaxine either alone or in combination with other drugs including alcohol. Doses up to several-fold higher than the usual therapeutic dose have been ingested in these cases of acute overdosage. Somnolence is the most commonly reported symptom, along with other symptoms such as paresthesia of the extremities, moderate dizziness, altered consciousness, nausea, vomiting, numb hands and feet, hot-cold spells (which occur a few days after the overdose event), hypotension, convulsions, sinus and ventricular tachycardia, rhabdomyolysis, vertigo, liver necrosis, electrocardiogram changes (e.g., prolongation of QT interval, bundle branch block, QRS prolongation), serotonin syndrome, and death.<ref><ref>17</ref></ref>
There is no known antidote for venlafaxine overdose. Cases of overdose have been managed with or without symptomatic treatment, hospitalization, and activated charcoal.<ref><ref>17</ref></ref>
Retrospective studies suggest that the risk of fatal outcomes from venlafaxine overdosage is higher than that of SSRI antidepressants, but lower than that of tricyclic antidepressants.<ref><ref>17</ref></ref>","reference-A413: Ozyalcin SN, Talu GK, Kiziltan E, Yucel B, Ertas M, Disci R: The efficacy and safety of venlafaxine in the prophylaxis of migraine. Headache. 2005 Feb;45(2):144-52. | https://go.drugbank.com/articles/A413 || reference-A177226: Kennedy SH, Lam RW, McIntyre RS, Tourjman SV, Bhat V, Blier P, Hasnain M, Jollant F, Levitt AJ, MacQueen GM, McInerney SJ, McIntosh D, Milev RV, Muller DJ, Parikh SV, Pearson NL, Ravindran AV, Uher R: Canadian Network for Mood and Anxiety Treatments (CANMAT) 2016 Clinical Guidelines for the Management of Adults with Major Depressive Disorder: Section 3. Pharmacological Treatments. Can J Psychiatry. 2016 Sep;61(9):540-60. doi: 10.1177/0706743716659417. Epub 2016 Aug 2. | https://go.drugbank.com/articles/A177226 || reference-A177229: Pringsheim T, Davenport W, Mackie G, Worthington I, Aube M, Christie SN, Gladstone J, Becker WJ: Canadian Headache Society guideline for migraine prophylaxis. Can J Neurol Sci. 2012 Mar;39(2 Suppl 2):S1-59. | https://go.drugbank.com/articles/A177229 || reference-A177232: Gallagher HC, Gallagher RM, Butler M, Buggy DJ, Henman MC: Venlafaxine for neuropathic pain in adults. Cochrane Database Syst Rev. 2015 Aug 23;(8):CD011091. doi: 10.1002/14651858.CD011091.pub2. | https://go.drugbank.com/articles/A177232 || reference-A177235: Katzman MA, Bleau P, Blier P, Chokka P, Kjernisted K, Van Ameringen M, Antony MM, Bouchard S, Brunet A, Flament M, Grigoriadis S, Mendlowitz S, O'Connor K, Rabheru K, Richter PM, Robichaud M, Walker JR: Canadian clinical practice guidelines for the management of anxiety, posttraumatic stress and obsessive-compulsive disorders. BMC Psychiatry. 2014;14 Suppl 1:S1. doi: 10.1186/1471-244X-14-S1-S1. Epub 2014 Jul 2. | https://go.drugbank.com/articles/A177235 || reference-A177238: Handley AP, Williams M: The efficacy and tolerability of SSRI/SNRIs in the treatment of vasomotor symptoms in menopausal women: a systematic review. J Am Assoc Nurse Pract. 2015 Jan;27(1):54-61. doi: 10.1002/2327-6924.12137. Epub 2014 Jun 19. | https://go.drugbank.com/articles/A177238 || reference-A27600: Bymaster FP, Dreshfield-Ahmad LJ, Threlkeld PG, Shaw JL, Thompson L, Nelson DL, Hemrick-Luecke SK, Wong DT: Comparative affinity of duloxetine and venlafaxine for serotonin and norepinephrine transporters in vitro and in vivo, human serotonin receptor subtypes, and other neuronal receptors. Neuropsychopharmacology. 2001 Dec;25(6):871-80. | https://go.drugbank.com/articles/A27600 || reference-A14753: Fogelman SM, Schmider J, Venkatakrishnan K, von Moltke LL, Harmatz JS, Shader RI, Greenblatt DJ: O- and N-demethylation of venlafaxine in vitro by human liver microsomes and by microsomes from cDNA-transfected cells: effect of metabolic inhibitors and SSRI antidepressants. Neuropsychopharmacology. 1999 May;20(5):480-90. | https://go.drugbank.com/articles/A14753 || reference-A6998: Preskorn S, Patroneva A, Silman H, Jiang Q, Isler JA, Burczynski ME, Ahmed S, Paul J, Nichols AI: Comparison of the pharmacokinetics of venlafaxine extended release and desvenlafaxine in extensive and poor cytochrome P450 2D6 metabolizers. J Clin Psychopharmacol. 2009 Feb;29(1):39-43. doi: 10.1097/JCP.0b013e318192e4c1. | https://go.drugbank.com/articles/A6998 || reference-A19479: Howell SR, Husbands GE, Scatina JA, Sisenwine SF: Metabolic disposition of 14C-venlafaxine in mouse, rat, dog, rhesus monkey and man. Xenobiotica. 1993 Apr;23(4):349-59. | https://go.drugbank.com/articles/A19479 || reference-A252065: Sansone RA, Sansone LA: Serotonin norepinephrine reuptake inhibitors: a pharmacological comparison. Innov Clin Neurosci. 2014 Mar;11(3-4):37-42. | https://go.drugbank.com/articles/A252065 || reference-A252070: Stahl SM, Grady MM, Moret C, Briley M: SNRIs: their pharmacology, clinical efficacy, and tolerability in comparison with other classes of antidepressants. CNS Spectr. 2005 Sep;10(9):732-47. doi: 10.1017/s1092852900019726. | https://go.drugbank.com/articles/A252070 || reference-A252075: Singh D, Saadabadi A: Venlafaxine . | https://go.drugbank.com/articles/A252075 || reference-L10454: FDA Approved Drug Products: Effexor XR® extended-release capsules | https://www.accessdata.fda.gov/drugsatfda_docs/label/2017/020699s110s111lbl.pdf || reference-L10460: FDA Approved Drug Products: EFFEXOR XR (venlafaxine) Extended-Release Capsules (November 2021) | https://www.accessdata.fda.gov/drugsatfda_docs/label/2021/020699s113lbl.pdf || reference-L43025: Pfizer: EFFEXOR (Venlafaxine Hydrochloride Modified Release) MSDS | https://cdn.pfizer.com/pfizercom/products/material_safety_data/PZ01391.pdf || reference-L43030: FDA Approved Drug Products: EFFEXOR XR (venlafaxine extended-release) capsules, for oral use (August 2022) | https://www.accessdata.fda.gov/drugsatfda_docs/label/2022/020699s112lbl.pdf || reference-L47926: FDA Approved Drug Products: EFFEXOR XR (venlafaxine extended-release) capsules, for oral use (August 2023) | https://www.accessdata.fda.gov/drugsatfda_docs/label/2023/020699s118lbl.pdf"
opioids,,,,,,,,,,,,,,
fluvoxamine,DB00176,Fluvoxamine is a selective serotonin-reuptake inhibitor used to treat obsessive-compulsive disorder.,Indicated predominantly for the management of depression and for Obsessive Compulsive Disorder (OCD) <ref>Label</ref>. Has also been used in the management of bulimia nervosa <ref>2</ref>.,"The exact mechanism of action of fluvoxamine has not been fully determined, but appears to be linked to its inhibition of CNS neuronal uptake of serotonin <ref>Label</ref>,<ref>1</ref>,<ref>2</ref>. Fluvoxamine blocks the reuptake of serotonin at the serotonin reuptake pump of the neuronal membrane, enhancing the actions of serotonin on 5HT1A autoreceptors <ref>Label</ref>,<ref>1</ref>,<ref>2</ref>. Studies have also demonstrated that fluvoxamine has virtually no affinity for α1- or α<ref>2</ref>-adrenergic, β-adrenergic, muscarinic, dopamine D<ref>2</ref>, histamine H1, GABA-benzodiazepine, opiate, 5-HT1, or 5-HT<ref>2</ref> receptors, despite having an affinity for binding to σ1 receptors <ref>2</ref>.","Fluvoxamine, an aralkylketone-derivative agent <ref>Label</ref>, is one of a class of antidepressants known as selective serotonin reuptake inhibitors (SSRIs) that differs structurally from other SSRIs <ref><ref>1</ref></ref>. It is used to treat the depression associated with mood disorders. It is also used on occassion in the treatment of body dysmorphic disorder and anxiety <ref><ref>1</ref></ref>. The antidepressant, antiobsessive-compulsive, and antibulimic actions of Fluvoxamine are presumed to be linked to its inhibition of CNS neuronal uptake of serotonin <ref>Label</ref>,<ref><ref>1</ref></ref>,<ref>2</ref>. In vitro studies show that Fluvoxamine is a potent and selective inhibitor of neuronal serotonin reuptake and has only very weak effects on norepinephrine and dopamine neuronal reuptake <ref>2</ref>. Moreover, apart from binding to σ<ref><ref>1</ref></ref> receptors <ref>2</ref>, fluvoxamine has no significant affinity for adrenergic (alpha<ref><ref>1</ref></ref>, alpha<ref>2</ref>, beta), cholinergic, GABA, dopaminergic, histaminergic, serotonergic (5HT<ref><ref>1</ref></ref>A, 5HT<ref><ref>1</ref></ref>B, 5HT<ref>2</ref>), or benzodiazepine receptors; antagonism of such receptors has been hypothesized to be associated with various anticholinergic, sedative, and cardiovascular effects for other psychotropic drugs <ref><ref>1</ref></ref>. Furthermore, some studies have demonstrated that the chronic administration of Fluvoxamine was found to downregulate brain norepinephrine receptors (as has been observed with other drugs effective in the treatment of major depressive disorder), while others suggest the opposite <ref>3</ref>.","Well absorbed, bioavailability of fluvoxamine maleate is 53% <ref>Label</ref>.",25 L/kg <ref>Label</ref>.,~77-80% (plasma protein) <ref>Label</ref>.,"Fluvoxamine is metabolized extensively by the liver <ref>Label</ref>.
Hover over products below to view reaction partners
Fluvoxamine
fluvoxamino acid
Fluvoxamino alcohol","Nine metabolites were identified following a 5 mg radio labelled dose of fluvoxamine maleate, constituting approximately 85% of the urinary excretion products of fluvoxamine <ref><ref><ref><ref>Label</ref></ref></ref></ref>. The main human metabolite was fluvoxamine acid which, together with its N-acetylated analog, accounted for about 60% of the urinary excretion products <ref><ref><ref><ref>Label</ref></ref></ref></ref>. Approximately 2% of fluvoxamine was excreted in urine unchanged <ref><ref><ref><ref>Label</ref></ref></ref></ref>. Following a 14C-labelled oral dose of fluvoxamine maleate (5 mg), an average of 94% of drug-related products was recovered in the urine within 71 hours <ref><ref><ref><ref>Label</ref></ref></ref></ref>.",15.6 hours <ref>Label</ref>.,Not Available,"Fluvoxamine is a member of antidepressants that possess an increased risk compared to placebo of suicidal thinking and behaviour (suicidality) in children, adolescents, and young adults (ages including and and below 24) in short-term studies of major depressive disorder and other psychiatric disorders <ref><ref><ref>Label</ref></ref></ref>.
Fluvoxamine maleate tablets are not approved for use in pediatric patients except for patients with obsessive compulsive disorder (OCD) <ref><ref><ref>Label</ref></ref></ref>.
Side effects include anorexia, constipation, dry mouth, headache, nausea, nervousness, skin rash, sleep problems, somnolence, liver toxicity, mania, increase urination, seizures, sweating increase, tremors, or Tourette's syndrome <ref><ref><ref>Label</ref></ref></ref>.","reference-A249: Dell'Osso B, Allen A, Hollander E: Fluvoxamine: a selective serotonin re-uptake inhibitor for the treatment of obsessive-compulsive disorder. Expert Opin Pharmacother. 2005 Dec;6(15):2727-40. | https://go.drugbank.com/articles/A249 || reference-A250: Irons J: Fluvoxamine in the treatment of anxiety disorders. Neuropsychiatr Dis Treat. 2005 Dec;1(4):289-99. | https://go.drugbank.com/articles/A250 || reference-A31914: Foster RH, Goa KL: Paroxetine : a review of its pharmacology and therapeutic potential in the management of panic disorder. CNS Drugs. 1997 Aug;8(2):163-88. doi: 10.2165/00023210-199708020-00010. | https://go.drugbank.com/articles/A31914"
iloperidone,DB04946,Iloperidone is an atypical antipsychotic agent used to treat schizophrenia and manic or mixed episodes associated with bipolar I disorder in adults.,Iloperidone is indicated for the treatment of schizophrenia in adults.<ref>6</ref> It is also used for the acute treatment of manic or mixed episodes associated with bipolar I disorder in adults.<ref>6</ref>,The exact mechanism of action of iloperidone in schizophrenia and bipolar I disorder has not been fully elucidated. It is believed that the drug mechanism of action may be related to its antagonism at the dopamine D2 and 5-HT2A receptors.<ref>6</ref>,"Iloperidone binds to various receptors. It exhibits the highest affinity for dopamine D2 receptors, serotonin 5-HT2A receptors, and α1-adrenergic receptors.<ref>2</ref>,<ref>6</ref>
Due to its α1 adrenergic antagonism, iloperidone may produce hypotension. It can also prolong the QTc interval.<ref>6</ref>","Iloperidone is well-absorbed following oral administration.<ref><ref>6</ref></ref> Oral bioavailability is approximately 3<ref><ref>6</ref></ref>% in humans.<ref>1</ref> The relative availability of the tablet formulation compared to the oral solution is 9<ref><ref>6</ref></ref>%.<ref><ref>6</ref></ref> The Tmax is two to four hours with single dosing and <ref>1</ref>.5 hours with multiple dosing.<ref>1</ref>
A high-fat meal can delay the Tmax of iloperidone and its active metabolite, P88, by one and two hours, respectively; however, food has negligible effects on drug Cmax and AUC.<ref><ref>6</ref></ref>",The apparent volume of distribution ranges from 1340 L to 2800 L.<ref>6</ref>,"Iloperidone is about 95% bound to serum proteins.<ref>1</ref> At therapeutic concentrations, the unbound fraction of iloperidone and its metabolites (P88 and P95) in plasma is about 3% and 8%, respectively.<ref>6</ref>","Iloperidone is mainly metabolized in the liver.<ref>6</ref> It primarily undergoes three major biotransformation pathways: carbonyl reduction to produce P88, CYP2D<ref>6</ref>-mediated hydroxylation to produce P95, and CYP3A4-mediated O-demethylation to produce P89.<ref>1</ref>
P88 and P95 are the two major metabolites. P95 represents 47.9% of the AUC of iloperidone and its metabolites in plasma at steady-state for extensive metabolizers (EM) and 25% for poor metabolizers (PM). P88 is an active metabolite with an in vitro receptor binding profile that is comparable to the parent drug: It accounts for <ref>1</ref>9.5% and 34% of total plasma exposure in EM and PM, respectively.<ref>6</ref>
Hover over products below to view reaction partners
Iloperidone
P-88
P-<ref>95</ref>","The main route of elimination is renal.<ref>1</ref> About 58.2% and 45.<ref>1</ref>% of the drug were found in urine in extensive metabolizers (EM) and poor metabolizers (PM), respectively. Feces accounted for <ref>1</ref>9.9% (EM) to 22.<ref>1</ref>% (PM) of the dosed radioactivity.<ref>6</ref>","The observed mean elimination half-lives for iloperidone, P88, and P95 in CYP2D<ref>6</ref> extensive metabolizers (EM) are 18, 2<ref>6</ref>, and 23 hours, respectively. The mean half-lives of iloperidone, P88, and P95 in CYP2D<ref>6</ref> poor metabolizers (PM) are 33, 37, and 31 hours, respectively.<ref>6</ref>",Iloperidone has an apparent clearance of 47 to 102 L/h.<ref>6</ref>,"The intraperitoneal lowest published toxic dose (TDLo) is 0.03 mg/kg in rats.<ref>7</ref>
In pre-marketing trials, there were eight cases of accidental or intentional overdose of iloperidone from doses ranging from 48 mg to 5<ref>7</ref><ref>6</ref> mg taken once and 292 mg taken over three days. There were no deaths from overdose. The largest confirmed single ingestion of iloperidone was 5<ref>7</ref><ref>6</ref> mg; however, no adverse physical effects were reported for this patient. The next largest confirmed ingestion of iloperidone was 438 mg over four days: This patient experienced extrapyramidal symptoms and a QTc interval of 50<ref>7</ref> msec with no cardiac sequelae. In general, reported signs and symptoms were those resulting from an exaggeration of the known pharmacological effects of iloperidone, including drowsiness, sedation, tachycardia, and hypotension. There is no known antidote for iloperidone overdose; thus, treatment should be supportive.<ref>6</ref>","reference-A3024: Citrome L: Iloperidone: chemistry, pharmacodynamics, pharmacokinetics and metabolism, clinical efficacy, safety and tolerability, regulatory affairs, and an opinion. Expert Opin Drug Metab Toxicol. 2010 Dec;6(12):1551-64. doi: 10.1517/17425255.2010.531259. Epub 2010 Nov 1. | https://go.drugbank.com/articles/A3024 || reference-A263542: Rado JT, Janicak PG: Long-term efficacy and safety of iloperidone: an update. Neuropsychiatr Dis Treat. 2014 Feb 26;10:409-15. doi: 10.2147/NDT.S37824. eCollection 2014. | https://go.drugbank.com/articles/A263542 || reference-A263547: Jain KK: An assessment of iloperidone for the treatment of schizophrenia. Expert Opin Investig Drugs. 2000 Dec;9(12):2935-43. doi: 10.1517/13543784.9.12.2935. | https://go.drugbank.com/articles/A263547 || reference-A263552: Citrome L: Iloperidone for schizophrenia: a review of the efficacy and safety profile for this newly commercialised second-generation antipsychotic. Int J Clin Pract. 2009 Aug;63(8):1237-48. doi: 10.1111/j.1742-1241.2009.02142.x. | https://go.drugbank.com/articles/A263552 || reference-A263557: Albers LJ, Musenga A, Raggi MA: Iloperidone: a new benzisoxazole atypical antipsychotic drug. Is it novel enough to impact the crowded atypical antipsychotic market? Expert Opin Investig Drugs. 2008 Jan;17(1):61-75. doi: 10.1517/13543784.17.1.61. | https://go.drugbank.com/articles/A263557 || reference-L50527: FDA Approved Drug Products: FANAPT (iloperidone) tablets, for oral use (April 2024) | https://www.accessdata.fda.gov/drugsatfda_docs/label/2024/022192s023lbl.pdf || reference-L50532: Cayman Chemical: Iloperidone MSDS | https://cdn.caymanchem.com/cdn/msds/22957m.pdf"
antidepressants,,,,,,,,,,,,,,
modafinil,DB00745,"Modafinil is a stimulant used to improve wakefulness in patients with sleep apnea, narcolepsy, or shift work disorder.",To improve wakefulness in patients with excessive daytime sleepiness (EDS) associated with narcolepsy.,"The exact mechanism of action is unclear, although in vitro studies have shown it to inhibit the reuptake of dopamine by binding to the dopamine reuptake pump, and lead to an increase in extracellular dopamine. Modafinil activates glutamatergic circuits while inhibiting GABA. Modafinil is thought to have less potential for abuse than other stimulants due to the absence of any significant euphoric or pleasurable effects. It is possible that modafinil acts by a synergistic combination of mechanisms including direct inhibition of dopamine reuptake, indirect inhibition of noradrenalin reuptake in the VLPO and orexin activation. Modafinil has partial alpha 1B-adrenergic agonist effects by directly stimulating the receptors.","Modafinil is a stimulant drug marketed as a 'wakefulness promoting agent' and is one of the stimulants used in the treatment of narcolepsy. Narcolepsy is caused by dysfunction of a family of wakefulness-promoting and sleep-suppressing peptides, the orexins, whose neurons are activated by modafinil. The prexin neuron activation is associated with psychoactivation and euphoria. Modafinil is not indicated for complaints of lack of energy or fatigue; but it appears to be very helpful for some patients. Also, it has been used in the treatment of hypersomnia, a disorder in which patients lack the capacity for meaningful sleep and may require ten or more hours per day. Recent studies have have found that modafinil may help recovering cocaine addicts fight their addiction.",Rapid following oral administration.,0.9 L/kg,60%,"Hepatic
Hover over products below to view reaction partners
Modafinil
modafinil acid","The major route of elimination is metabolism (~90%), primarily by the liver, with subsequent renal elimination of the metabolites.",23-215 hours,Not Available,Not Available,"reference-A1145: Lindsay SE, Gudelsky GA, Heaton PC: Use of modafinil for the treatment of attention deficit/hyperactivity disorder. Ann Pharmacother. 2006 Oct;40(10):1829-33. Epub 2006 Sep 5. | https://go.drugbank.com/articles/A1145 || reference-A1146: Ishizuka T, Sakamoto Y, Sakurai T, Yamatodani A: Modafinil increases histamine release in the anterior hypothalamus of rats. Neurosci Lett. 2003 Mar 20;339(2):143-6. | https://go.drugbank.com/articles/A1146"
ethanol,DB00898,Summary not available,"For therapeutic neurolysis of nerves or ganglia for the relief of intractable chronic pain in such conditions as inoperable cancer and trigeminal neuralgia (tic douloureux), in patients for whom neurosurgical procedures are contraindicated.","Ethanol affects the brain’s neurons in several ways. It alters their membranes as well as their ion channels, enzymes, and receptors. Alcohol also binds directly to the receptors for acetylcholine, serotonin, GABA, and the NMDA receptors for glutamate. The sedative effects of ethanol are mediated through binding to GABA receptors and glycine receptors (alpha 1 and alpha 2 subunits). It also inhibits NMDA receptor functioning. In its role as an anti-infective, ethanol acts as an osmolyte or dehydrating agent that disrupts the osmotic balance across cell membranes.","Alcohol produces injury to cells by dehydration and precipitation of the cytoplasm or protoplasm. This accounts for its bacteriocidal and antifungal action. When alcohol is injected in close proximity to nerve tissues, it produces neuritis and nerve degeneration (neurolysis). Ninety to 98% of ethanol that enters the body is completely oxidized. Ethanol is also used as a cosolvent to dissolve many insoluble drugs and to serve as a mild sedative in some medicinal formulations. Ethanol also binds to GABA, glycine, NMDA receptors and modulates their effects. Ethanol is also metabolised by the hepatic enzyme alcohol dehydrogenase.",Rapidly absorbed.,Not Available,Not Available,"Hepatic. Metabolized by cytochrome P450 enzyme CYP2E1.
Hover over products below to view reaction partners
Ethanol
acetaldehyde
Ethyl glucuronide",Not Available,Not Available,Not Available,"Oral, rat LD50: 5628 mg/kg. Symptoms and effects of overdose include nausea, vomiting, CNS depression, acute respiratory failure or death and with chronic use, severe health problems, such as liver and brain damage.","reference-A1349: Snyder R, Kalf GF: A perspective on benzene leukemogenesis. Crit Rev Toxicol. 1994;24(3):177-209. | https://go.drugbank.com/articles/A1349 || reference-A1350: Chastain G: Alcohol, neurotransmitter systems, and behavior. J Gen Psychol. 2006 Oct;133(4):329-35. | https://go.drugbank.com/articles/A1350 || reference-A1351: McDonnell G, Russell AD: Antiseptics and disinfectants: activity, action, and resistance. Clin Microbiol Rev. 1999 Jan;12(1):147-79. | https://go.drugbank.com/articles/A1351 || reference-A1352: Barceloux DG, Bond GR, Krenzelok EP, Cooper H, Vale JA: American Academy of Clinical Toxicology practice guidelines on the treatment of methanol poisoning. J Toxicol Clin Toxicol. 2002;40(4):415-46. | https://go.drugbank.com/articles/A1352 || reference-A1353: Hingson R, Winter M: Epidemiology and consequences of drinking and driving. Alcohol Res Health. 2003;27(1):63-78. | https://go.drugbank.com/articles/A1353"
bupropion,DB01156,"Bupropion is a norepinephrine and dopamine reuptake inhibitor used in the treatment of major depressive disorder (MDD), seasonal affective disorder (SAD), and as an aid to smoking cessation.","Bupropion is indicated for the treatment of major depressive disorder (MDD), seasonal affective disorder (SAD), and as an aid to smoking cessation. When used in combination with naltrexone as the marketed product ContraveⓇ, bupropion is indicated as an adjunct to a reduced-calorie diet and increased physical activity for chronic weight management in adults with an initial body mass index (BMI) of: 30 kg/m^2 or greater (obese) or 27 kg/m^2 or greater (overweight) in the presence of at least one weight-related comorbid condition (e.g., hypertension, type 2 diabetes mellitus, or dyslipidemia). Bupropion is also used off-label as a first-line treatment in patients with ADHD and comorbid bipolar disorder when used as an adjunct to mood stabilizers.<ref>28</ref>","Bupropion is a norepinephrine/dopamine-reuptake inhibitor (NDRI) that exerts its pharmacological effects by weakly inhibiting the enzymes involved in the uptake of the neurotransmitters norepinephrine and dopamine from the synaptic cleft, therefore prolonging their duration of action within the neuronal synapse and the downstream effects of these neurotransmitters. More specifically, bupropion binds to the norepinephrine transporter (NET) and the dopamine transporter (DAT).<ref>8</ref>,<ref>12</ref>
Bupropion was originally classified as an ""atypical"" antidepressant because it does not exert the same effects as the classical antidepressants such as Monoamine Oxidase Inhibitors (MAOIs), Tricyclic Antidepressants (TCAs), or Selective Serotonin Reuptake Inhibitors (SSRIs). While it has comparable effectiveness to typical first-line options for the treatment of depression such as SSRIs,<ref>9</ref>,<ref>10</ref> bupropion is a unique option for the treatment of MDD as it lacks any clinically relevant serotonergic effects, typical of other mood medications, or any effects on histamine or adrenaline receptors.<ref>8</ref>,<ref>16</ref> Lack of activity at these receptors results in a more tolerable side effect profile; bupropion is less likely to cause sexual side effects, sedation, or weight gain as compared to SSRIs or TCAs, for example.<ref>10</ref>,<ref>11</ref>
When used as an aid to smoking cessation, bupropion is thought to confer its anti-craving and anti-withdrawal effects by inhibiting dopamine reuptake, which is thought to be involved in the reward pathways associated with nicotine, and through the antagonism of the nicotinic acetylcholinergic receptor (AChR), thereby blunting the effects of nicotine.<ref>15</ref>,<ref>1</ref>,<ref>14</ref> Furthermore, the stimulatory effects produced by bupropion in the central nervous system are similar to nicotine's effects, making low doses of bupropion a suitable option as a nicotine substitute.<ref>23</ref>
When used in combination with naltrexone in the marketed product ContraveⓇ for chronic weight management, the two components are thought to have effects on areas of the brain involved in the regulation of food intake. This includes the hypothalamus, which is involved in appetite regulation, and the mesolimbic dopamine circuit, which is involved in reward pathways.<ref>24</ref> Studies have shown that the combined activity of bupropion and naltrexone increase the firing rate of hypothalamic pro-opiomelanocortin (POMC) neurons and blockade of opioid receptor-mediated POMC auto-inhibition, which are associated with a reduction in food intake and increased energy expenditure.<ref>24</ref>,20,<ref>22</ref> This combination was also found to reduce food intake when injected directly into the ventral tegmental area of the mesolimbic circuit in mice, which is an area associated with the regulation of reward pathways.<ref>24</ref>","Bupropion is chemically unrelated to tricyclic, tetracyclic, selective serotonin re-uptake inhibitors, or other known antidepressant agents. Compared to classical tricyclic antidepressants, Bupropion is a relatively weak inhibitor of the neuronal uptake of norepinephrine and dopamine. In addition, Bupropion does not inhibit monoamine oxidase. Bupropion has been found to be essentially inactive at the serotonin transporter (SERT)(IC50 >10 000 nM),<ref>12</ref> however both bupropion and its primary metabolite hydroxybupropion have been found to block the function of cation-selective serotonin type 3A receptors (5-HT3ARs).
Bupropion produces dose-related central nervous system (CNS) stimulant effects in animals, as evidenced by increased locomotor activity, increased rates of responding in various schedule-controlled operant behaviour tasks, and, at high doses, induction of mild stereotyped behaviour <ref><ref><ref>Label</ref></ref></ref>. Due to these stimulant effects and selective activity at dopamine and norepinephrine receptors, bupropion has been identified as having an abuse potential.<ref><ref><ref>Label</ref></ref></ref>,<ref>17</ref> Bupropion has a similar structure to the controlled substance Cathinone, and has been identified as having mild amphetamine-like activity, particularly when inhaled or injected.<ref>17</ref>
Bupropion is also known to lower the seizure threshold, making any pre-existing seizure conditions a contraindication to its use. This risk is exacerbated when bupropion is combined with other drugs or substances that lower the seizure threshold, such as cocaine, or in clinical situations that would increase the risk of a seizure such as abrupt alcohol or benzodiazepine withdrawal.<ref><ref><ref>Label</ref></ref></ref> As norepinephrine has been shown to have anticonvulsant properties, bupropion's inhibitory effects on NET are thought to contribute to its pro-convulsant activity.<ref>17</ref>
Bupropion has been shown to increase blood pressure and pose a risk for exacerbation of unmanaged or pre-existing hypertension,18,<ref><ref><ref>Label</ref></ref></ref> however, clinical trials of bupropion in smokers with CVD have not identified an increased incidence of CV events including stroke or heart attack.<ref>19</ref> In clinical trials, the mean increase in systolic blood pressure associated with the use of bupropion was found to be 1.3 mmHg.<ref><ref><ref>Label</ref></ref></ref>","Bupropion is currently available in 3 distinct, but bioequivalent formulations: immediate release (IR), sustained-release (SR), and extended-release (XL).
Immediate Release Formulation In humans, following oral administration of bupropion hydrochloride tablets, peak plasma bupropion concentrations are usually achieved within 2 hours. IR formulations provide a short duration of action and are therefore generally dosed three times per day.
Sustained Release Formulation In humans, following oral administration of bupropion hydrochloride sustained-release tablets (SR), peak plasma concentration (Cmax) of bupropion is usually achieved within 3 hours. SR formulations provide a 12-hour extended release of medication and are therefore generally dosed twice per day.
Extended Release Formulation Following single oral administration of bupropion hydrochloride extended-release tablets (XL) to healthy volunteers, the median time to peak plasma concentrations for bupropion was approximately 5 hours. The presence of food did not affect the peak concentration or area under the curve of bupropion. XL formulations provide a 24-hour extended release of medication and are therefore generally dosed once per day/
In a trial comparing chronic dosing with bupropion hydrochloride extended-release tablets (SR) 150 mg twice daily to bupropion immediate-release formulation 100 mg 3 times daily, the steady state Cmax for bupropion after bupropion hydrochloride sustained-release tablets (SR) administration was approximately 85% of those achieved after bupropion immediate-release formulation administration. Exposure (AUC) to bupropion was equivalent for both formulations. Bioequivalence was also demonstrated for all three major active metabolites (i.e., hydroxybupropion, threohydrobupropion and erythrohydrobupropion) for both Cmax and AUC. Thus, at steady state, bupropion hydrochloride sustained-release tablets (SR) given twice daily, and the immediate-release formulation of bupropion given 3 times daily, are essentially bioequivalent for both bupropion and the 3 quantitatively important metabolites.<ref><ref><ref><ref>Label</ref></ref></ref></ref>
Furthermore, in a study comparing 14-day dosing with bupropion hydrochloride extended-release tablets (XL), 300 mg once-daily to the immediate-release formulation of bupropion at 100 mg 3 times daily, equivalence was demonstrated for peak plasma concentration and area under the curve for bupropion and the three metabolites (hydroxybupropion, threohydrobupropion, and erythrohydrobupropion). Additionally, in a study comparing 14-day dosing with bupropion hydrochloride extended-release tablets (XL) 300 mg once daily to the sustained-release formulation of bupropion at 150 mg 2 times daily, equivalence was demonstrated for peak plasma concentration and area under the curve for bupropion and the three metabolites.<ref><ref><ref><ref>Label</ref></ref></ref></ref>
Bupropion hydrochloride extended-release tablets (SR) can be taken with or without food. Bupropion Cmax and AUC were increased by 11% to 35% and 16% to 19%, respectively, when bupropion hydrochloride extended-release tablets (SR) was administered with food to healthy volunteers in three trials. The food effect is not considered clinically significant.<ref><ref><ref><ref>Label</ref></ref></ref></ref>
Following a single-dose administration of bupropion hydrochloride extended-release tablets (SR) in humans, Cmax of bupropion's metabolite hydroxybupropion occurs approximately 6 hours post-dose and is approximately 10 times the peak level of the parent drug at steady state. The elimination half-life of hydroxybupropion is approximately 20 (±5) hours and its AUC at steady state is about 17 times that of bupropion. The times to peak concentrations for the erythrohydrobupropion and threohydrobupropion metabolites are similar to that of the hydroxybupropion metabolite. However, their elimination half-lives are longer, 33(±10) and 37 (±13) hours, respectively, and steady-state AUCs are 1.5 and 7 times that of bupropion, respectively.<ref><ref><ref><ref>Label</ref></ref></ref></ref>",Not Available,"In vitro tests show that bupropion is 84% bound to human plasma proteins at concentrations up to 200 mcg per mL. The extent of protein binding of the hydroxybupropion metabolite is similar to that for bupropion, whereas the extent of protein binding of the threohydrobupropion metabolite is about half that seen with bupropion.<ref>Label</ref>","Bupropion is extensively metabolized in humans. Three metabolites are active: hydroxybupropion, which is formed via hydroxylation of the tert-butyl group of bupropion, and the amino-alcohol isomers, threohydrobupropion and erythrohydrobupropion, which are formed via reduction of the carbonyl group. In vitro findings suggest that CYP2B6 is the principal isoenzyme involved in the formation of hydroxybupropion, while cytochrome P450 enzymes are not involved in the formation of threohydrobupropion. Hydroxybupropion has been shown to have the same affinity as bupropion for the norepinephrine transporter (NET) but approximately 50% of its antidepressant activity despite reaching concentrations of ~10-fold higher than that of the parent drug.<ref>23</ref>
Oxidation of the bupropion side chain results in the formation of a glycine conjugate of meta-chlorobenzoic acid, which is then excreted as the major urinary metabolite. The potency and toxicity of the metabolites relative to bupropion have not been fully characterized. However, it has been demonstrated in an antidepressant screening test in mice that hydroxybupropion is one-half as potent as bupropion, while threohydrobupropion and erythrohydrobupropion are 5-fold less potent than bupropion. This may be of clinical importance because the plasma concentrations of the metabolites are as high as or higher than those of bupropion.<ref>Label</ref>
Bupropion and its metabolites exhibit linear kinetics following chronic administration of 300 to 450 mg per day.
Hover over products below to view reaction partners
Bupropion
S-Hydroxybupropion
S,S-Hydroxybupropion
S,S-Hydroxybupropion glucuronide
S-4'-hydroxybupropion
S-4'-hydroxybupropion sulfate
S-4'-hydroxybupropion glucuronide
R,S-erythro-4'-hydroxy-hydrobupropion
S,S-threo-4'-hydroxy-hydrobupropion
R-Hydroxybupropion
R,R-Hydroxybupropion
R,R-Hydroxybupropion glucuronide
R-4'-hydroxybupropion
R-4'-hydroxybupropion sulfate
R-4'-hydroxybupropion glucuronide
R,S-erythro-4'-hydroxy-hydrobupropion
R,R-threo-4'-hydroxy-hydrobupropion
R,R-threohydrobupropion
R,R-threohydrobupropion glucuronide
R,R-threo-4'-hydroxy-hydrobupropion
S,S-threohydrobupropion
S,S-threohydrobupropion glucuronide
S,S-threo-4'-hydroxy-hydrobupropion
R,S-erythrohydrobupropion
R,S-erythrohydrobupropion glucuronide
R,S-erythro-4'-hydroxy-hydrobupropion
S,R-erythrohydrobupropion
S,R-erythrohydrobupropion glucuronide
S,R-erythro-4'-hydroxy-hydrobupropion
(2R)-2-(tert-butylamino)-1-(3-chlorophenyl)-3-hydroxypropan-1-one","Bupropion is extensively metabolized in humans. Oxidation of the bupropion side chain results in the formation of a glycine conjugate of metachlorobenzoic acid, which is then excreted as the major urinary metabolite. Following oral administration of 200 mg of 14C-bupropion in humans, 87% and 10% of the radioactive dose were recovered in the urine and feces, respectively. However, the fraction of the oral dose of bupropion excreted unchanged was only 0.5%, a finding consistent with the extensive metabolism of bupropion.",24 hours,Not Available,"Symptoms of overdose include seizures, hallucinations, loss of consciousness, tachycardia, and cardiac arrest.","reference-A1966: Fryer JD, Lukas RJ: Noncompetitive functional inhibition at diverse, human nicotinic acetylcholine receptor subtypes by bupropion, phencyclidine, and ibogaine. J Pharmacol Exp Ther. 1999 Jan;288(1):88-92. | https://go.drugbank.com/articles/A1966 || reference-A1968: Fava M, Rush AJ, Thase ME, Clayton A, Stahl SM, Pradko JF, Johnston JA: 15 years of clinical experience with bupropion HCl: from bupropion to bupropion SR to bupropion XL. Prim Care Companion J Clin Psychiatry. 2005;7(3):106-13. | https://go.drugbank.com/articles/A1968 || reference-A1971: Thase ME, Haight BR, Richard N, Rockett CB, Mitton M, Modell JG, VanMeter S, Harriett AE, Wang Y: Remission rates following antidepressant therapy with bupropion or selective serotonin reuptake inhibitors: a meta-analysis of original data from 7 randomized controlled trials. J Clin Psychiatry. 2005 Aug;66(8):974-81. | https://go.drugbank.com/articles/A1971 || reference-A1972: Authors unspecified: Annual report on the results of treatment in gynecological cancer. Twenty-first volume. Statements of results obtained in patients treated in 1982 to 1986, inclusive 3 and 5-year survival up to 1990. Int J Gynaecol Obstet. 1991 Sep;36 Suppl:1-315. | https://go.drugbank.com/articles/A1972 || reference-A410: Thase ME, Clayton AH, Haight BR, Thompson AH, Modell JG, Johnston JA: A double-blind comparison between bupropion XL and venlafaxine XR: sexual functioning, antidepressant efficacy, and tolerability. J Clin Psychopharmacol. 2006 Oct;26(5):482-8. | https://go.drugbank.com/articles/A410 || reference-A39119: Richter T, Schwab M, Eichelbaum M, Zanger UM: Inhibition of human CYP2B6 by N,N',N''-triethylenethiophosphoramide is irreversible and mechanism-based. Biochem Pharmacol. 2005 Feb 1;69(3):517-24. doi: 10.1016/j.bcp.2004.10.008. Epub 2004 Dec 15. | https://go.drugbank.com/articles/A39119 || reference-A178789: Trivedi MH, Fava M, Wisniewski SR, Thase ME, Quitkin F, Warden D, Ritz L, Nierenberg AA, Lebowitz BD, Biggs MM, Luther JF, Shores-Wilson K, Rush AJ: Medication augmentation after the failure of SSRIs for depression. N Engl J Med. 2006 Mar 23;354(12):1243-52. doi: 10.1056/NEJMoa052964. | https://go.drugbank.com/articles/A178789 || reference-A6399: Stahl SM, Pradko JF, Haight BR, Modell JG, Rockett CB, Learned-Coughlin S: A Review of the Neuropharmacology of Bupropion, a Dual Norepinephrine and Dopamine Reuptake Inhibitor. Prim Care Companion J Clin Psychiatry. 2004;6(4):159-166. | https://go.drugbank.com/articles/A6399 || reference-A178798: John Rush A, Jain SB: Clinical Implications of the STAR*D Trial. Handb Exp Pharmacol. 2018 Sep 11. doi: 10.1007/164_2018_153. | https://go.drugbank.com/articles/A178798 || reference-A178804: Patel K, Allen S, Haque MN, Angelescu I, Baumeister D, Tracy DK: Bupropion: a systematic review and meta-analysis of effectiveness as an antidepressant. Ther Adv Psychopharmacol. 2016 Apr;6(2):99-144. doi: 10.1177/2045125316629071. Epub 2016 Feb 18. | https://go.drugbank.com/articles/A178804 || reference-A178807: Ashton AK, Rosen RC: Bupropion as an antidote for serotonin reuptake inhibitor-induced sexual dysfunction. J Clin Psychiatry. 1998 Mar;59(3):112-5. | https://go.drugbank.com/articles/A178807 || reference-A178810: Shalabi AR, Walther D, Baumann MH, Glennon RA: Deconstructed Analogues of Bupropion Reveal Structural Requirements for Transporter Inhibition versus Substrate-Induced Neurotransmitter Release. ACS Chem Neurosci. 2017 Jun 21;8(6):1397-1403. doi: 10.1021/acschemneuro.7b00055. Epub 2017 Feb 27. | https://go.drugbank.com/articles/A178810 || reference-A178816: Cahill K, Stevens S, Perera R, Lancaster T: Pharmacological interventions for smoking cessation: an overview and network meta-analysis. Cochrane Database Syst Rev. 2013 May 31;(5):CD009329. doi: 10.1002/14651858.CD009329.pub2. | https://go.drugbank.com/articles/A178816 || reference-A16508: Slemmer JE, Martin BR, Damaj MI: Bupropion is a nicotinic antagonist. J Pharmacol Exp Ther. 2000 Oct;295(1):321-7. | https://go.drugbank.com/articles/A16508 || reference-A178825: Johnston AJ, Ascher J, Leadbetter R, Schmith VD, Patel DK, Durcan M, Bentley B: Pharmacokinetic optimisation of sustained-release bupropion for smoking cessation. Drugs. 2002;62 Suppl 2:11-24. doi: 10.2165/00003495-200262002-00002. | https://go.drugbank.com/articles/A178825 || reference-A178840: Pandhare A, Pappu AS, Wilms H, Blanton MP, Jansen M: The antidepressant bupropion is a negative allosteric modulator of serotonin type 3A receptors. Neuropharmacology. 2017 Feb;113(Pt A):89-99. doi: 10.1016/j.neuropharm.2016.09.021. Epub 2016 Sep 24. | https://go.drugbank.com/articles/A178840 || reference-A178846: Ahern TH, Javors MA, Eagles DA, Martillotti J, Mitchell HA, Liles LC, Weinshenker D: The effects of chronic norepinephrine transporter inactivation on seizure susceptibility in mice. Neuropsychopharmacology. 2006 Apr;31(4):730-8. doi: 10.1038/sj.npp.1300847. | https://go.drugbank.com/articles/A178846 || reference-A178852: Roose SP, Dalack GW, Glassman AH, Woodring S, Walsh BT, Giardina EG: Cardiovascular effects of bupropion in depressed patients with heart disease. Am J Psychiatry. 1991 Apr;148(4):512-6. doi: 10.1176/ajp.148.4.512. | https://go.drugbank.com/articles/A178852 || reference-A178855: Benowitz NL, Pipe A, West R, Hays JT, Tonstad S, McRae T, Lawrence D, St Aubin L, Anthenelli RM: Cardiovascular Safety of Varenicline, Bupropion, and Nicotine Patch in Smokers: A Randomized Clinical Trial. JAMA Intern Med. 2018 May 1;178(5):622-631. doi: 10.1001/jamainternmed.2018.0397. | https://go.drugbank.com/articles/A178855 || reference-A179038: Wang GJ, Tomasi D, Volkow ND, Wang R, Telang F, Caparelli EC, Dunayevich E: Effect of combined naltrexone and bupropion therapy on the brain's reactivity to food cues. Int J Obes (Lond). 2014 May;38(5):682-8. doi: 10.1038/ijo.2013.145. Epub 2013 Aug 8. | https://go.drugbank.com/articles/A179038 || reference-A179047: Greenway FL, Fujioka K, Plodkowski RA, Mudaliar S, Guttadauria M, Erickson J, Kim DD, Dunayevich E: Effect of naltrexone plus bupropion on weight loss in overweight and obese adults (COR-I): a multicentre, randomised, double-blind, placebo-controlled, phase 3 trial. Lancet. 2010 Aug 21;376(9741):595-605. doi: 10.1016/S0140-6736(10)60888-4. Epub 2010 Jul 29. | https://go.drugbank.com/articles/A179047 || reference-A179050: Reece AS: Hypothalamic opioid-melanocortin appetitive balance and addictive craving. Med Hypotheses. 2011 Jan;76(1):132-7. doi: 10.1016/j.mehy.2010.09.002. | https://go.drugbank.com/articles/A179050 || reference-A179062: Arias HR: Is the inhibition of nicotinic acetylcholine receptors by bupropion involved in its clinical actions? Int J Biochem Cell Biol. 2009 Nov;41(11):2098-108. doi: 10.1016/j.biocel.2009.05.015. Epub 2009 Jun 2. | https://go.drugbank.com/articles/A179062 || reference-L6562: Dailymed: Contrave (bupropion + naltrexone) | https://dailymed.nlm.nih.gov/dailymed/drugInfo.cfm?setid=ed2da3a6-0614-4bea-8e82-962cbaae6428 || reference-L10589: FDA Approved Drug Products: Wellbutrin XL® extended-release tablets | https://www.accessdata.fda.gov/drugsatfda_docs/label/2019/021515s040lbl.pdf || reference-L10592: FDA Approved Drug Products: Wellbutrin immediate-release tablets | https://www.accessdata.fda.gov/drugsatfda_docs/label/2019/018644s054lbl.pdf || reference-L42945: FDA Approved Drug Products: AUVELITY (dextromethorphan hydrobromide and bupropion hydrochloride) extended-release tablets, for oral use | https://www.auvelity.com/prescribing-information.pdf || reference-F4624: The Canadian Network for Mood and Anxiety Treatments (CANMAT) task force recommendations for the management of patients with mood disorders and comorbid attention-deficit/hyperactivity disorder | https://s3-us-west-2.amazonaws.com/drugbank/cite_this/attachments/files/000/004/624/original/CANMAT_Comorbidity_Mood-Disorders-and-ADHD-20121.pdf?1558035212"
methylphenidate,DB00422,Methylphenidate is a stimulant used in the management of Attention Deficit Hyperactivity Disorder (ADHD).,Methylphenidate is indicated for the treatment of Attention Deficit Hyperactivity Disorder (ADHD) in patients 6 years of age and older and for the treatment of narcolepsy.,"While its exact mechanism is unclear, methylphenidate (MPH) has been shown to act as a norepinephrine and dopamine reuptake inhibitor (NDRI), thereby increasing the presence of these neurotransmitters in the extraneuronal space and prolonging their action.<ref>6</ref> There is a dose-related effect of psychostimulants on receptor stimulation, where higher doses are shown to increase norepinephrine (NE) and dopamine (DA) efflux throughout the brain which can result in impaired cognition and locomotor-activating effects. In contrast, low doses are found to selectively activate NE and DE neurotransmission within the prefrontal cortex which is an area of the brain thought to play a prominent role in ADHD pathophysiology, thereby improving clinical efficacy and preventing side effects.<ref>8</ref> The lower doses used to treat ADHD are not associated with the locomotor-activating effects associated with higher doses and instead reduce movement, impulsivity, and increase cognitive function including sustained attention and working memory.<ref>6</ref>,<ref>7</ref> Methylphenidate's beneficial effects in sustaining attention have also been shown to be mediated by alpha-1 adrenergic receptor activity.<ref>9</ref>
Clinical findings have shown that children with ADHD have an abnormality in the dopamine transporter gene (DAT1), the D4 receptor gene (DRD-4), and/or the D2 receptor gene that may be at least partly overcome by the dopaminergic effects of methylphenidate, suggesting a possible mode of action.1<ref>6</ref>","Methylphenidate is a racemic mixture comprised of the d- and l-isomers. The d-isomer is more pharmacologically active than the l-isomer. Radioligand binding studies demonstrate that binding of methylphenidate in the brain is localized to dopamine-rich areas, in particular in the prefrontal cortex which has been demonstrated to play a prominent role in ADHD pathophysiology.<ref>8</ref> In a number of animal models, methylphenidate enhances locomotor activity and induces stereotypic behaviours.","Concerta®: Methylphenidate is readily absorbed. Following oral administration of Concerta, plasma methylhphenidate concentrations reach an initial maximum at about <ref>1</ref> hour followed by gradual ascending concentrations over the next 5-9 hours. Mean times to reach peak plasma concentrations across all doses of Concerta occurred between 6-<ref>1</ref>0 hours. Once daily dosing minimizes the fluctuations between peak and trough concentrations associated with multiple doses of immediate-release methylphenidate treatments.<ref><ref><ref>1</ref>6</ref></ref> Depending on the doses provided, Cmax was found to range from 6.0-<ref>1</ref>5.0ng/mL, Tmax ranged from 8.<ref>1</ref>-9.4h, and AUC ranged from 50.4-<ref>1</ref>2<ref>1</ref>.5 ng·h/mL in children.<ref><ref><ref>1</ref>6</ref></ref>
When provided as Concerta®, methylphenidate is released through the patented Osmotic Controlled-Release Oral Delivery (OROS) system where 22% of the dose is provided as an immediate release and 78% is provided through a gradual release.<ref>1</ref> OROS is comprised of an osmotically active trilayer core surrounded by a semipermeable membrane with an immediate-release drug overcoat. Within an aqueous environment, such as the stomach, the drug overcoat, which consists of 22% of the dose, dissolves within one hour, providing an initial immediate-release formulation of methylphenidate. Water then permeates through the membrane into the tablet core where the osmotically active polymer excipients expand, allowing methylphenidate to release slowly through the orifice over a period of 6-7 hours. Concerta also provides a sustained <ref>1</ref>0-<ref>1</ref>2 hour effect, allowing for once-daily dosing.
Biphentin®: Methylphenidate is rapidly and extensively absorbed following oral administration, with peak blood levels obtained in <ref>1</ref>-3 hours.<ref>1</ref>7
When provided as Biphentin®, methylphenidate is released through a multi-layer release delivery system (MLRTM) where 40% of the dose is provided as an immediate release and 60% is provided through a gradual release. Biphentin was designed to be an alternative to separate doses of immediate-release (IR) methylphenidate by providing a biphasic concentration-time profile when given as a single dose. The MLRTM release system allows for a sustained effect for <ref>1</ref>0-<ref>1</ref>2 hours, allowing for once-daily dosing that covers the major times that ADHD impairment might occur (such as school, homework periods, during the workday, etc).
Methylphenidate (immediate release): Methylphenidate hydrochloride is rapidly and extensively absorbed from the tablets following oral administration; however, owing to extensive first-pass metabolism, bioavailability is low (approx. 30%) and large individual differences exist (<ref>1</ref><ref>1</ref>-52%). In one study, the administration of methylphenidate hydrochloride with food accelerated absorption but had no effect on the amount absorbed. Peak plasma concentrations of <ref>1</ref>0.8 and 7.8 ng/mL were observed, on average, 2 hours after administration of 0.30 mg/kg in children and adults, respectively. Peak plasma concentrations showed marked variability between subjects. Both the area under the concentration-time curve (AUC), and the peak plasma concentrations (Cmax) showed dose-proportionality.<ref>1</ref><ref>8</ref>","Concerta: Plasma methylphenidate concentrations in adults decline bi-exponentially following oral administration.<ref>16</ref>
Biphentin: The apparent distribution volume of methylphenidate in children is approximately 20 L/kg, with substantial variability (11 to 33 L/kg).<ref>17</ref>
Methylphenidate (immediate release): The apparent distribution volume of methylphenidate in children was approximately 20 L/kg, with substantial variability (11-33 L/kg). The volume of distribution after an intravenous dose (Vss) is 2.23 L/kg for the racemate in healthy adult volunteers.<ref>18</ref>","Concerta: In humans, 15 ± 5% of methylphenidate in the blood is bound to plasma proteins. <ref>16</ref>
Biphentin: In blood, methylphenidate and its metabolites are distributed between plasma (57%) and erythrocytes (43%). Methylphenidate and its metabolites exhibit low plasma protein binding (approximately 15%).<ref>17</ref>
Methylphenidate (immediate release): In blood, methylphenidate and its metabolites are distributed between plasma (57%) and erythrocytes (43%). Methylphenidate and its metabolites exhibit low plasma protein binding (approx. 15%).<ref>18</ref>","Methylphenidate is hepatically metabolized. More specifically, it is rapidly and extensively metabolized by carboxylesterase CES1A1. Via this enzyme, methylphenidate undergoes de-esterification to ritalinic acid (a-phenyl-2-piperidine acetic acid, PPAA), which has little to no pharmacologic activity.
Hover over products below to view reaction partners
Methylphenidate
α-phenyl-2-piperidine acetic acid (ritalinic acid)","After oral administration of an immediate release formulation of methylphenidate, 78%-97% of the dose is excreted in the urine and 1%-3% in the feces in the form of metabolites within 48-96 hours. Only small quantities (<1%) of unchanged methylphenidate appear in the urine. Most of the dose is excreted in the urine as ritalinic acid (60%-86%), the remainder being accounted for by minor metabolites.","Concerta: The half-life of methylphenidate in adults following oral administration of Concerta® was approximately 3.5 h.<ref>16</ref>
Biphentin: Methylphenidate is eliminated from plasma with a mean half-life of 2.4 hours in children and 2.1 hours in adults.<ref>17</ref>
Methylphenidate (immediate release): Methylphenidate is eliminated from the plasma with a mean half-life of 2.4 hours in children and 2.1 hours in adults.<ref>18</ref>","The apparent mean systemic clearance after an oral dose is 10.2 and 10.5 L/h/kg in children and adults, respectively for a 0.3 mg/kg dose, and 0.565 L/h/kg after an intravenous dose of the racemate in healthy adult volunteers.<ref>18</ref>","Symptoms of overdose include vomiting, agitation, tremors, hyperreflexia, muscle twitching, convulsions (may be followed by coma), euphoria, confusion, hallucinations, delirium, sweating, flushing, headache, hyperpyrexia, tachycardia, palpitations, cardiac arrhythmias, hypertension, mydriasis, and dryness of mucous membranes. LD50=190mg/kg (orally in mice)","reference-A631: Keating GM, McClellan K, Jarvis B: Methylphenidate (OROS formulation). CNS Drugs. 2001;15(6):495-500; discussion 501-3. | https://go.drugbank.com/articles/A631 || reference-A632: Markowitz JS, DeVane CL, Pestreich LK, Patrick KS, Muniz R: A comprehensive in vitro screening of d-, l-, and dl-threo-methylphenidate: an exploratory study. J Child Adolesc Psychopharmacol. 2006 Dec;16(6):687-98. | https://go.drugbank.com/articles/A632 || reference-A633: Fone KC, Nutt DJ: Stimulants: use and abuse in the treatment of attention deficit hyperactivity disorder. Curr Opin Pharmacol. 2005 Feb;5(1):87-93. | https://go.drugbank.com/articles/A633 || reference-A634: Sharma RP, Javaid JI, Pandey GN, Easton M, Davis JM: Pharmacological effects of methylphenidate on plasma homovanillic acid and growth hormone. Psychiatry Res. 1990 Apr;32(1):9-17. | https://go.drugbank.com/articles/A634 || reference-A176026: Hodgkins P, Shaw M, Coghill D, Hechtman L: Amfetamine and methylphenidate medications for attention-deficit/hyperactivity disorder: complementary treatment options. Eur Child Adolesc Psychiatry. 2012 Sep;21(9):477-92. doi: 10.1007/s00787-012-0286-5. Epub 2012 Jul 5. | https://go.drugbank.com/articles/A176026 || reference-A177541: Berridge CW, Devilbiss DM, Andrzejewski ME, Arnsten AF, Kelley AE, Schmeichel B, Hamilton C, Spencer RC: Methylphenidate preferentially increases catecholamine neurotransmission within the prefrontal cortex at low doses that enhance cognitive function. Biol Psychiatry. 2006 Nov 15;60(10):1111-20. doi: 10.1016/j.biopsych.2006.04.022. Epub 2006 Jun 23. | https://go.drugbank.com/articles/A177541 || reference-A177544: Solanto MV: Neuropsychopharmacological mechanisms of stimulant drug action in attention-deficit hyperactivity disorder: a review and integration. Behav Brain Res. 1998 Jul;94(1):127-52. | https://go.drugbank.com/articles/A177544 || reference-A177547: Brennan AR, Arnsten AF: Neuronal mechanisms underlying attention deficit hyperactivity disorder: the influence of arousal on prefrontal cortical function. Ann N Y Acad Sci. 2008;1129:236-45. doi: 10.1196/annals.1417.007. | https://go.drugbank.com/articles/A177547 || reference-A177550: Berridge CW, Shumsky JS, Andrzejewski ME, McGaughy JA, Spencer RC, Devilbiss DM, Waterhouse BD: Differential sensitivity to psychostimulants across prefrontal cognitive tasks: differential involvement of noradrenergic alpha(1) - and alpha(2)-receptors. Biol Psychiatry. 2012 Mar 1;71(5):467-73. doi: 10.1016/j.biopsych.2011.07.022. Epub 2011 Sep 3. | https://go.drugbank.com/articles/A177550 || reference-A177553: Calipari ES, Ferris MJ, Salahpour A, Caron MG, Jones SR: Methylphenidate amplifies the potency and reinforcing effects of amphetamines by increasing dopamine transporter expression. Nat Commun. 2013;4:2720. doi: 10.1038/ncomms3720. | https://go.drugbank.com/articles/A177553 || reference-A177556: Marshall CA, Brodnik ZD, Mortensen OV, Reith MEA, Shumsky JS, Waterhouse BD, Espana RA, Kortagere S: Selective activation of Dopamine D3 receptors and norepinephrine transporter blockade enhances sustained attention. Neuropharmacology. 2019 Apr;148:178-188. doi: 10.1016/j.neuropharm.2019.01.003. Epub 2019 Jan 8. | https://go.drugbank.com/articles/A177556 || reference-L6037: CADDRA - Canadian ADHD Practice Guidelines | https://www.caddra.ca/pdfs/caddraGuidelines2011.pdf || reference-L10073: Concerta FDA label | https://www.accessdata.fda.gov/drugsatfda_docs/label/2017/021121s038lbl.pdf || reference-L10442: FDA Approved Drug Products: Daytrana® transdermal system | https://www.accessdata.fda.gov/drugsatfda_docs/label/2019/021514s030lbl.pdf || reference-L48862: FDA Approved Drug Products: Aptensio XR (methylphenidate hydrochloride) extended-release capsules for oral use | https://www.accessdata.fda.gov/drugsatfda_docs/label/2023/205831s008lbl.pdf || reference-F4474: Health Canada Label - Concerta | https://s3-us-west-2.amazonaws.com/drugbank/cite_this/attachments/files/000/004/474/original/Health_Canada_-_Concerta.PDF?1556049353 || reference-F4480: Health Canada Label - Biphentin | https://s3-us-west-2.amazonaws.com/drugbank/cite_this/attachments/files/000/004/480/original/Health_Canada_-_Biphentin.PDF?1556049613 || reference-F4483: Health Canada - Ritalin | https://s3-us-west-2.amazonaws.com/drugbank/cite_this/attachments/files/000/004/483/original/Health_Canada_-_Ritalin.PDF?1556050208"
clozapine,DB00363,Clozapine is an atypical or second-generation antipsychotic drug used in treatment-resistant schizophrenia and to decrease suicide risk in schizophrenic patients.,"Clozapine is indicated for the treatment of severely ill patients with schizophrenia who fail to respond adequately to standard antipsychotic treatment. Because of the risks of severe neutropenia and of seizure associated with its use, Clozapine should be used only in patients who have failed to respond adequately to standard antipsychotic treatment.<ref>27</ref> Clozapine is also indicated for reducing the risk of recurrent suicidal behavior in patients with schizophrenia or schizoaffective disorder who are judged to be at chronic risk for re-experiencing suicidal behavior, based on history and recent clinical state. Suicidal behavior refers to actions by a patient that put him/herself at risk for death.<ref>27</ref>","The mechanism of action of clozapine is unknown. However, it has been proposed that the therapeutic efficacy of clozapine in schizophrenia is mediated through antagonism of the dopamine type 2 (D2) and the serotonin type 2A (5-HT2A) receptors. Clozapine also acts as an antagonist at adrenergic, cholinergic, histaminergic, and other dopaminergic and serotonergic receptors.<ref>27</ref>
Clozapine demonstrated binding affinity to the following receptors: histamine H1 (Ki 1.1 nM), adrenergic α1A (Ki 1.6 nM), serotonin 5-HT6 (Ki 4 nM), serotonin 5-HT2A (Ki 5.4 nM), muscarinic M1 (Ki 6.2 nM), serotonin 5-HT7 (Ki 6.3 nM), serotonin 5-HT2C (Ki 9.4 nM), dopamine D4 (Ki 24 nM), adrenergic α2A (Ki 90 nM), serotonin 5-HT3 (Ki 95 nM), serotonin 5-HT1A (Ki 1<ref>20</ref> nM), dopamine D2 (Ki 160 nM), dopamine D1 (Ki <ref>27</ref>0 nM), dopamine D5 (Ki 454 nM), and dopamine D3 (Ki 555 nM).<ref>27</ref>
Clozapine acts as an antagonist at other receptors, but with lower potency. Antagonism at receptors other than dopamine and 5HT2 with similar receptor affinities may explain some of the other therapeutic and side effects of clozapine. Clozapine's antagonism of muscarinic M1-5 receptors may explain its anticholinergic effects.<ref>18</ref> Clozapine's antagonism of histamine H1 receptors may explain the somnolence observed with this drug.<ref>19</ref> Clozapine's antagonism of adrenergic α1 receptors may explain the orthostatic hypotension observed with this drug.<ref>20</ref>","Clozapine is a psychotropic agent belonging to the chemical class of benzisoxazole derivatives that is universally regarded as the treatment of choice for treatment-resistant schizophrenia.<ref>22</ref> Although it is thought to mediate its pharmacological effect through antagonism of the dopamine type 2 (D2) and the serotonin type 2A (<ref>5</ref>-HT2A) receptors, research have shown that clozapine can act on various types of receptors.<ref>21</ref>
Patients should be counseled regarding the risk of hypersensitivity reactions such as agranulocytosis and myocarditis with clozapine use.<ref><ref>2<ref>7</ref></ref></ref> Clozapine-induced agranulocytosis, which is a reduction in the absolute neutrophil count or white blood cell count, places the patient at an increased risk for infection.8,<ref><ref>2<ref>7</ref></ref></ref> Agranulocytosis is most likely to occur in the first 3-<ref>6</ref> months of therapy, but it can still occur after years of treatment. The mechanism is thought to be a dose-independent and immune-mediated reaction against neutrophils.<ref>6</ref> Patients are strictly monitored by lab testing (complete blood count with differential) to ensure agranulocytosis is detected and treated if it occurs.<ref><ref>2<ref>7</ref></ref></ref> Testing is initially completed at one-week intervals but is expanded to two-week intervals at six months, and then four-week intervals at twelve months if lab results have been within an appropriate range. Monitoring parameters may change if there is any break in therapy. In Canada, the patient's lab values are reported to the manufacturer for hematological monitoring, and in the USA, the patient's lab values are reported to the REMS (Risk Evaluation and Mitigation Strategy) program.<ref>7</ref> These programs function to notify the care provider of any significant drop in WBC/neutrophil count, or if there is a drop below a threshold level. Patients who enter the ""Red"" zone (WBC<2x109/L or ANC<1.<ref>5</ref>x109/L) should normally not be re-challenged.<ref><ref>2<ref>7</ref></ref></ref>
Clozapine-induced myocarditis is a hypersensitivity reaction that usually occurs in the third week of clozapine therapy and about 2% of clozapine patients.<ref>5</ref> Monitor the patient's troponin, CRP, and ECG at baseline, and 28 days into treatment. Follow guidelines for appropriate next steps according to the patient's lab results. If myocarditis occurs, the patient should not be re-challenged with clozapine.<ref><ref>2<ref>7</ref></ref></ref>","In humans, clozapine tablets (25 mg and 100 mg) are equally bioavailable relative to a CLOZARIL solution. Following oral administration of clozapine 100 mg twice daily, the average steady-state peak plasma concentration was 319 ng/mL (range: 102 to 771 ng/mL), occurring at the average of 2.5 hours (range: 1 to 6 hours) after dosing. The average minimum concentration at steady state was 122 ng/mL (range: 41 to 343 ng/mL), after 100 mg twice daily dosing.<ref>27</ref>","The median volume of distribution of clozapine was calculated to be 508 L (272–1290 L).<ref>9</ref>,<ref>10</ref>,<ref>11</ref>,<ref>13</ref>,<ref>12</ref>",Clozapine is approximately 97% bound to serum proteins. The interaction between clozapine and other highly protein-bound drugs has not been fully evaluated but may be important.<ref>27</ref>,"Clozapine is almost completely metabolized prior to excretion, and only trace amounts of unchanged drug are detected in the urine and feces. Clozapine is a substrate for many cytochrome P450 isozymes, in particular CYP1A2, CYP2D6, and CYP3A4.The unmethylated, hydroxylated, and N-oxide derivatives are components in both urine and feces. Pharmacological testing has shown the desmethyl metabolite (norclozapine) to have only limited activity, while the hydroxylated and N-oxide derivatives were inactive.<ref>27</ref>
Hover over products below to view reaction partners
Clozapine
N-desmethylclozapine
Desmethylclozapine glucuronide
Clozapine N-oxide
Clozapine 5-N-glucuronide",Approximately 50% of the administered dose is excreted in the urine and 30% in the feces.<ref>27</ref>,"The mean elimination half-life of clozapine after a single 75 mg dose was 8 hours (range: 4 to 12 hours), compared to a mean elimination half-life of 12 hours (range: 4 to 66 hours), after achieving a steady state with 100 mg twice daily dosing.<ref>27</ref>
A comparison of single-dose and multiple-dose administration of clozapine demonstrated that the elimination half-life increased significantly after multiple dosing relative to that after single-dose administration, suggesting the possibility of concentration-dependent pharmacokinetics.<ref>27</ref>","The median clearance of clozapine is calculated to be 30.3 L/h (14.4–45.2 L/h).<ref>10</ref>,<ref>12</ref>,<ref>14</ref>,<ref>15</ref>,<ref>16</ref>,<ref>17</ref>","There are no adequate or well-controlled studies of clozapine in pregnant women. Reproduction studies have been performed in rats and rabbits at doses up to 0.4 and 0.9 times, respectively, the maximum recommended human dose (MRHD) of 900 mg/day on a mg/m2 body surface area basis. The studies revealed no evidence of impaired fertility or harm to the fetus due to clozapine. Because animal reproduction studies are not always predictive of human response, CLOZARIL should be used during pregnancy only if clearly needed.<ref><ref><ref>27</ref></ref></ref>
Consider the risk of exacerbation of psychosis when discontinuing or changing treatment with antipsychotic medications during pregnancy and postpartum. Consider early screening for gestational diabetes for patients treated with antipsychotic medications [see Warnings and Precautions (5.11)]. Neonates exposed to antipsychotic drugs during the third trimester of pregnancy are at risk for extrapyramidal and/or withdrawal symptoms following delivery. Monitor neonates for symptoms of agitation, hypertonia, hypotonia, tremor, somnolence, respiratory distress, and feeding difficulties. The severity of complications can vary from self-limited symptoms to some neonates requiring intensive care unit support and prolonged hospitalization.<ref><ref><ref>27</ref></ref></ref>
The most commonly reported signs and symptoms associated with clozapine overdose are: sedation, delirium, coma, tachycardia, hypotension, respiratory depression or failure; and hypersalivation. There are reports of aspiration pneumonia, cardiac arrhythmias, and seizure. Fatal overdoses have been reported with clozapine, generally at doses above 2500 mg. There have also been reports of patients recovering from overdoses well in excess of 4 g. There is no available specific antidote to an overdose of CLOZARIL. Establish and maintain an airway; ensure adequate oxygenation and ventilation. Monitor cardiac status and vital signs. Use general symptomatic and supportive measures. Consider the possibility of multiple-drug involvement.<ref><ref><ref>27</ref></ref></ref>
No carcinogenic potential was demonstrated in long-term studies in mice and rats at doses up to 0.3 times and 0.4 times, respectively, the maximum recommended human dose (MRHD) of 900 mg/day on an mg/m2 body surface area basis. Clozapine was not genotoxic when tested in the following gene mutation and chromosomal aberration tests: the bacterial Ames test, the in vitro mammalian V79 in Chinese hamster cells, the in vitro unscheduled DNA synthesis in rat hepatocytes or the in vivo micronucleus assay in mice. Clozapine had no effect on any parameters of fertility, pregnancy, fetal weight, or postnatal development when administered orally to male rats 70 days before mating and to female rats for 14 days before mating at doses up to 0.4 times the MRHD of 900 mg/day on an mg/m2 body surface area basis.<ref><ref><ref>27</ref></ref></ref>","reference-A547: Alvir JM, Lieberman JA, Safferman AZ, Schwimmer JL, Schaaf JA: Clozapine-induced agranulocytosis. Incidence and risk factors in the United States. N Engl J Med. 1993 Jul 15;329(3):162-7. | https://go.drugbank.com/articles/A547 || reference-A548: Vaddadi KS, Soosai E, Vaddadi G: Low blood selenium concentrations in schizophrenic patients on clozapine. Br J Clin Pharmacol. 2003 Mar;55(3):307-9. | https://go.drugbank.com/articles/A548 || reference-A549: Naheed M, Green B: Focus on clozapine. Curr Med Res Opin. 2001;17(3):223-9. | https://go.drugbank.com/articles/A549 || reference-A550: Lane HY, Chang YC, Chang WH, Lin SK, Tseng YT, Jann MW: Effects of gender and age on plasma levels of clozapine and its metabolites: analyzed by critical statistics. J Clin Psychiatry. 1999 Jan;60(1):36-40. | https://go.drugbank.com/articles/A550 || reference-A215547: Ronaldson KJ, Fitzgerald PB, Taylor AJ, Topliss DJ, McNeil JJ: A new monitoring protocol for clozapine-induced myocarditis based on an analysis of 75 cases and 94 controls. Aust N Z J Psychiatry. 2011 Jun;45(6):458-65. doi: 10.3109/00048674.2011.572852. Epub 2011 Apr 27. | https://go.drugbank.com/articles/A215547 || reference-A215557: Wicinski M, Weclewicz MM: Clozapine-induced agranulocytosis/granulocytopenia: mechanisms and monitoring. Curr Opin Hematol. 2018 Jan;25(1):22-28. doi: 10.1097/MOH.0000000000000391. | https://go.drugbank.com/articles/A215557 || reference-A215562: Borrelli EP, Lee EY, Caffrey AR: Clozapine and hematologic adverse reactions: Impact of the Risk Evaluation and Mitigation Strategy program. Ment Health Clin. 2020 May 7;10(3):70-75. doi: 10.9740/mhc.2020.05.070. eCollection 2020 May. | https://go.drugbank.com/articles/A215562 || reference-A215552: Kar N, Barreto S, Chandavarkar R: Clozapine Monitoring in Clinical Practice: Beyond the Mandatory Requirement. Clin Psychopharmacol Neurosci. 2016 Nov 30;14(4):323-329. doi: 10.9758/cpn.2016.14.4.323. | https://go.drugbank.com/articles/A215552 || reference-A256513: Guitton C, Abbar M, Kinowski JM, Chabrand P, Bressolle F: Multiple-dose pharmacokinetics of clozapine in patients with chronic schizophrenia. J Clin Psychopharmacol. 1998 Dec;18(6):470-6. doi: 10.1097/00004714-199812000-00010. | https://go.drugbank.com/articles/A256513 || reference-A256518: Jerling M, Merle Y, Mentre F, Mallet A: Population pharmacokinetics of clozapine evaluated with the nonparametric maximum likelihood method. Br J Clin Pharmacol. 1997 Nov;44(5):447-53. doi: 10.1046/j.1365-2125.1997.t01-1-00606.x. | https://go.drugbank.com/articles/A256518 || reference-A256523: Dailly E, Urien S, Chanut E, Claudel B, Guerra N, Femandez C, Jolliet P, Bourin M: Evidence from a population pharmacokinetics analysis for a major effect of CYP1A2 activity on inter- and intraindividual variations of clozapine clearance. Prog Neuropsychopharmacol Biol Psychiatry. 2002 May;26(4):699-703. doi: 10.1016/s0278-5846(01)00320-7. | https://go.drugbank.com/articles/A256523 || reference-A39145: Doude van Troostwijk LJ, Koopmans RP, Vermeulen HD, Guchelaar HJ: CYP1A2 activity is an important determinant of clozapine dosage in schizophrenic patients. Eur J Pharm Sci. 2003 Dec;20(4-5):451-7. | https://go.drugbank.com/articles/A39145 || reference-A256528: Li LJ, Shang DW, Li WB, Guo W, Wang XP, Ren YP, Li AN, Fu PX, Ji SM, Lu W, Wang CY: Population pharmacokinetics of clozapine and its primary metabolite norclozapine in Chinese patients with schizophrenia. Acta Pharmacol Sin. 2012 Nov;33(11):1409-16. doi: 10.1038/aps.2012.71. Epub 2012 Jul 23. | https://go.drugbank.com/articles/A256528 || reference-A256533: Ng W, Uchida H, Ismail Z, Mamo DC, Rajji TK, Remington G, Sproule B, Pollock BG, Mulsant BH, Bies RR: Clozapine exposure and the impact of smoking and gender: a population pharmacokinetic study. Ther Drug Monit. 2009 Jun;31(3):360-6. doi: 10.1097/FTD.0b013e31819c7037. | https://go.drugbank.com/articles/A256533 || reference-A256538: Ismail Z, Wessels AM, Uchida H, Ng W, Mamo DC, Rajji TK, Pollock BG, Mulsant BH, Bies RR: Age and sex impact clozapine plasma concentrations in inpatients and outpatients with schizophrenia. Am J Geriatr Psychiatry. 2012 Jan;20(1):53-60. doi: 10.1097/JGP.0b013e3182118318. | https://go.drugbank.com/articles/A256538 || reference-A256543: Li AN, Dong F, He JL, Shang DW, Guo W, Li WB, Lu W, Wang CY: The Elimination Rate after Clozapine Overdose in Chinese Schizophrenia Patients: A Population Pharmacokinetics Model Study. Pharmacopsychiatry. 2015 Jul;48(4-5):150-5. doi: 10.1055/s-0035-1554672. Epub 2015 Jun 16. | https://go.drugbank.com/articles/A256543 || reference-A256548: Olmos I, Ibarra M, Vazquez M, Maldonado C, Fagiolino P, Giachetto G: Population Pharmacokinetics of Clozapine and Norclozapine and Switchability Assessment between Brands in Uruguayan Patients with Schizophrenia. Biomed Res Int. 2019 Mar 6;2019:3163502. doi: 10.1155/2019/3163502. eCollection 2019. | https://go.drugbank.com/articles/A256548 || reference-A256553: Li Z, Huang M, Ichikawa J, Dai J, Meltzer HY: N-desmethylclozapine, a major metabolite of clozapine, increases cortical acetylcholine and dopamine release in vivo via stimulation of M1 muscarinic receptors. Neuropsychopharmacology. 2005 Nov;30(11):1986-95. doi: 10.1038/sj.npp.1300768. | https://go.drugbank.com/articles/A256553 || reference-A256558: Fang F, Sun H, Wang Z, Ren M, Calabrese JR, Gao K: Antipsychotic Drug-Induced Somnolence: Incidence, Mechanisms, and Management. CNS Drugs. 2016 Sep;30(9):845-67. doi: 10.1007/s40263-016-0352-5. | https://go.drugbank.com/articles/A256558 || reference-A256563: Tanzer TD, Brouard T, Pra SD, Warren N, Barras M, Kisely S, Brooks E, Siskind D: Treatment strategies for clozapine-induced hypotension: a systematic review. Ther Adv Psychopharmacol. 2022 May 24;12:20451253221092931. doi: 10.1177/20451253221092931. eCollection 2022. | https://go.drugbank.com/articles/A256563 || reference-A185747: Li P, Snyder GL, Vanover KE: Dopamine Targeting Drugs for the Treatment of Schizophrenia: Past, Present and Future. Curr Top Med Chem. 2016;16(29):3385-3403. doi: 10.2174/1568026616666160608084834. | https://go.drugbank.com/articles/A185747 || reference-A256568: Keating D, McWilliams S, Schneider I, Hynes C, Cousins G, Strawbridge J, Clarke M: Pharmacological guidelines for schizophrenia: a systematic review and comparison of recommendations for the first episode. BMJ Open. 2017 Jan 6;7(1):e013881. doi: 10.1136/bmjopen-2016-013881. | https://go.drugbank.com/articles/A256568 || reference-A256708: Iqbal MM, Rahman A, Husain Z, Mahmud SZ, Ryan WG, Feldman JM: Clozapine: a clinical review of adverse effects and management. Ann Clin Psychiatry. 2003 Mar;15(1):33-48. doi: 10.1023/a:1023228626309. | https://go.drugbank.com/articles/A256708 || reference-A256713: Breier A, Buchanan RW, Kirkpatrick B, Davis OR, Irish D, Summerfelt A, Carpenter WT Jr: Effects of clozapine on positive and negative symptoms in outpatients with schizophrenia. Am J Psychiatry. 1994 Jan;151(1):20-6. doi: 10.1176/ajp.151.1.20. | https://go.drugbank.com/articles/A256713 || reference-A256718: Siskind D, McCartney L, Goldschlager R, Kisely S: Clozapine v. first- and second-generation antipsychotics in treatment-refractory schizophrenia: systematic review and meta-analysis. Br J Psychiatry. 2016 Nov;209(5):385-392. doi: 10.1192/bjp.bp.115.177261. Epub 2016 Jul 7. | https://go.drugbank.com/articles/A256718 || reference-A256723: Khokhar JY, Henricks AM, Sullivan EDK, Green AI: Unique Effects of Clozapine: A Pharmacological Perspective. Adv Pharmacol. 2018;82:137-162. doi: 10.1016/bs.apha.2017.09.009. Epub 2018 Jan 12. | https://go.drugbank.com/articles/A256723 || reference-L905: FDA Approved Drug Products: CLOZARIL® (clozapine) tablets, for oral use | https://www.accessdata.fda.gov/drugsatfda_docs/label/2022/019758s101lbl.pdf || reference-L37809: DailyMed Label: CLOZARI (clozapine) tablets, for oral use | https://dailymed.nlm.nih.gov/dailymed/drugInfo.cfm?setid=90876802-0e3a-44c9-9ff7-1754dfbe736a"
nortriptyline,DB00540,Nortriptyline is a tricyclic antidepressant used in the treatment of depression.,"Nortriptyline is indicated for the relief of the symptoms of major depressive disorder (MDD).<ref>18</ref> Some off-label uses for this drug include treatment of chronic pain, myofascial pain, neuralgia, and irritable bowel syndrome.7,<ref>18</ref>","Though prescribing information does not identify a specific mechanism of action for nortriptyline<ref>18</ref>, is believed that nortriptyline either inhibits the reuptake of the neurotransmitter serotonin at the neuronal membrane or acts at the level of the beta-adrenergic receptors. It displays a more selective reuptake inhibition for noradrenaline, which may explain increased symptom improvement after nortriptyline therapy.<ref>16</ref> Tricyclic antidepressants do not inhibit monoamine oxidase nor do they affect dopamine reuptake.<ref>18</ref> As with other tricyclics, nortriptyline displays affinity for other receptors including mACh receptors, histamine receptors, 5-HT receptors, in addition to other receptors.10,11,<ref>16</ref>","Nortriptyline exerts antidepressant effects likely by inhibiting the reuptake of serotonin and norepinephrine at neuronal cell membranes. It also exerts antimuscarinic effects through its actions on the acetylcholine receptor.<ref>18</ref>,<ref>19</ref>","Nortriptyline is readily absorbed in the gastrointestinal tract with extensive variation in plasma levels, depending on the patient. This drug undergoes first-pass metabolism and its plasma concentrations are attained within 7 to 8.5 hours after oral administration.<ref>20</ref> The bioavailability of nortriptyline varies considerably and ranges from 45 to 85%.<ref>12</ref>,<ref>21</ref>","The apparent volume of distribution (Vd)β, estimated after intravenous administration is 1633 ± 268 L within the range of 1460 to <ref>20</ref>30 (<ref>21</ref> ± 4 L/kg).<ref>21</ref> Nortriptyline crosses the placenta and is found in the breast milk. It distributes to the heart, lungs, brain, and the liver.<ref>20</ref>",The plasma protein binding of nortriptyline is approximately 93%.<ref>21</ref>,"Nortriptyline is metabolized via demethylation and hydroxylation in the liver followed by glucuronic acid conjugation. CYP2D6 plays a large role in nortriptyline metabolism, with contributions from CYP1A2, CYP2C19 and CYP3A4.<ref>14</ref>,<ref>18</ref>,<ref>15</ref> The main active metabolite is 10-hydroxynortriptyline exists in both cis and a trans form, with the trans form is higher in potency. 10-hydroxynortriptyline is the most frequently found in the plasma. Most of the other metabolites are conjugated, and are less potent.<ref>21</ref>
Hover over products below to view reaction partners
Nortriptyline
Desmethylnortriptyline
E-10-Hydroxydesmethylnortriptyline
Oxonortriptyline","Nortriptyline and its metabolites are mainly excreted in the urine, where only small amounts (2%) of the total drug is recovered as unchanged parent compound.<ref>21</ref> Approximately one-third of a single orally administered dose is excreted in urine within 24 hours.<ref>20</ref> Small amounts are excreted in feces via biliary elimination.<ref>21</ref>","The average plasma half-life of nortriptyline in healthy volunteers is about 26 hours, but is said to range from 16 to 38 hours.<ref>8</ref>,<ref>18</ref>,<ref>21</ref> One study mentions a mean half-life of about 3<ref>9</ref> hours.<ref>9</ref>","The average plasma clearance of nortriptyline in a study of healthy volunteers was 54 L/h.<ref>8</ref> The average systemic clearance of nortriptyline is 30.6 ± 6.9 L / h, within the range of 1<ref>8</ref>.6 to 39.6 L/hour.<ref>21</ref>","The oral LD50 of nortriptyline in the rat is 405 mg/kg.<ref>22</ref>Symptoms of overdose with nortriptyline include cardiac arrhythmias, severe hypotension, shock, congestive heart failure, pulmonary edema, convulsions, coma, and CNS depression.<ref>18</ref>,<ref>20</ref> Changes in the electrocardiogram, particularly in QRS segment, may be indicative of tricyclic antidepressant toxicity.<ref>13</ref>","reference-A829: Prochazka AV, Weaver MJ, Keller RT, Fryer GE, Licari PA, Lofaso D: A randomized trial of nortriptyline for smoking cessation. Arch Intern Med. 1998 Oct 12;158(18):2035-9. | https://go.drugbank.com/articles/A829 || reference-A31909: Nelson JC, Kennedy JS, Pollock BG, Laghrissi-Thode F, Narayan M, Nobler MS, Robin DW, Gergel I, McCafferty J, Roose S: Treatment of major depression with nortriptyline and paroxetine in patients with ischemic heart disease. Am J Psychiatry. 1999 Jul;156(7):1024-8. doi: 10.1176/ajp.156.7.1024. | https://go.drugbank.com/articles/A31909 || reference-A31910: Fabre LF, Scharf MB, Itil TM: Comparative efficacy and safety of nortriptyline and fluoxetine in the treatment of major depression: a clinical study. J Clin Psychiatry. 1991 Jun;52 Suppl:62-7. | https://go.drugbank.com/articles/A31910 || reference-A31911: Heymann RE, Helfenstein M, Feldman D: A double-blind, randomized, controlled study of amitriptyline, nortriptyline and placebo in patients with fibromyalgia. An analysis of outcome measures. Clin Exp Rheumatol. 2001 Nov-Dec;19(6):697-702. | https://go.drugbank.com/articles/A31911 || reference-A31912: Lustman PJ, Griffith LS, Clouse RE, Freedland KE, Eisen SA, Rubin EH, Carney RM, McGill JB: Effects of nortriptyline on depression and glycemic control in diabetes: results of a double-blind, placebo-controlled trial. Psychosom Med. 1997 May-Jun;59(3):241-50. | https://go.drugbank.com/articles/A31912 || reference-A6584: Gillman PK: Tricyclic antidepressant pharmacology and therapeutic drug interactions updated. Br J Pharmacol. 2007 Jul;151(6):737-48. Epub 2007 Apr 30. | https://go.drugbank.com/articles/A6584 || reference-A191083: Clouse RE: Antidepressants for irritable bowel syndrome. Gut. 2003 Apr;52(4):598-9. doi: 10.1136/gut.52.4.598. | https://go.drugbank.com/articles/A191083 || reference-A191098: Dawling S, Crome P, Braithwaite R: Pharmacokinetics of single oral doses of nortriptyline in depressed elderly hospital patients and young healthy volunteers. Clin Pharmacokinet. 1980 Jul-Aug;5(4):394-401. doi: 10.2165/00003088-198005040-00007. | https://go.drugbank.com/articles/A191098 || reference-A191101: Overo KF: Pharmacokinetic aspects on once-daily nortriptyline administration. Neuropsychobiology. 1980;6(1):34-41. doi: 10.1159/000117730. | https://go.drugbank.com/articles/A191101 || reference-A18198: Peroutka SJ, Snyder SH: Antiemetics: neurotransmitter receptor binding predicts therapeutic actions. Lancet. 1982 Mar 20;1(8273):658-9. | https://go.drugbank.com/articles/A18198 || reference-A4909: Cusack B, Nelson A, Richelson E: Binding of antidepressants to human brain receptors: focus on newer generation compounds. Psychopharmacology (Berl). 1994 May;114(4):559-65. | https://go.drugbank.com/articles/A4909 || reference-A191167: Gibaldi M: Comparison of observed and predicted bioavailability of nortriptyline in humans following oral administration. J Pharm Sci. 1975 Jun;64(6):1036-7. doi: 10.1002/jps.2600640635. | https://go.drugbank.com/articles/A191167 || reference-A191170: Elsamadisi P, Sclafani A, Eche IM: Delayed Cardiotoxicity From a Massive Nortriptyline Overdose Requiring Prolonged Treatment. J Pharm Pract. 2019 Apr 14:897190019838700. doi: 10.1177/0897190019838700. | https://go.drugbank.com/articles/A191170 || reference-A15182: Venkatakrishnan K, von Moltke LL, Greenblatt DJ: Nortriptyline E-10-hydroxylation in vitro is mediated by human CYP2D6 (high affinity) and CYP3A4 (low affinity): implications for interactions with enzyme-inducing drugs. J Clin Pharmacol. 1999 Jun;39(6):567-77. | https://go.drugbank.com/articles/A15182 || reference-A14832: Olesen OV, Linnet K: Hydroxylation and demethylation of the tricyclic antidepressant nortriptyline by cDNA-expressed human cytochrome P-450 isozymes. Drug Metab Dispos. 1997 Jun;25(6):740-4. | https://go.drugbank.com/articles/A14832 || reference-T28: 46. (2012). In Rang and Dale's Pharmacology (7th ed., pp. 574-575). Edinburgh: Elsevier/Churchill Livingstone. [ISBN:978-0-7020-3471-8] | https://www.google.com/search?tbo=p&tbm=bks&q=978-0-7020-3471-8 || reference-L11875: EMC Summary of product characteristics: Nortriptyline | https://www.medicines.org.uk/emc/product/4090/smpc || reference-L11878: FDA Approved Products: Nortriptyline oral capsules and oral solution | https://www.accessdata.fda.gov/drugsatfda_docs/label/2007/018012s27lbl.pdf || reference-L11881: NIH StatPearls: Nortriptyline | https://www.ncbi.nlm.nih.gov/books/NBK482214/ || reference-L11899: Product monograph: Nortriptyline tablets | https://pdf.hres.ca/dpd_pm/00001266.PDF || reference-L11911: MedSafe NZ data sheet: Nortriptyline tablets | https://www.medsafe.govt.nz/profs/datasheet/n/nortriptylinenrimtab.pdf || reference-L11920: CaymanChem MSDS: Nortriptyline | https://www.caymanchem.com/msdss/15904m.pdf"
escitalopram,DB01175,"Escitalopram is a selective serotonin re-uptake inhibitor used in the treatment of major depressive disorder (MDD), generalized anxiety disorder (GAD), and other select psychiatric disorders such as obsessive-compulsive disorder (OCD).","Escitalopram is indicated for the acute and maintenance treatment of major depressive disorder (MDD) in adults and pediatric patients 12 years old and older and for the acute treatment of generalized anxiety disorder (GAD) in adults and pediatric patients 7 years old and older.<ref>18</ref>,<ref>18</ref> It is additionally indicated for symptomatic relief of obsessive-compulsive disorder (OCD) in Canada.<ref>19</ref>","Escitalopram, like other selective serotonin re-uptake inhibitors, enhances serotonergic activity by binding to the orthosteric (i.e. primary) binding site on the serotonin transporter (SERT), the same site to which endogenous 5-HT binds, and thus prevents the re-uptake of serotonin into the presynaptic neuron.<ref>11</ref>,<ref>6</ref>,<ref>13</ref> Escitalopram, along with paroxetine, is also considered an allosteric serotonin re-uptake inhibitor - it binds to a secondary allosteric site on the SERT molecule to more strongly inhibit 5-HT re-uptake. Its combination of orthosteric and allosteric activity on SERT allows for greater extracellular 5-HT levels, a faster onset of action, and greater efficacy as compared to other SSRIs. <ref>16</ref>,<ref>13</ref> The sustained elevation of synaptic 5-HT eventually causes desensitization of 5-HT1A auto-receptors, which normally shut down endogenous 5-HT release in the presence of excess 5-HT - this desensitization may be necessary for the full clinical effect of SSRIs and may be responsible for their typically prolonged onset of action.<ref>17</ref>,<ref>13</ref>
Escitalopram has shown little-to-no binding affinity at a number of other receptors, such as histamine and muscarinic receptors, and minor activity at these off-targets may explain some of its adverse effects.<ref>18</ref>,<ref>19</ref>,<ref>20</ref>,<ref>13</ref>","Escitalopram belongs to a class of medications called selective serotonin re-uptake inhibitors (SSRIs). These agents cause an increase in serotonin levels in neuronal synapses by preventing the re-uptake of serotonin (5-HT) into the presynaptic terminals of serotonergic neurons.<ref>11</ref>,<ref>6</ref>,<ref>18</ref>,<ref>19</ref> As compared to other SSRIs, it appears to have a relatively quick onset of effect due to its potency.<ref>14</ref>,<ref>15</ref>
SSRIs as a class have been associated with abnormal bleeding, particularly in patients receiving concomitant therapy with other medications affecting hemostasis, and with the development of serotonin syndrome. Use escitalopram with caution in patients with a higher-than-baseline risk of bleeding and in patients receiving concomitant therapy with other serotonergic drugs. Escitalopram may also cause a discontinuation syndrome with abrupt removal of the drug, and should be slowly tapered if discontinuation of therapy is warranted.<ref>18</ref>,<ref>19</ref>,<ref>20</ref>","Absorption of escitalopram following oral administration is expected to be almost complete, with an estimated absolute bioavailability of approximately 80%. Tmax occurs after about 4-5 hours.<ref>18</ref>,<ref>19</ref>,<ref>20</ref> Cmax and AUC appear to follow dose proportionality - at steady state, patients receiving 10mg of escitalopram daily had a Cmax of 21 ng/mL and a 24h AUC of approximately 3<ref>6</ref>0 ng*h/mL, while patients receiving 30mg daily had a roughly 3-fold increase in both Cmax and 24h AUC, comparatively.<ref>6</ref>","Escitalopram appears to distribute extensively into tissues, with an apparent volume of distribution of approximately 12-26 L/kg.<ref>18</ref>,<ref>19</ref>,<ref>20</ref>","Escitalopram exhibits relatively low protein binding at approximately 55-56%.<ref>18</ref>,<ref>19</ref>,<ref>20</ref>,<ref>6</ref>","The metabolism of escitalopram is mainly hepatic, mediated primarily by CYP2C19 and CYP3A4 and, to a lesser extent, CYP2D<ref>6</ref>. Oxidative N-demethylation by the CYP enzyme system results in S-desmethylcitalopram (S-DCT) and S-didesmethylcitalopram (S-DDCT) - these metabolites do not contribute to the pharmacologic activity of escitalopram, and exist in the plasma in small quantities relative to the parent compound (28-31% and <5%, respectively).<ref>18</ref>,<ref>19</ref>,<ref>20</ref>
There is also some evidence that escitalopram is metabolized to a propionic acid metabolite by monoamine oxidase A and B in the brain, and that these enzymes constitute the major route of escitalopram metabolism in the brain.<ref>6</ref>
Hover over products below to view reaction partners
Escitalopram
S-desmethylcitalopram
Escitalopram propionaldehyde
Escitalopram propionic acid
S-didesmethylcitalopram
Escitalopram propionaldehyde
Escitalopram propionic acid
Escitalopram propionaldehyde
Escitalopram propionic acid
Escitalopram N-oxide","After oral administration of escitalopram, approximately 8% of the total dose is eliminated in the urine as unchanged escitalopram and 10% is eliminated in the urine as S-desmethylcitalopram.<ref>18</ref>,<ref>19</ref>,<ref>20</ref> The apparent hepatic clearance of escitalopram amounts to approximately 90% of the total dose.<ref>19</ref>","The elimination half-life of escitalopram is 27-32 hours, though this is increased by approximately 50% in the elderly and doubled in patients with reduced hepatic function.<ref>11</ref>,<ref>18</ref>,<ref>19</ref>,<ref>20</ref> The elimination half-life of escitalopram's primary metabolite, S-desmethylcitalopram, is approximately 54 hours at steady state.<ref>6</ref>","The oral plasma clearance of escitalopram is 600 mL/min, of which approximately 7% is due to renal clearance.<ref>18</ref>,<ref>19</ref>,<ref>20</ref>","Symptoms of overdose may include CNS effects (dizziness, convulsions, coma, somnolence), gastrointestinal distress (nausea, vomiting), and/or cardiac abnormalities (hypotension, tachycardia, ECG changes).<ref>18</ref>,<ref>19</ref>,<ref>20</ref> There is no specific antidote for escitalopram overdose. Management of overdose should focus on monitoring for cardiac abnormalities and changes to vital signs as well as treatment with supportive measures as indicated. As escitalopram is highly distributed into tissue following oral administration, forced diuresis, dialysis, and other methods of extracting drug from plasma are unlikely to be beneficial.","reference-A1992: Moore N, Verdoux H, Fantino B: Prospective, multicentre, randomized, double-blind study of the efficacy of escitalopram versus citalopram in outpatient treatment of major depressive disorder. Int Clin Psychopharmacol. 2005 May;20(3):131-7. | https://go.drugbank.com/articles/A1992 || reference-A1995: Boulenger JP, Huusom AK, Florea I, Baekdal T, Sarchiapone M: A comparative study of the efficacy of long-term treatment with escitalopram and paroxetine in severely depressed patients. Curr Med Res Opin. 2006 Jul;22(7):1331-41. | https://go.drugbank.com/articles/A1995 || reference-A411: Bielski RJ, Ventura D, Chang CC: A double-blind comparison of escitalopram and venlafaxine extended release in the treatment of major depressive disorder. J Clin Psychiatry. 2004 Sep;65(9):1190-6. | https://go.drugbank.com/articles/A411 || reference-A1997: Nierenberg AA, Greist JH, Mallinckrodt CH, Prakash A, Sambunaris A, Tollefson GD, Wohlreich MM: Duloxetine versus escitalopram and placebo in the treatment of patients with major depressive disorder: onset of antidepressant action, a non-inferiority study. Curr Med Res Opin. 2007 Feb;23(2):401-16. | https://go.drugbank.com/articles/A1997 || reference-A1999: Chen F, Larsen MB, Sanchez C, Wiborg O: The S-enantiomer of R,S-citalopram, increases inhibitor binding to the human serotonin transporter by an allosteric mechanism. Comparison with other serotonin transporter inhibitors. Eur Neuropsychopharmacol. 2005 Mar;15(2):193-8. | https://go.drugbank.com/articles/A1999 || reference-A39738: Rao N: The clinical pharmacokinetics of escitalopram. Clin Pharmacokinet. 2007;46(4):281-90. doi: 10.2165/00003088-200746040-00002. | https://go.drugbank.com/articles/A39738 || reference-A185381: von Moltke LL, Greenblatt DJ, Giancarlo GM, Granda BW, Harmatz JS, Shader RI: Escitalopram (S-citalopram) and its metabolites in vitro: cytochromes mediating biotransformation, inhibitory effects, and comparison to R-citalopram. Drug Metab Dispos. 2001 Aug;29(8):1102-9. | https://go.drugbank.com/articles/A185381 || reference-A185393: Rudberg I, Reubsaet JL, Hermann M, Refsum H, Molden E: Identification of a novel CYP2C19-mediated metabolic pathway of S-citalopram in vitro. Drug Metab Dispos. 2009 Dec;37(12):2340-8. doi: 10.1124/dmd.109.029355. Epub 2009 Sep 22. | https://go.drugbank.com/articles/A185393 || reference-A185410: Nikisch G, Eap CB, Baumann P: Citalopram enantiomers in plasma and cerebrospinal fluid of ABCB1 genotyped depressive patients and clinical response: a pilot study. Pharmacol Res. 2008 Nov-Dec;58(5-6):344-7. doi: 10.1016/j.phrs.2008.09.010. Epub 2008 Sep 30. | https://go.drugbank.com/articles/A185410 || reference-A185413: Fisar Z: Drugs related to monoamine oxidase activity. Prog Neuropsychopharmacol Biol Psychiatry. 2016 Aug 1;69:112-24. doi: 10.1016/j.pnpbp.2016.02.012. Epub 2016 Mar 2. | https://go.drugbank.com/articles/A185413 || reference-A185420: Pastoor D, Gobburu J: Clinical pharmacology review of escitalopram for the treatment of depression. Expert Opin Drug Metab Toxicol. 2014 Jan;10(1):121-8. doi: 10.1517/17425255.2014.863873. Epub 2013 Nov 30. | https://go.drugbank.com/articles/A185420 || reference-A36974: Bartlett D: Drug-Induced Serotonin Syndrome. Crit Care Nurse. 2017 Feb;37(1):49-54. doi: 10.4037/ccn2017169. | https://go.drugbank.com/articles/A36974 || reference-A185726: Sanchez C, Reines EH, Montgomery SA: A comparative review of escitalopram, paroxetine, and sertraline: Are they all alike? Int Clin Psychopharmacol. 2014 Jul;29(4):185-96. doi: 10.1097/YIC.0000000000000023. | https://go.drugbank.com/articles/A185726 || reference-A185819: Sanchez C: The pharmacology of citalopram enantiomers: the antagonism by R-citalopram on the effect of S-citalopram. Basic Clin Pharmacol Toxicol. 2006 Aug;99(2):91-5. doi: 10.1111/j.1742-7843.2006.pto_295.x. | https://go.drugbank.com/articles/A185819 || reference-A185822: Kasper S, Spadone C, Verpillat P, Angst J: Onset of action of escitalopram compared with other antidepressants: results of a pooled analysis. Int Clin Psychopharmacol. 2006 Mar;21(2):105-10. | https://go.drugbank.com/articles/A185822 || reference-A185825: Zhong H, Haddjeri N, Sanchez C: Escitalopram, an antidepressant with an allosteric effect at the serotonin transporter--a review of current understanding of its mechanism of action. Psychopharmacology (Berl). 2012 Jan;219(1):1-13. doi: 10.1007/s00213-011-2463-5. Epub 2011 Sep 8. | https://go.drugbank.com/articles/A185825 || reference-A185828: Gray NA, Milak MS, DeLorenzo C, Ogden RT, Huang YY, Mann JJ, Parsey RV: Antidepressant treatment reduces serotonin-1A autoreceptor binding in major depressive disorder. Biol Psychiatry. 2013 Jul 1;74(1):26-31. doi: 10.1016/j.biopsych.2012.11.012. Epub 2013 Jan 29. | https://go.drugbank.com/articles/A185828 || reference-L8513: FDA Approved Drug Products: Lexapro (escitalopram) for oral use | https://www.accessdata.fda.gov/drugsatfda_docs/label/2019/021323s051,021365s036lbl.pdf || reference-L8516: DPD Approved Drugs: Escitalopram | https://www.lundbeck.com/upload/ca/en/files/pdf/pm/Cipralex%20JUN2018_PM_E_clean.pdf || reference-L8522: Medsafe NZ: Escitalopram | https://www.medsafe.govt.nz/profs/Datasheet/l/loxalatetab.pdf || reference-L8549: CaymenChem: Escitalopram MSDS | https://www.caymanchem.com/msdss/22405m.pdf || reference-L46451: FDA Approved Drug Products: Lexapro® (escitalopram) tablets, for oral use (May 2023) | https://www.accessdata.fda.gov/drugsatfda_docs/label/2023/021323s055,021365s039lbl.pdf || reference-L47921: FDA Approved Drug Products: Lexapro® (escitalopram) tablets, for oral use (August 2023) | https://www.accessdata.fda.gov/drugsatfda_docs/label/2023/021323s057,021365s040lbl.pdf"
naltrexone,DB00704,Naltrexone is a narcotic antagonist used in opioid overdose.,Used as an adjunct to a medically supervised behaviour modification program in the maintenance of opiate cessation in individuals who were formerly physically dependent on opiates and who have successfully undergone detoxification. Also used for the management of alcohol dependence in conjunction with a behavioural modification program.,"Naltrexone is a pure opiate antagonist and has little or no agonist activity. The mechanism of action of naltrexone in alcoholism is not understood; however, involvement of the endogenous opioid system is suggested by preclinical data. Naltrexone is thought to act as a competitive antagonist at mc, κ, and δ receptors in the CNS, with the highest affintiy for the μ receptor. Naltrexone competitively binds to such receptors and may block the effects of endogenous opioids. This leads to the antagonization of most of the subjective and objective effects of opiates, including respiratory depression, miosis, euphoria, and drug craving. The major metabolite of naltrexone, 6-β-naltrexol, is also an opiate antagonist and may contribute to the antagonistic activity of the drug.","Naltrexone, a pure opioid antagonist, is a synthetic congener of oxymorphone with no opioid agonist properties. Naltrexone is indicated in the treatment of alcohol dependence and for the blockade of the effects of exogenously administered opioids. It markedly attenuates or completely blocks, reversibly, the subjective effects of intravenously administered opioids. When co-administered with morphine, on a chronic basis, naltrexone blocks the physical dependence to morphine, heroin and other opioids. In subjects physically dependent on opioids, naltrexone will precipitate withdrawal symptomatology.","Although well absorbed orally, naltrexone is subject to significant first pass metabolism with oral bioavailability estimates ranging from 5 to 40%.",1350 L [intravenous administration],21% bound to plasma proteins over the therapeutic dose range.,"Hepatic. When administered orally, naltrexone undergoes extensive biotransformation and is metabolized to 6 beta-naltrexol (which may contribute to the therapeutic effect) and other minor metabolites.
Hover over products below to view reaction partners
Naltrexone
6-beta-naltrexol","Both parent drug and metabolites are excreted primarily by the kidney (53% to 79% of the dose), however, urinary excretion of unchanged naltrexone accounts for less than 2% of an oral dose and fecal excretion is a minor elimination pathway. The renal clearance for naltrexone ranges from 30 to 127 mL/min and suggests that renal elimination is primarily by glomerular filtration.",4 hours for naltrexone and 13 hours for the active metabolite 6 beta-naltrexol.,~ 3.5 L/min [after IV administration],"In the mouse, rat and guinea pig, the oral LD50s were 1,100-1,550 mg/kg; 1,450 mg/kg; and 1,490 mg/kg; respectively. High doses of naltrexone (generally >1,000 mg/kg) produce salivation, depression/reduced activity, tremors, and convulsions.","reference-A1075: Schmitz JM, Stotts AL, Rhoades HM, Grabowski J: Naltrexone and relapse prevention treatment for cocaine-dependent patients. Addict Behav. 2001 Mar-Apr;26(2):167-80. | https://go.drugbank.com/articles/A1075 || reference-A1076: Krystal JH, Gueorguieva R, Cramer J, Collins J, Rosenheck R: Naltrexone is associated with reduced drinking by alcohol dependent patients receiving antidepressants for mood and anxiety symptoms: results from VA Cooperative Study No. 425, ""Naltrexone in the treatment of alcoholism"". Alcohol Clin Exp Res. 2008 Jan;32(1):85-91. Epub 2007 Dec 7. | https://go.drugbank.com/articles/A1076 || reference-A1077: Ray LA, Chin PF, Miotto K: Naltrexone for the treatment of alcoholism: clinical findings, mechanisms of action, and pharmacogenetics. CNS Neurol Disord Drug Targets. 2010 Mar;9(1):13-22. | https://go.drugbank.com/articles/A1077 || reference-A3657: Kariv R, Tiomny E, Grenshpon R, Dekel R, Waisman G, Ringel Y, Halpern Z: Low-dose naltreoxone for the treatment of irritable bowel syndrome: a pilot study. Dig Dis Sci. 2006 Dec;51(12):2128-33. Epub 2006 Nov 1. | https://go.drugbank.com/articles/A3657"
paroxetine,DB00715,"Paroxetine is a selective serotonin reuptake inhibitor used to treat major depressive disorder, panic disorder, OCD, social phobia, generalized anxiety disorder, the vasomotor symptoms of menopause, and premenstrual dysphoric disorder.","Paroxetine is indicated for the management of depression, obsessive-compulsive disorder, panic disorder, social anxiety disorder, generalized anxiety disorder, posttraumatic stress disorder.<ref>29</ref> One form of paroxetine, commercially known as Brisdelle, is used to manage mild to moderate vasomotor symptoms of menopause.<ref>30</ref> Off-label, paroxetine may be used for the treatment of premature ejaculation or irritable bowel syndrome (IBS).<ref>4</ref>,<ref>5</ref>,<ref>23</ref>","Paroxetine enhances serotonergic activity via the inhibition presynaptic reuptake of serotonin by the serotonin (SERT) receptor.<ref>20</ref>,<ref>11</ref> This inhibition raises the level of serotonin in the synaptic cleft, relieving various symptoms. This drug has been demonstrated to be a stronger inhibitor of serotonin reuptake than other members of the same drug class, including Citalopram, Fluoxetine, and Fluvoxamine.<ref><ref>13</ref></ref> The mechanism of action of paroxetine in relieving the vasomotor symptoms of menopause is unknown, according to the Brisdelle prescribing information<ref>30</ref>, but may occur due to its effects on thermoregulation.<ref>24</ref>
Paroxetine shows a clinically insignificant affinity for adrenergic alpha-1 and alpha-2 receptors and β-adrenergic receptors, dopamine D1 and D2 receptors, histamine H1 receptors and serotonin 5-HT1A, 5-HT2A and 5-HT2C receptors.<ref><ref>13</ref></ref> This drug shows some affinity for muscarinic cholinergic receptors and 5-H2B receptors.<ref>21</ref>,<ref>22</ref> The delayed onset of paroxetine therapeutic effects may be explained by the initial paroxetine actions on the 5-HT neurons. In rats, paroxetine activates 5-HT1A receptors when it is first administered, inhibiting the stimulation of the 5-HT neurons and subsequent release of serotonin at the synaptic cleft.<ref><ref>13</ref></ref>","Paroxetine treats the symptoms of depression, various anxiety disorders, posttraumatic stress disorder, obsessive-compulsive disorder, and the vasomotor symptoms of menopause via the inhibition of serotonin reuptake.<ref>26</ref>,<ref>29</ref>,<ref>30</ref> The onset of action of paroxetine is reported to be approximately 6 weeks.<ref>18</ref>
Due its serotonergic activity, paroxetine, like other SSRI drugs, may potentiate serotonin syndrome. This risk is especially high when monoamine oxidase (MAO) inhibitors are given within 2 weeks of paroxetine administration. Upon cessation of MAO inhibitors, a 2-week interval before paroxetine administration is recommended. Do not coadminister these agents.<ref>27</ref>","Paroxetine is readily absorbed from the gastrointestinal tract. Due to the first-pass metabolism, the bioavailability ranges from 30-60%. Cmax is attained 2 to 8 hours after an oral dose.<ref>7</ref> Mean Tmax is 4.3 hours in healthy patients.<ref>31</ref> The steady-state concentration of paroxetine is achieved within <ref>7</ref> to 14 days of oral therapy.<ref>13</ref> In a pharmacokinetic study, AUC in healthy patients was 5<ref>7</ref>4 ng·h/mL and 1053 ng·h/mL in those with moderate renal impairment.<ref>31</ref>","Paroxetine has a large volume of distribution and is found throughout the body, including in the central nervous system. Only 1% of the drug is found in the plasma.<ref>29</ref> Paroxetine is found in the breast milk at concentrations similar to the concentrations found in plasma.<ref>13</ref>","Paroxetine is 95% bound to plasma proteins.<ref>7</ref>,<ref>14</ref>,<ref>29</ref>","Paroxetine metabolism occurs in the liver and is largely mediated by cytochrome CYP2D6 with contributions from CYP3A4 and possibly other cytochrome enzymes.<ref>19</ref>,<ref>27</ref> Genetic polymorphisms of the CYP2D6 enzyme may alter the pharmacokinetics of this drug. Poor metabolizers may demonstrate increased adverse effects while rapid metabolizers may experience decreased therapeutic effects.<ref>13</ref>,<ref>10</ref>,<ref>34</ref>
The majority of a paroxetine dose is oxidized to a catechol metabolite that is subsequently converted to both glucuronide and sulfate metabolites via methylation and conjugation. In rat synaptosomes, the glucuronide and sulfate conjugates have been shown to thousands of times less potent than paroxetine itself.<ref>31</ref> The metabolites of paroxetine are considered inactive.<ref>25</ref>,<ref>13</ref>,<ref>27</ref>
Hover over products below to view reaction partners
Paroxetine
Paroxetine catechol
Metabolite 1, paroxetine + Metabolite 2, paroxetine + Metabolite 3, paroxetine","About 2/3 of a single paroxetine dose is found to be excreted in the urine and the remainder is found to be excreted in feces. Almost all of the dose is eliminated as metabolites; 3% is found to be excreted as unchanged paroxetine.<ref>13</ref> About 64% of a 30 mg oral dose was found excreted in the urine, with 2% as the parent drug and 62% appearing as metabolites. Approximately 36% of the dose was found to be eliminated in the feces primarily as metabolites and less than 1% as the parent compound.<ref>29</ref>","The mean elimination half-life of paroxetine is about 21 hours.<ref>29</ref> In healthy young subjects, mean elimination half-life was found to be 17.3 hours.<ref>31</ref>","The apparent oral clearance of paroxetine is 167 L/h.<ref>14</ref> The clearance of paroxetine in patients with renal failure is significantly lower and dose adjustment may be required, despite the fact that it is mainly cleared by the liver. Dose adjustments may be required in hepatic impairment.<ref>14</ref>,29,<ref>31</ref>","The acute LD50 in mice and rats is <ref>35</ref>0 mg/kg.<ref>35</ref>
Overdose information
The lowest dose of paroxetine reported to lead to a fatal outcome is approximately 400 mg. The largest reported paroxetine overdose from which a patient has survived and recovered is a dose of 2000 mg. Common manifestations in a paroxetine overdose include fatigue, fever, insomnia hypertension, tachycardia, nausea, vomiting, somnolence, tremor, dizziness, agitation, confusion, anxious symptoms, headache, insomnia, hyperhidrosis, dilated pupils, seizures, paresthesia, serotonin syndrome, involuntary muscle contraction, and change in mental status. It should be noted that in some cases, patients may have consumed alcohol in addition to taking an overdose of paroxetine.<ref>31</ref> Some of these symptoms may also be seen with clinical use. There is no specific antidote to an overdose of paroxetine.<ref>12</ref>","reference-A558: Baldwin DS, Anderson IM, Nutt DJ, Bandelow B, Bond A, Davidson JR, den Boer JA, Fineberg NA, Knapp M, Scott J, Wittchen HU: Evidence-based guidelines for the pharmacological treatment of anxiety disorders: recommendations from the British Association for Psychopharmacology. J Psychopharmacol. 2005 Nov;19(6):567-96. | https://go.drugbank.com/articles/A558 || reference-A1091: Baldwin D, Bobes J, Stein DJ, Scharwachter I, Faure M: Paroxetine in social phobia/social anxiety disorder. Randomised, double-blind, placebo-controlled study. Paroxetine Study Group. Br J Psychiatry. 1999 Aug;175:120-6. | https://go.drugbank.com/articles/A1091 || reference-A1092: Yonkers KA, Gullion C, Williams A, Novak K, Rush AJ: Paroxetine as a treatment for premenstrual dysphoric disorder. J Clin Psychopharmacol. 1996 Feb;16(1):3-8. | https://go.drugbank.com/articles/A1092 || reference-A1093: Waldinger MD, Hengeveld MW, Zwinderman AH, Olivier B: Effect of SSRI antidepressants on ejaculation: a double-blind, randomized, placebo-controlled study with fluoxetine, fluvoxamine, paroxetine, and sertraline. J Clin Psychopharmacol. 1998 Aug;18(4):274-81. | https://go.drugbank.com/articles/A1093 || reference-A181754: Zhang D, Cheng Y, Wu K, Ma Q, Jiang J, Yan Z: Paroxetine in the treatment of premature ejaculation: a systematic review and meta-analysis. BMC Urol. 2019 Jan 3;19(1):2. doi: 10.1186/s12894-018-0431-7. | https://go.drugbank.com/articles/A181754 || reference-A181757: Nevels RM, Gontkovsky ST, Williams BE: Paroxetine-The Antidepressant from Hell? Probably Not, But Caution Required. Psychopharmacol Bull. 2016 Mar 1;46(1):77-104. | https://go.drugbank.com/articles/A181757 || reference-A181760: Hiemke C: [Paroxetine: pharmacokinetics and pharmacodynamics]. Fortschr Neurol Psychiatr. 1994 Sep;62 Suppl 1:2-8. | https://go.drugbank.com/articles/A181760 || reference-A181763: van Zeeland YR, Schoemaker NJ, Haritova A, Smit JW, van Maarseveen EM, Lumeij JT, Fink-Gremmels J: Pharmacokinetics of paroxetine, a selective serotonin reuptake inhibitor, in Grey parrots (Psittacus erithacus erithacus): influence of pharmaceutical formulation and length of dosing. J Vet Pharmacol Ther. 2013 Feb;36(1):51-8. doi: 10.1111/j.1365-2885.2012.01391.x. Epub 2012 Mar 21. | https://go.drugbank.com/articles/A181763 || reference-A181766: Tang SW, Helmeste D: Paroxetine. Expert Opin Pharmacother. 2008 Apr;9(5):787-94. doi: 10.1517/14656566.9.5.787 . | https://go.drugbank.com/articles/A181766 || reference-A181769: Uttamsingh V, Gallegos R, Liu JF, Harbeson SL, Bridson GW, Cheng C, Wells DS, Graham PB, Zelle R, Tung R: Altering metabolic profiles of drugs by precision deuteration: reducing mechanism-based inhibition of CYP2D6 by paroxetine. J Pharmacol Exp Ther. 2015 Jul;354(1):43-54. doi: 10.1124/jpet.115.223768. Epub 2015 May 5. | https://go.drugbank.com/articles/A181769 || reference-A181772: Davis BA, Nagarajan A, Forrest LR, Singh SK: Mechanism of Paroxetine (Paxil) Inhibition of the Serotonin Transporter. Sci Rep. 2016 Apr 1;6:23789. doi: 10.1038/srep23789. | https://go.drugbank.com/articles/A181772 || reference-A181775: Calisto V, Ferreira CI, Oliveira JA, Otero M, Esteves VI: Adsorptive removal of pharmaceuticals from water by commercial and waste-based carbons. J Environ Manage. 2015 Apr 1;152:83-90. doi: 10.1016/j.jenvman.2015.01.019. Epub 2015 Jan 21. | https://go.drugbank.com/articles/A181775 || reference-A31914: Foster RH, Goa KL: Paroxetine : a review of its pharmacology and therapeutic potential in the management of panic disorder. CNS Drugs. 1997 Aug;8(2):163-88. doi: 10.2165/00023210-199708020-00010. | https://go.drugbank.com/articles/A31914 || reference-A181799: van Harten J: Clinical pharmacokinetics of selective serotonin reuptake inhibitors. Clin Pharmacokinet. 1993 Mar;24(3):203-20. doi: 10.2165/00003088-199324030-00003. | https://go.drugbank.com/articles/A181799 || reference-A181817: Geller DA, Wagner KD, Emslie G, Murphy T, Carpenter DJ, Wetherhold E, Perera P, Machin A, Gardiner C: Paroxetine treatment in children and adolescents with obsessive-compulsive disorder: a randomized, multicenter, double-blind, placebo-controlled trial. J Am Acad Child Adolesc Psychiatry. 2004 Nov;43(11):1387-96. doi: 10.1097/01.chi.0000138356.29099.f1. | https://go.drugbank.com/articles/A181817 || reference-A181820: Kato O, Misawa H: Treatment of diarrhea-predominant irritable bowel syndrome with paroxetine. Prim Care Companion J Clin Psychiatry. 2005;7(4):202. doi: 10.4088/pcc.v07n0412a. | https://go.drugbank.com/articles/A181820 || reference-A181871: Gray SL, Hanlon JT: Anticholinergic medication use and dementia: latest evidence and clinical implications. Ther Adv Drug Saf. 2016 Oct;7(5):217-224. doi: 10.1177/2042098616658399. Epub 2016 Jul 18. | https://go.drugbank.com/articles/A181871 || reference-A181874: Morishita S, Arita S: Differential period of onset of action of fluvoxamine, paroxetine and milnacipran for depression. Hum Psychopharmacol. 2003 Aug;18(6):479-82. doi: 10.1002/hup.508. | https://go.drugbank.com/articles/A181874 || reference-A415: Zhou SF, Zhou ZW, Yang LP, Cai JP: Substrates, inducers, inhibitors and structure-activity relationships of human Cytochrome P450 2C9 and implications in drug development. Curr Med Chem. 2009;16(27):3480-675. Epub 2009 Sep 1. | https://go.drugbank.com/articles/A415 || reference-A5492: Scholze P, Zwach J, Kattinger A, Pifl C, Singer EA, Sitte HH: Transporter-mediated release: a superfusion study on human embryonic kidney cells stably expressing the human serotonin transporter. J Pharmacol Exp Ther. 2000 Jun;293(3):870-8. | https://go.drugbank.com/articles/A5492 || reference-A181829: Fujishiro J, Imanishi T, Onozawa K, Tsushima M: Comparison of the anticholinergic effects of the serotonergic antidepressants, paroxetine, fluvoxamine and clomipramine. Eur J Pharmacol. 2002 Nov 15;454(2-3):183-8. doi: 10.1016/s0014-2999(02)02557-8. | https://go.drugbank.com/articles/A181829 || reference-A181847: Peng L, Gu L, Li B, Hertz L: Fluoxetine and all other SSRIs are 5-HT2B Agonists - Importance for their Therapeutic Effects. Curr Neuropharmacol. 2014 Jul;12(4):365-79. doi: 10.2174/1570159X12666140828221720. | https://go.drugbank.com/articles/A181847 || reference-A181904: Masand PS, Gupta S, Schwartz TL, Virk S, Lockwood K, Hameed A, King M, Kaplan DS: Paroxetine in Patients With Irritable Bowel Syndrome: A Pilot Open-Label Study. Prim Care Companion J Clin Psychiatry. 2002 Feb;4(1):12-16. doi: 10.4088/pcc.v04n0105. | https://go.drugbank.com/articles/A181904 || reference-A181973: Shortall SE, Spicer CH, Ebling FJ, Green AR, Fone KC, King MV: Contribution of serotonin and dopamine to changes in core body temperature and locomotor activity in rats following repeated administration of mephedrone. Addict Biol. 2016 Nov;21(6):1127-1139. doi: 10.1111/adb.12283. Epub 2015 Jul 16. | https://go.drugbank.com/articles/A181973 || reference-A181883: Jornil J, Jensen KG, Larsen F, Linnet K: Identification of cytochrome P450 isoforms involved in the metabolism of paroxetine and estimation of their importance for human paroxetine metabolism using a population-based simulator. Drug Metab Dispos. 2010 Mar;38(3):376-85. doi: 10.1124/dmd.109.030551. Epub 2009 Dec 10. | https://go.drugbank.com/articles/A181883 || reference-T653: Prabina Shrestha; Sara Abdijadid (2018). Paroxetine. NIH StatPearls. || reference-T656: Siu Wa Tang and Daiga Helmeste (2008). Expert opinion on pharmacotherapeutics; Paroxetine. Taylor and Francis online. || reference-L7700: Paxil CR FDA label | https://www.accessdata.fda.gov/drugsatfda_docs/label/2017/020936s053lbl.pdf || reference-L3358: Paroxetine FDA Label | https://www.accessdata.fda.gov/drugsatfda_docs/label/2012/020031s067,020710s031.pdf || reference-L7703: Brisdelle FDA label | https://www.accessdata.fda.gov/drugsatfda_docs/label/2017/204516s004lbl.pdf || reference-L7706: GSK monograph, Paxil | https://ca.gsk.com/media/530543/paxil_pm-2014-11-13.pdf || reference-L7712: Paxil | https://www.drugs.com/paxil.html || reference-L7715: Putting GlaxoSmithKline to the test over paroxetine | https://www.bmj.com/bmj/section-pdf/749788?path=/bmj/347/7933/Feature.full.pdf || reference-L7718: Annotation of CPIC Guideline for paroxetine and CYP2D6 | https://www.pharmgkb.org/guidelineAnnotation/PA166127636 || reference-L7733: Sandoz paroxetine tablets | https://www.sandoz.ca/sites/www.sandoz.ca/files/Sandoz%20Paroxetine%20tablets%20PMe%2020170315.pdf || reference-L7742: Paroxetine, psychopharmacology institute | https://psychopharmacologyinstitute.com/section/paroxetine-moa-indications-pharmacokinetics-and-dosing-2051-4053#%20Pharmacokinetics"
citalopram,DB00215,Citalopram is a selective serotonin reuptake inhibitor (SSRI) used in the treatment of depression.,"Citalopram is approved by the FDA for treating adults with major depressive disorder.<ref>19</ref> It has also been used off-label to treat various diseases, including but not limited to sexual dysfunction, ethanol abuse, psychiatric conditions such as obsessive-compulsive disorder (OCD), social anxiety disorder, panic disorder, and diabetic neuropathy.<ref>16</ref>,<ref>1</ref>,<ref>2</ref>,<ref>11</ref>","The mechanism of action of citalopram is unclear but is presumed to be related to potentiation of serotonergic activity in the central nervous system (CNS) resulting from its inhibition of CNS neuronal reuptake of serotonin (5-HT), potentially through the inhibition of the serotonin transporter (solute carrier family 6 member 4, SLC6A4).<ref>19</ref>,<ref>8</ref>
Citalopram binds with significantly less affinity to histamine, acetylcholine, and norepinephrine receptors than tricyclic antidepressant drugs. Particularly, citalopram has no or very low affinity for 5-HT1A, 5-HT2A, dopamine D1 and D2, α1-, α2-, and β-adrenergic, histamine H1, gamma aminobutyric acid (GABA), muscarinic cholinergic, and benzodiazepine receptors.<ref>19</ref>","Citalopram belongs to a class of antidepressants known as selective serotonin reuptake inhibitors (SSRIs). It has been found to relieve or manage symptoms of depression, anxiety, eating disorders and obsessive-compulsive disorder among other mood disorders. The antidepressant, anti-anxiety, and other actions of citalopram are linked to its inhibition of CNS central uptake of serotonin.<ref>19</ref> Serotonergic abnormalities have been reported in patients with mood disorders. Behavioral and neuropsychological effects of serotonin include the regulation of mood, perception, reward, anger, aggression, appetite, memory, sexuality, and attention, as examples. The onset of action for depression is approximately 1 to <ref>4</ref> weeks. The complete response may take 8-12 weeks after initiation of citalopram.<ref>16</ref>
In vitro studies demonstrate that citalopram is a strong and selective inhibitor of neuronal serotonin reuptake and has weak effects on norepinephrine and dopamine central reuptake. The chronic administration of citalopram has been shown to downregulate central norepinephrine receptors, similar to other drugs effective in the treatment of major depressive disorder. Citalopram does not inhibit monoamine oxidase.<ref>4</ref>","The single- and multiple-dose pharmacokinetics of citalopram are linear and dose-proportional in a dose range of 10 to 40 mg/day. Biotransformation of citalopram is mainly hepatic, with a mean terminal half-life of about 35 hours. With once daily dosing, steady state plasma concentrations are achieved within approximately one week. At steady state, the extent of accumulation of citalopram in plasma, based on the half-life, is expected to be 2.5 times the plasma concentrations observed after a single dose.<ref>19</ref>
Following a single oral dose (40 mg tablet) of citalopram, peak blood levels occur at about 4 hours. The absolute bioavailability of citalopram was about 80% relative to an intravenous dose, and absorption is not affected by food.<ref>19</ref>",The volume of distribution of citalopram is about 12 L/kg.<ref>19</ref>,"The binding of citalopram (CT), demethylcitalopram (DCT) and didemethylcitalopram (DDCT) to human plasma proteins is about 80%.<ref>19</ref>","Citalopram is metabolized mainly in the liver via N-demethylation to its main metabolite, demethylcitalopram by CYP2C19 and CYP3A<ref>4</ref>. <ref>5</ref>,<ref>8</ref>,<ref>19</ref> Other metabolites include didemethylcitalopram via CYP2D6 metabolism, citalopram N-oxide and propionic acid derivative via monoamine oxidase enzymes A and B and aldehyde oxidase.<ref>5</ref>,<ref>19</ref> Citalopram metabolites exert little pharmacologic activity in comparison to the parent drug and are not likely to contribute to the clinical effect of citalopram.<ref>4</ref>
Hover over products below to view reaction partners
Citalopram
desmethylcitalopram
Citalopram propionic aldehyde
Citalopram propionic acid
didemethylcitalopram
Citalopram propionic aldehyde
Citalopram propionic acid
Citalopram propionic aldehyde
Citalopram propionic acid
citalopram N-oxide","Approximately 12 to 23% of an oral dose of citalopram is found unchanged in the urine, while 10% is found in feces.<ref>8</ref> Following intravenous administrations of citalopram, the fraction of the drug recovered in the urine as citalopram and DCT was about 10% and 5%, respectively.<ref>19</ref>",The mean terminal half-life of citalopram is about 35 hours.<ref>21</ref>,"The systemic clearance of citalopram was 330 mL/min, with approximately 20% of that due to renal clearance.<ref>19</ref>","Based on data from published observational studies, exposure to SSRIs, particularly in the month before delivery, has been associated with a less than 2-fold increase in the risk of postpartum hemorrhage.<ref><ref><ref><ref><ref><ref><ref><ref><ref><ref><ref><ref>19</ref></ref></ref></ref></ref></ref></ref></ref></ref></ref></ref></ref>
Available data from published epidemiologic studies and postmarketing reports with citalopram use in pregnancy have not established an increased risk of major birth defects or miscarriage. Published studies demonstrated that citalopram levels in both cord blood and amniotic fluid are similar to those observed in maternal serum. There are risks of persistent pulmonary hypertension of the newborn (PPHN) and/or poor neonatal adaptation with exposure to selective serotonin reuptake inhibitors (SSRIs), including citalopram, during pregnancy. There also are risks associated with untreated depression in pregnancy.<ref><ref><ref><ref><ref><ref><ref><ref><ref><ref><ref><ref>19</ref></ref></ref></ref></ref></ref></ref></ref></ref></ref></ref></ref>
Citalopram was administered orally to pregnant rats during the period of organogenesis at doses of 32, 56, and 112 mg/kg/day, which are approximately 8, 14, and 27 times the Maximum Recommended Human Dose (MRHD) of 40 mg, based on mg/m2 body surface area. Citalopram caused maternal toxicity of CNS clinical signs and decreased weight gain at 112 mg/kg/day, which is 27 times the MRHD. At this maternally toxic dose, citalopram decreased embryo/fetal growth and survival and increased fetal abnormalities (including cardiovascular and skeletal defects). The no observed adverse effect level (NOAEL) for maternal and embryofetal toxicity is 56 mg/kg/day, which is approximately 14 times the MRHD.<ref><ref><ref><ref><ref><ref><ref><ref><ref><ref><ref><ref>19</ref></ref></ref></ref></ref></ref></ref></ref></ref></ref></ref></ref>
Citalopram was administered orally to pregnant rabbits during the period of organogenesis at doses up to 16 mg/kg/day, which is approximately 8 times the MRHD of 40 mg, based on mg/m2 body surface area. No maternal or embryofetal toxicity was observed. The NOAEL for maternal and embryofetal toxicity is 16 mg/kg/day, which is approximately 8 times the MRHD.<ref><ref><ref><ref><ref><ref><ref><ref><ref><ref><ref><ref>19</ref></ref></ref></ref></ref></ref></ref></ref></ref></ref></ref></ref>
Citalopram was administered orally to pregnant rats during late gestation and lactation periods at doses of 4.8, 12.8, and 32 mg/kg/day, which are approximately 1, 3, and 8 times the MRHD of 40 mg, based on mg/m2 body surface area. Citalopram increased offspring mortality during the first 4 days of birth and decreased offspring growth at 32 mg/kg/day, which is approximately 8 times the MRHD. The NOAEL for developmental toxicity is 12.8 mg/kg/day, which is approximately 3 times the MRHD. In a separate study, similar effects on offspring mortality and growth were seen when dams were treated throughout gestation and early lactation at doses ≥ 24 mg/kg/day, which is approximately 6 times the MRHD. A NOAEL was not determined in that study.<ref><ref><ref><ref><ref><ref><ref><ref><ref><ref><ref><ref>19</ref></ref></ref></ref></ref></ref></ref></ref></ref></ref></ref></ref>
SSRIs, including citalopram, have been associated with cases of clinically significant hyponatremia in elderly patients, who may be at greater risk for this adverse reaction.<ref><ref><ref><ref><ref><ref><ref><ref><ref><ref><ref><ref>19</ref></ref></ref></ref></ref></ref></ref></ref></ref></ref></ref></ref>
The following have been reported with citalopram tablet overdosage: • Seizures, which may be delayed, and altered mental status including coma.<ref><ref><ref><ref><ref><ref><ref><ref><ref><ref><ref><ref>19</ref></ref></ref></ref></ref></ref></ref></ref></ref></ref></ref></ref> • Cardiovascular toxicity, which may be delayed, including QRS and QTc interval prolongation, wide complex tachyarrhythmias, and torsade de pointes. Hypertension is most commonly seen, but hypotension can rarely be seen alone or with co‐ingestants including alcohol.<ref><ref><ref><ref><ref><ref><ref><ref><ref><ref><ref><ref>19</ref></ref></ref></ref></ref></ref></ref></ref></ref></ref></ref></ref> • Serotonin syndrome (patients with a multiple drug overdosage with other pro-serotonergic drugs may have a higher risk).<ref><ref><ref><ref><ref><ref><ref><ref><ref><ref><ref><ref>19</ref></ref></ref></ref></ref></ref></ref></ref></ref></ref></ref></ref>
Prolonged cardiac monitoring is recommended in citalopram overdosage ingestions due to the arrhythmia risk. Gastrointestinal decontamination with activated charcoal should be considered in patients who present early after a citalopram overdose. Consider contacting a Poison Center (1‐800‐221‐2222) or a medical toxicologist for additional overdosage management recommendations.<ref><ref><ref><ref><ref><ref><ref><ref><ref><ref><ref><ref>19</ref></ref></ref></ref></ref></ref></ref></ref></ref></ref></ref></ref>
Citalopram increased the incidence of small intestine carcinoma in rats treated for 24 months at doses of 8 and 24 mg/kg/day in the diet, which are approximately 2 and 6 times the Maximum Recommended Human Dose (MRHD) of 40 mg, respectively, based on mg/m2 body surface area. A no-effect level (NOEL) for this finding was not established. Citalopram did not increase the incidence of tumors in mice treated for 18 months at doses up to 240 mg/kg/day in the diet, which is approximately 30 times the MRDH of 40 mg based on mg/m2 body surface area.<ref><ref><ref><ref><ref><ref><ref><ref><ref><ref><ref><ref>19</ref></ref></ref></ref></ref></ref></ref></ref></ref></ref></ref></ref>
Citalopram was mutagenic in the in vitro bacterial reverse mutation assay (Ames test) in 2 of 5 bacterial strains (Salmonella TA98 and TA1537) in the absence of metabolic activation. It was clastogenic in the in vitro Chinese hamster lung cell assay for chromosomal aberrations in the presence and absence of metabolic activation. Citalopram was not mutagenic in the in vitro mammalian forward gene mutation assay (HPRT) in mouse lymphoma cells or in in vitro/in vivo unscheduled DNA synthesis (UDS) assay in rat liver. It was not clastogenic in the in vitro chromosomal aberration assay in human lymphocytes or in two in vivo mouse micronucleus assays.<ref><ref><ref><ref><ref><ref><ref><ref><ref><ref><ref><ref>19</ref></ref></ref></ref></ref></ref></ref></ref></ref></ref></ref></ref>
Citalopram was administered orally to female and male rats at doses of 32, 48, and 72 mg/kg/day prior to and throughout mating and continuing to gestation. These doses are approximately 8, 12, and 17 times the MRHD of 40 mg based on mg/m2 body surface area. Mating and fertility were decreased at doses ≥ 32 mg/kg/day, which is approximately 8 times the MRHD. Gestation duration was increased to 48 mg/kg/day, which is approximately 12 times the MRHD.<ref><ref><ref><ref><ref><ref><ref><ref><ref><ref><ref><ref>19</ref></ref></ref></ref></ref></ref></ref></ref></ref></ref></ref></ref>","reference-A321: Sindrup SH, Bjerre U, Dejgaard A, Brøsen K, Aaes-Jørgensen T, Gram LF: The selective serotonin reuptake inhibitor citalopram relieves the symptoms of diabetic neuropathy Clin Pharmacol Ther. 1992 Nov;52(5):547-52. | https://go.drugbank.com/articles/A321 || reference-A322: Atmaca M, Kuloglu M, Tezcan E, Semercioz A: The efficacy of citalopram in the treatment of premature ejaculation: a placebo-controlled study. Int J Impot Res. 2002 Dec;14(6):502-5. | https://go.drugbank.com/articles/A322 || reference-A323: Andersen G, Vestergaard K, Riis JO: Citalopram for post-stroke pathological crying. Lancet. 1993 Oct 2;342(8875):837-9. | https://go.drugbank.com/articles/A323 || reference-A325: Baumann P: Pharmacology and pharmacokinetics of citalopram and other SSRIs. Int Clin Psychopharmacol. 1996 Mar;11 Suppl 1:5-11. | https://go.drugbank.com/articles/A325 || reference-A174382: Bezchlibnyk-Butler K, Aleksic I, Kennedy SH: Citalopram--a review of pharmacological and clinical effects. J Psychiatry Neurosci. 2000 May;25(3):241-54. | https://go.drugbank.com/articles/A174382 || reference-A174394: Sheeler RD, Ackerman MJ, Richelson E, Nelson TK, Staab JP, Tangalos EG, Dieser LM, Cunningham JL: Considerations on safety concerns about citalopram prescribing. Mayo Clin Proc. 2012 Nov;87(11):1042-5. doi: 10.1016/j.mayocp.2012.07.009. Epub 2012 Sep 24. | https://go.drugbank.com/articles/A174394 || reference-A174412: McElroy SL, Hudson JI, Malhotra S, Welge JA, Nelson EB, Keck PE Jr: Citalopram in the treatment of binge-eating disorder: a placebo-controlled trial J Clin Psychiatry. 2003 Jul;64(7):807-13. | https://go.drugbank.com/articles/A174412 || reference-A37688: Sangkuhl K, Klein TE, Altman RB: PharmGKB summary: citalopram pharmacokinetics pathway. Pharmacogenet Genomics. 2011 Nov;21(11):769-72. doi: 10.1097/FPC.0b013e328346063f. | https://go.drugbank.com/articles/A37688 || reference-A238313: Fassino S, Leombruni P, Daga G, Brustolin A, Migliaretti G, Cavallo F, Rovera G: Efficacy of citalopram in anorexia nervosa: a pilot study. Eur Neuropsychopharmacol. 2002 Oct;12(5):453-9. doi: 10.1016/s0924-977x(02)00058-5. | https://go.drugbank.com/articles/A238313 || reference-A261291: Leombruni P, Amianto F, Delsedime N, Gramaglia C, Abbate-Daga G, Fassino S: Citalopram versus fluoxetine for the treatment of patients with bulimia nervosa: a single-blind randomized controlled trial. Adv Ther. 2006 May-Jun;23(3):481-94. doi: 10.1007/BF02850170. | https://go.drugbank.com/articles/A261291 || reference-A261296: Naranjo CA, Poulos CX, Bremner KE, Lanctot KL: Citalopram decreases desirability, liking, and consumption of alcohol in alcohol-dependent drinkers. Clin Pharmacol Ther. 1992 Jun;51(6):729-39. doi: 10.1038/clpt.1992.85. | https://go.drugbank.com/articles/A261296 || reference-A261316: Pollock BG: Citalopram: a comprehensive review. Expert Opin Pharmacother. 2001 Apr;2(4):681-98. doi: 10.1517/14656566.2.4.681. | https://go.drugbank.com/articles/A261316 || reference-A14720: Baumann P: Pharmacokinetic-pharmacodynamic relationship of the selective serotonin reuptake inhibitors. Clin Pharmacokinet. 1996 Dec;31(6):444-69. | https://go.drugbank.com/articles/A14720 || reference-T406: https://www.ncbi.nlm.nih.gov/books/NBK482222/ (2018). Stat Pearls [Internet]. NIH Stat Pearls. || reference-L1355: MSDS citalopram | https://s3-us-west-2.amazonaws.com/drugbank/msds/DB00215.pdf?1549040558 || reference-L5224: NIH Stat Pearls: Citalopram | https://www.ncbi.nlm.nih.gov/books/NBK482222/ || reference-L5227: AAFP: Off-label Applications for SSRIs | https://www.aafp.org/afp/2003/0801/p498.html || reference-L5230: Celexa Information, FDA | https://www.accessdata.fda.gov/drugsatfda_docs/nda/98/020822a.cfm || reference-L47941: FDA Approved Drug Products: CELEXA (citalopram) tablets, for oral use (August 2023) | https://www.accessdata.fda.gov/drugsatfda_docs/label/2023/020822s054lbl.pdf || reference-L36858: DailyMed Label: SENTRALOPRAM AM-10 (citalopram hydrobromide, choline) oral kit | https://dailymed.nlm.nih.gov/dailymed/drugInfo.cfm?setid=b0e39608-a7ed-464a-91c9-867ad7cd293c || reference-L8126: Citalopram FDA label | https://www.accessdata.fda.gov/drugsatfda_docs/label/2012/020822s042,021046s019lbl.pdf || reference-L48026: Health Canada Approved Drug Proucts: ACT CITALOPRAM (Citalopram) tablets, for oral use | https://pdf.hres.ca/dpd_pm/00067722.PDF || reference-F3271: Celexa Monograph | https://s3-us-west-2.amazonaws.com/drugbank/cite_this/attachments/files/000/003/271/original/Celexa_Monograph.pdf?1549042837"
haloperidol,DB00502,"Haloperidol is an antipsychotic agent used to treat schizophrenia and other psychoses, as well as symptoms of agitation, irritability, and delirium.","Haloperidol is indicated for a number of conditions including for the treatment of schizophrenia, for the manifestations of psychotic disorders, for the control of tics and vocal utterances of Tourette’s Disorder in children and adults, for treatment of severe behavior problems in children of combative, explosive hyperexcitability (which cannot be accounted for by immediate provocation). Haloperidol is also indicated in the short-term treatment of hyperactive children who show excessive motor activity with accompanying conduct disorders consisting of some or all of the following symptoms: impulsivity, difficulty sustaining attention, aggressivity, mood lability, and poor frustration tolerance. Haloperidol should be reserved for these two groups of children only after failure to respond to psychotherapy or medications other than antipsychotics.<ref>16</ref>","While haloperidol has demonstrated pharmacologic activity at a number of receptors in the brain, it exerts its antipsychotic effect through its strong antagonism of the dopamine receptor (mainly D2), particularly within the mesolimbic and mesocortical systems of the brain. Schizophrenia is theorized to be caused by a hyperdopaminergic state within the limbic system of the brain.<ref>9</ref> Dopamine-antagonizing medications such as haloperidol, therefore, are thought to improve psychotic symptoms by halting this over-production of dopamine. The optimal clinical efficacy of antipsychotics is associated with the blockade of approximately 60 % - 80 % of D2 receptors in the brain.<ref>9</ref>
While the exact mechanism is not entirely understood, haloperidol is known to inhibit the effects of dopamine and increase its turnover. Traditional antipsychotics, such as haloperidol, bind more tightly than dopamine itself to the dopamine D2 receptor, with dissociation constants that are lower than that for dopamine.<ref><ref>4</ref></ref> It is believed that haloperidol competitively blocks post-synaptic dopamine (D2) receptors in the brain, eliminating dopamine neurotransmission and leading to the relief of delusions and hallucinations that are commonly associated with psychosis. It acts primarily on the D2-receptors and has some effect on 5-HT2 and α1-receptors, with negligible effects on dopamine D1-receptors. The drug also exerts some blockade of α-adrenergic receptors of the autonomic system.<ref>13</ref>
Antagonistic activity regulated through dopamine D2 receptors in the chemoreceptive trigger zone (CTZ) of the brain renders its antiemetic activity. Of the three D2-like receptors, only the D2 receptor is blocked by antipsychotic drugs in direct relation to their clinical antipsychotic abilities.
Clinical brain-imaging findings show that haloperidol remains tightly bound to D2 dopamine receptors in humans undergoing 2 positron emission tomography (PET) scans with a 2<ref><ref>4</ref></ref>h pause in between scans.<ref><ref>4</ref></ref> A common adverse effect of this drug is the development of extrapyramidal symptoms (EPS), due to this tight binding of haloperidol to the dopamine D2 receptor.
Due to the risk of unpleasant and sometimes lifelong extrapyramidal symptoms, newer antipsychotic medications than haloperidol have been discovered and formulated. Rapid dissociation of drugs from dopamine D2 receptors is a plausible explanation for the improved EPS profile of atypical antipsychotics such as Risperidone. This is also consistent with the theory of a lower affinity for D2 receptors for these drugs. As mentioned above, haloperidol binds tightly to the dopamine receptor, potentiating the risk of extrapyramidal symptoms,<ref><ref>4</ref></ref> and therefore should only been used when necessary.","Use of the first-generation antipsychotics (including haloperidol) is considered highly effective for the management of the ""positive"" symptoms of schizophrenia including hallucinations, hearing voices, aggression/hostility, disorganized speech, and psychomotor agitation. However, this class is limited by the development of movement disorders such as drug-induced parkinsonism, akathisia, dystonia, and tardive dyskinesia, and other side effects including sedation, weight gain, and prolactin changes. Compared to the lower-potency first-generation antipsychotics such as Chlorpromazine, Zuclopenthixol, Fluphenazine, and Methotrimeprazine, haloperidol typically demonstrates the least amount of side effects within class, but demonstrates a stronger disposition for causing extrapyramidal symptoms (EPS).<ref>6</ref>,<ref>7</ref>,<ref>8</ref> Low‐potency medications have a lower affinity for dopamine receptors so that a higher dose is required to effectively treat symptoms of schizophrenia. In addition, they block many receptors other than the primary target (dopamine receptors), such as cholinergic or histaminergic receptors, resulting in a higher incidence of side effects such as sedation, weight gain, and hypotension.
The balance between the wanted drug effects on psychotic symptoms and unwanted side effects are largely at play within dopaminergic brain pathways affected by haloperidol. Cortical dopamine-D2-pathways play an important role in regulating these effects and include the nigrostriatal pathway, which is responsible for causing extrapyramidal symptoms (EPS), the mesolimbic and mesocortical pathways, which are responsible for the improvement in positive schizophrenic symptoms, and the tuberoinfundibular dopamine pathway, which is responsible for hyperprolactinemia.
A syndrome consisting of potentially irreversible, involuntary, dyskinetic movements may develop in patients. Although the prevalence of the syndrome appears to be highest among the elderly, especially elderly women, it is impossible to rely upon prevalence estimates to predict, at the inception of antipsychotic treatment, which patients are likely to develop the syndrome.<ref><ref>16</ref></ref>
Cases of sudden death, QT-prolongation, and Torsades de Pointes have been reported in patients receiving haloperidol. Higher than recommended doses of any formulation and intravenous administration of haloperidol appear to be associated with a higher risk of QT-prolongation and Torsades de Pointes. Although cases have been reported even in the absence of predisposing factors, particular caution is advised in treating patients with other QT-prolonging conditions (including electrolyte imbalance [particularly hypokalemia and hypomagnesemia], drugs known to prolong QT, underlying cardiac abnormalities, hypothyroidism, and familial long QT-syndrome).<ref><ref>16</ref></ref>
A potentially fatal symptom complex sometimes referred to as Neuroleptic Malignant Syndrome (NMS) has been reported in association with antipsychotic drugs. Clinical manifestations of NMS are hyperpyrexia, muscle rigidity, altered mental status (including catatonic signs) and evidence of autonomic instability (irregular pulse or blood pressure, tachycardia, diaphoresis, and cardiac dysrhythmias). Additional signs may include elevated creatine phosphokinase, myoglobinuria (rhabdomyolysis) and acute renal failure.<ref><ref>16</ref></ref>","Haloperidol is a highly lipophilic compound and is extensively metabolized in humans, which may cause a large interindividual variability in its pharmacokinetics.<ref><ref>3</ref></ref>
Studies have found a wide variance in pharmacokinetic values for orally administered haloperidol with 1.7-6.1 hours reported for time to peak plasma concentration (tmax), 14.5-<ref><ref>3</ref></ref>6.7 hours reported for half-life (t1⁄2), and 4<ref><ref>3</ref></ref>.7<ref><ref>3</ref></ref> μg/L•h [range 14.89-120.96 μg/L•h] reported for AUC.<ref><ref>3</ref></ref> Haloperidol is well-absorbed from the gastrointestinal tract when ingested orally, however, the first-pass hepatic metabolism decreases its oral bioavailability to 40 - 75%.
After intramuscular administration, the time to peak plasma concentration (tmax) is 20 minutes in healthy individuals or <ref><ref>3</ref></ref><ref><ref>3</ref></ref>.8 minutes in patients with schizophrenia, with a mean half-life of 20.7 hours.<ref><ref>3</ref></ref> Bioavailability following intramuscular administration is higher than that for oral administration.
Administration of haloperidol decanoate (the depot form of haloperidol for long-term treatment) in sesame oil results in slow release of the drug for long-term effects. The plasma concentrations of haloperidol gradually rise, reaching its peak concentration at about 6 days after the injection, with an apparent half-life of about 21 days. Steady-state plasma concentrations are achieved after the third or fourth dose.<ref>16</ref>","The apparent volume of distribution was found to range from 9.5-21.7 L/kg.<ref>3</ref> This high volume of distribution is in accordance with its lipophilicity, which also suggests free movement through various tissues including the blood-brain barrier.","Studies have found that free fraction of haloperidol in human plasma is 7.5-11.6%. This was found to be comparable among healthy adults, young adults, elderly patients with schizophrenia, and even in patients with liver cirrhosis.<ref>3</ref>","Haloperidol is extensively metabolised in the liver with only about 1% of the administered dose excreted unchanged in urine.<ref>3</ref>
In humans, haloperidol is biotransformed to various metabolites, including p-fluorobenzoylpropionic acid, 4-(4-chlorophenyl)-4-hydroxypiperidine, reduced haloperidol, pyridinium metabolites, and haloperidol glucuronide. In psychiatric patients treated regularly with haloperidol, the concentration of haloperidol glucuronide in plasma is the highest among the metabolites, followed, in rank order, by unchanged haloperidol, reduced haloperidol and reduced haloperidol glucuronide.
The drug is thought to be metabolized primarily by oxidative N-dealkylation of the piperidine nitrogen to form fluorophenylcarbonic acids and piperidine metabolites (which appear to be inactive), and by reduction of the butyrophenone carbonyl to the carbinol, forming hydroxyhaloperidol.
The enzymes involved in the biotransformation of haloperidol include cytochrome P450 (CYP) including CYP<ref>3</ref>A4 and CYP2D6, carbonyl reductase and uridine di-phosphoglucose glucuronosyltransferase enzymes. The greatest proportion of the intrinsic hepatic clearance of haloperidol is performed by glucuronidation and followed by the reduction of haloperidol to reduced haloperidol and by CYP-mediated oxidation.
In studies of cytochrome-mediated disposition in vitro, CYP<ref>3</ref>A4 appears to be the major isoform of the enzyme responsible for the metabolism of haloperidol in humans. The intrinsic clearance of the back-oxidation of reduced haloperidol to the parent compound, oxidative N-dealkylation and pyridinium formation are of the same order of magnitude. This suggests that the same enzyme system is responsible for the above three metabolic reactions.
In vivo human studies on haloperidol metabolism have shown that the glucuronidation of haloperidol accounts for 50 to 60% of haloperidol biotransformation and that approximately 2<ref>3</ref>% of the biotransformation was accounted for by the reduction pathway. The remaining 20 to <ref>3</ref>0% ofthe biotransformation of haloperidol would be via N-dealkylation and pyridinium formation.<ref>3</ref>
Hover over products below to view reaction partners
Haloperidol
4-(4-chlorophenyl)-4-hydroxypiperidine
Reduced haloperidol
Haloperidol reduced pyridinium ion derivative
Haloperidol pyridinium ion derivative
Haloperidol glucuronide
Haloperidol 1,2,<ref>3</ref>,6-tetrahydropyridine
Haloperidol pyridinium ion derivative
fluorobenzoylpropionic acid
4-(4-Chlorophenyl)-1-[4-(4-fluorophenyl)-4-oxobutyl]-pyridinium (HPP+)
p-Fluorobenzoylpropionic acid and 4-(4-chlorophenyl)-4-hydroxypiperidine","In radiolabeling studies, approximately <ref>3</ref>0% of the radioactivity is excreted in the urine following a single oral administration of 14C-labelled haloperidol, while 18% is excreted in the urine as haloperidol glucuronide, demonstrating that haloperidol glucuronide is a major metabolite in the urine as well as in plasma in humans.<ref>3</ref>","Following oral administration, the half-life was found to be 14.5-<ref>3</ref>6.7 hours. Following intramuscular injection, mean half-life was found to be 20.7 hours.<ref>3</ref>","Following intravenous administration, the plasma or serum clearance (CL) was found to be 0.<ref>3</ref>9-0.708 L/h/kg (6.5 to 11.8 ml/min/kg). Following oral administration, clearance was found to be <ref>14</ref>1.65 L/h (range 41.<ref>3</ref>4 to <ref>3</ref><ref>3</ref>5.80 L/h).<ref>3</ref>
Haloperidol clearance after extravascular administration ranges from 0.9-1.5 l/h/kg, however this rate is reduced in poor metabolizers of CYP2D6 enzyme. Reduced CYP2D6 enzyme activity may result in increased concentrations of haloperidol. The inter-subject variability (coefficient of variation, %) in haloperidol clearance was estimated to be 44% in a population pharmacokinetic analysis in patients with schizophrenia <ref>14</ref>.
Genetic polymorphism of CYP2D6 has been demonstrated to be an important source of inter-patient variability in the pharmacokinetics of haloperidol and may affect therapeutic response and incidence of adverse effects.<ref>3</ref>",Acute oral toxicity (LD50): 71 mg/kg in rats <ref>MSDS</ref>.,"reference-A755: Niemegeers CJ, Laduron PM: Pharmacology and biochemistry of haloperidol. Proc R Soc Med. 1976;69 suppl 1:3-8. | https://go.drugbank.com/articles/A755 || reference-A32345: Gelders YG: Pharmacology, pharmacokinetics and clinical development of haloperidol decanoate. Int Clin Psychopharmacol. 1986 Jul;1 Suppl 1:1-11. | https://go.drugbank.com/articles/A32345 || reference-A32346: Kudo S, Ishizaki T: Pharmacokinetics of haloperidol: an update. Clin Pharmacokinet. 1999 Dec;37(6):435-56. doi: 10.2165/00003088-199937060-00001. | https://go.drugbank.com/articles/A32346 || reference-A4962: Seeman P: Atypical antipsychotics: mechanism of action. Can J Psychiatry. 2002 Feb;47(1):27-38. | https://go.drugbank.com/articles/A4962 || reference-A180610: Mumtaz MM, Farooqui MY, Ghanayem BI, Rajaraman S, Frankenberg L, Ahmed AE: Studies on the mechanism of urotoxic effects of N,N'-dimethylaminopropionitrile in rats and mice. 1. Biochemical and morphologic characterization of the injury and its relationship to metabolism. J Toxicol Environ Health. 1991 May;33(1):1-17. doi: 10.1080/15287399109531501. | https://go.drugbank.com/articles/A180610 || reference-A180613: Tardy M, Huhn M, Kissling W, Engel RR, Leucht S: Haloperidol versus low-potency first-generation antipsychotic drugs for schizophrenia. Cochrane Database Syst Rev. 2014 Jul 9;(7):CD009268. doi: 10.1002/14651858.CD009268.pub2. | https://go.drugbank.com/articles/A180613 || reference-A180616: Dold M, Samara MT, Li C, Tardy M, Leucht S: Haloperidol versus first-generation antipsychotics for the treatment of schizophrenia and other psychotic disorders. Cochrane Database Syst Rev. 2015 Jan 16;1:CD009831. doi: 10.1002/14651858.CD009831.pub2. | https://go.drugbank.com/articles/A180616 || reference-A180625: Adams CE, Bergman H, Irving CB, Lawrie S: Haloperidol versus placebo for schizophrenia. Cochrane Database Syst Rev. 2013 Nov 15;(11):CD003082. doi: 10.1002/14651858.CD003082.pub3. | https://go.drugbank.com/articles/A180625 || reference-A34360: Seeman P, Kapur S: Schizophrenia: more dopamine, more D2 receptors. Proc Natl Acad Sci U S A. 2000 Jul 5;97(14):7673-5. | https://go.drugbank.com/articles/A34360 || reference-A27477: Kroeze WK, Hufeisen SJ, Popadak BA, Renock SM, Steinberg S, Ernsberger P, Jayathilake K, Meltzer HY, Roth BL: H1-histamine receptor affinity predicts short-term weight gain for typical and atypical antipsychotic drugs. Neuropsychopharmacology. 2003 Mar;28(3):519-26. | https://go.drugbank.com/articles/A27477 || reference-L2018: Clinical pharmacology of atypical antipsychotics: an update | https://www.ncbi.nlm.nih.gov/pmc/articles/PMC4464358/ || reference-L2021: Mechanism of Action of Antipsychotics, Haloperidol and Olanzapine in vitro | https://vtechworks.lib.vt.edu/handle/10919/31133 || reference-L2022: Haloperidol Overview | https://www.sciencedirect.com/topics/neuroscience/haloperidol || reference-L2028: Haldol Decanoate | https://www.medicines.org.uk/emc/product/968 || reference-L12525: FDA Approved Drug Products: Haldol (haloperidol) for injection | https://www.accessdata.fda.gov/drugsatfda_docs/label/2019/015923s095lbl.pdf || reference-F4645: FDA Label - haloperidol | https://s3-us-west-2.amazonaws.com/drugbank/cite_this/attachments/files/000/004/645/original/FDA_Label_-_haloperidol.pdf?1562874866 || reference-F4648: Health Canada Monograph - haloperidol | https://s3-us-west-2.amazonaws.com/drugbank/cite_this/attachments/files/000/004/648/original/Health_Canada_-_Haloperidol.PDF?1562879685"
phenazepam,,,,,,,,,,,,,,
l-methylfolate,,,,,,,,,,,,,,
sertraline,DB01104,"Sertraline is a selective serotonin reuptake inhibitor (SSRI) indicated to treat major depressive disorder, social anxiety disorder and many other psychiatric conditions.","Sertraline is indicated for the management of major depressive disorder (MDD), post-traumatic stress disorder (PTSD), obsessive-compulsive disorder (OCD), panic disorder (PD), premenstrual dysphoric disorder (PMDD), and social anxiety disorder (SAD).<ref>21</ref> Common off-label uses for sertraline include the prevention of post stroke depression<ref>11</ref>, generalized anxiety disorder (GAD), fibromyalgia, premature ejaculation, migraine prophylaxis, diabetic neuropathy, and neurocardiogenic syncope.<ref>23</ref>","Sertraline selectively inhibits the reuptake of serotonin (<ref>5</ref>-HT) at the presynaptic neuronal membrane, thereby increasing serotonergic activity. This results in an increased synaptic concentration of serotonin in the CNS, which leads to numerous functional changes associated with enhanced serotonergic neurotransmission.<ref>19</ref>,<ref><ref><ref>21</ref></ref></ref> These changes are believed to be responsible for the antidepressant action and beneficial effects in obsessive-compulsive (and other anxiety related disorders). It has been hypothesized that obsessive-compulsive disorder, like depression, is also caused by the disregulation of serotonin.<ref>16</ref>
In animal studies, chronic administration of sertraline results in down-regulation of brain norepinephrine receptors.<ref><ref>21</ref></ref> Sertraline displays affinity for sigma-1 and 2 receptor binding sites<ref>13</ref>, but binds with stronger affinity to sigma-1 binding sites.<ref>12</ref> In vitro, sertraline shows little to no affinity for GABA, dopaminergic, serotonergic (<ref>5</ref>HT1A, <ref>5</ref>HT1B, <ref>5</ref>HT2), or benzodiazepine receptors.<ref><ref>21</ref></ref> It exerts weak inhibitory actions on the neuronal uptake of norepinephrine and dopamine<ref>5</ref> and exhibits no inhibitory effects on the monoamine oxidase enzyme.<ref><ref>21</ref></ref>","Sertraline improves or relieves the symptoms of depression, OCD, post-traumatic stress disorder, obsessive-compulsive disorder, panic disorder, and premenstrual dysphoric disorder via the inhibition of serotonin reuptake.<ref>10</ref>,<ref>21</ref> Clinical studies have shown that it improves cognition in depressed patients.<ref>6</ref> It has less sedative, anticholinergic, and cardiovascular effects than the tricyclic antidepressant drugs because it does not exert significant anticholinergic, antihistamine, or adrenergic (alpha1, alpha2, beta) blocking activity.<ref>5</ref> The onset of action and beneficial effects are usually noticed after 4-<ref>6</ref> weeks, for reasons that are not fully understood and currently under investigation.<ref>17</ref>,<ref>27</ref>","Following once-daily administration of 50 to 200 mg for two weeks, the mean peak plasma concentrations (Cmax) of sertraline occurred between 4.5 to 8.4 hours after administration, and measured at 20 to 55 μg/L.<ref>6</ref>,<ref>21</ref> Steady-state concentrations are reached after 1 week following once-daily administration, and vary greatly depending on the patient.<ref>7</ref>,<ref>21</ref> Bioavailability has been estimated to be above 44%. The area under the curve in healthy volunteers after a 100mg dose of sertraline was 456 μg × h/mL in one study.<ref>7</ref>
Effects of food on absorption
The effects of food on the bioavailability of the sertraline tablet and oral concentrate were studied in subjects given a single dose with and without food. For the tablet, AUC was slightly increased when sertraline was administered with food, the Cmax was 25% greater, and the time to peak plasma concentration was shortened by about 2.5 hours. For the oral concentrate preparation of sertraline, peak concentration was prolonged by approximately 1 hour with the ingestion of food.<ref>21</ref>","Sertraline is widely distributed, and its volume of distribution is estimated to be more than 20L/kg.<ref>6</ref> Post-mortem studies in humans have measured liver tissue concentrations of 3.9–20 mg/kg for sertraline and between 1.4 to 11 mg/kg for its active metabolite, N-desmethyl-sertraline (DMS).<ref>7</ref> Studies have also determined sertraline distributes into the brain, plasma, and serum.<ref>7</ref>","Sertraline is highly bound to serum proteins, at about 98%-99%.<ref>15</ref>,<ref>21</ref>","Sertraline is heavily metabolized in the liver and has one major active metabolite. It undergoes N-demethylation to form N-desmethylsertraline, which is much less potent in its pharmacological activity than sertraline.<ref>7</ref> In addition to N-demethylation, sertraline metabolism involves N-hydroxylation, oxidative deamination, and finally, glucuronidation.<ref>21</ref> The metabolism of sertraline is mainly catalyzed by CYP3A4 and CYP2B6, with some activity accounted for by CYP2C19 and CYP2D6.<ref>6</ref>,<ref>22</ref>
Hover over products below to view reaction partners
Sertraline
norsertraline
α-Hydroxy sertraline ketone glucuronide
α-Hydroxy sertraline ketone
Sertraline carbamoyl-O-glucuronide","Since sertraline is extensively metabolized, excretion of unchanged drug in the urine is a minor route of elimination, with 12-14% of unchanged sertraline excreted in the feces.<ref>6</ref>,<ref>7</ref>,<ref>21</ref>","The elimination half-life of sertraline is approximately 26 hours.<ref>6</ref>,<ref>21</ref> One reference mentions an elimination half-life ranging from 22-36 hours.<ref>7</ref>","In pharmacokinetic studies, the clearance of a 200mg dose of sertraline in studies of both young and elderly patients ranged between 1.09 ± 0.38 L/h/kg - 1.35 ± 0.6<ref>7</ref> L/h/kg.<ref>7</ref>","The LD50 of sertraline is >2000 mg/kg in rats according to the FDA label.<ref>25</ref> One other references indicates an oral LD50 of in mice and rats of 419 - 548 mg/kg and 1327 - 1591mg/kg, respectively.<ref>MSDS</ref>
The most common signs and symptoms associated with a non-fatal sertraline overdose are somnolence, vomiting, tachycardia, nausea, dizziness, agitation, and tremor.<ref>21</ref> No cases of fatal overdose with only sertraline have been reported. Most fatal cases are associated with the ingestion of sertraline with other drugs.<ref>18</ref> Consequences of a sertraline overdose may include serotonin syndrome, hypertension, hypotension, syncope, stupor, coma, bradycardia, bundle branch block, QT-prolongation, torsade de pointes, delirium, hallucinations, and pancreatitis.<ref>21</ref>","reference-A1836: Fabre LF, Abuzzahab FS, Amin M, Claghorn JL, Mendels J, Petrie WM, Dube S, Small JG: Sertraline safety and efficacy in major depression: a double-blind fixed-dose comparison with placebo. Biol Psychiatry. 1995 Nov 1;38(9):592-602. | https://go.drugbank.com/articles/A1836 || reference-A1838: Kronig MH, Apter J, Asnis G, Bystritsky A, Curtis G, Ferguson J, Landbloom R, Munjack D, Riesenberg R, Robinson D, Roy-Byrne P, Phillips K, Du Pont IJ: Placebo-controlled, multicenter study of sertraline treatment for obsessive-compulsive disorder. J Clin Psychopharmacol. 1999 Apr;19(2):172-6. | https://go.drugbank.com/articles/A1838 || reference-A1841: Brady K, Pearlstein T, Asnis GM, Baker D, Rothbaum B, Sikes CR, Farfel GM: Efficacy and safety of sertraline treatment of posttraumatic stress disorder: a randomized controlled trial. JAMA. 2000 Apr 12;283(14):1837-44. | https://go.drugbank.com/articles/A1841 || reference-A1842: Yonkers KA, Halbreich U, Freeman E, Brown C, Endicott J, Frank E, Parry B, Pearlstein T, Severino S, Stout A, Stone A, Harrison W: Symptomatic improvement of premenstrual dysphoric disorder with sertraline treatment. A randomized controlled trial. Sertraline Premenstrual Dysphoric Collaborative Study Group. JAMA. 1997 Sep 24;278(12):983-8. | https://go.drugbank.com/articles/A1842 || reference-A1844: Shelton RC: The role of sertraline in the management of depression. Clin Ther. 1994 Sep-Oct;16(5):768-82; discussion 767. | https://go.drugbank.com/articles/A1844 || reference-A1846: Murdoch D, McTavish D: Sertraline. A review of its pharmacodynamic and pharmacokinetic properties, and therapeutic potential in depression and obsessive-compulsive disorder. Drugs. 1992 Oct;44(4):604-24. | https://go.drugbank.com/articles/A1846 || reference-A187066: DeVane CL, Liston HL, Markowitz JS: Clinical pharmacokinetics of sertraline. Clin Pharmacokinet. 2002;41(15):1247-66. doi: 10.2165/00003088-200241150-00002. | https://go.drugbank.com/articles/A187066 || reference-A187069: Cooper JM, Duffull SB, Saiao AS, Isbister GK: The pharmacokinetics of sertraline in overdose and the effect of activated charcoal. Br J Clin Pharmacol. 2015 Feb;79(2):307-15. doi: 10.1111/bcp.12500. | https://go.drugbank.com/articles/A187069 || reference-A187072: Lau GT, Horowitz BZ: Sertraline overdose. Acad Emerg Med. 1996 Feb;3(2):132-6. doi: 10.1111/j.1553-2712.1996.tb03400.x. | https://go.drugbank.com/articles/A187072 || reference-A187075: Cipriani A, La Ferla T, Furukawa TA, Signoretti A, Nakagawa A, Churchill R, McGuire H, Barbui C: Sertraline versus other antidepressive agents for depression. Cochrane Database Syst Rev. 2010 Jan 20;(1):CD006117. doi: http://dx.doi.org/10.1002/14651858.CD006117. | https://go.drugbank.com/articles/A187075 || reference-A187078: Feng R, Wang P, Gao C, Yang J, Chen Z, Yang Y, Jiao J, Li M, Fu B, Li L, Zhang Z, Wang S: Effect of sertraline in the treatment and prevention of poststroke depression: A meta-analysis. Medicine (Baltimore). 2018 Dec;97(49):e13453. doi: 10.1097/MD.0000000000013453. | https://go.drugbank.com/articles/A187078 || reference-A31940: Narita N, Hashimoto K, Tomitaka S, Minabe Y: Interactions of selective serotonin reuptake inhibitors with subtypes of sigma receptors in rat brain. Eur J Pharmacol. 1996 Jun 20;307(1):117-9. | https://go.drugbank.com/articles/A31940 || reference-A31941: Hashimoto K: Sigma-1 receptors and selective serotonin reuptake inhibitors: clinical implications of their relationship. Cent Nerv Syst Agents Med Chem. 2009 Sep;9(3):197-204. | https://go.drugbank.com/articles/A31941 || reference-A187153: Doogan DP, Caillard V: Sertraline: a new antidepressant. J Clin Psychiatry. 1988 Aug;49 Suppl:46-51. | https://go.drugbank.com/articles/A187153 || reference-A187156: Kristensen JH, Ilett KF, Dusci LJ, Hackett LP, Yapp P, Wojnar-Horton RE, Roberts MJ, Paech M: Distribution and excretion of sertraline and N-desmethylsertraline in human milk. Br J Clin Pharmacol. 1998 May;45(5):453-7. doi: 10.1046/j.1365-2125.1998.00705.x. | https://go.drugbank.com/articles/A187156 || reference-A187165: Pittenger C, Bloch MH, Williams K: Glutamate abnormalities in obsessive compulsive disorder: neurobiology, pathophysiology, and treatment. Pharmacol Ther. 2011 Dec;132(3):314-32. doi: 10.1016/j.pharmthera.2011.09.006. Epub 2011 Sep 22. | https://go.drugbank.com/articles/A187165 || reference-A188493: Erb SJ, Schappi JM, Rasenick MM: Antidepressants Accumulate in Lipid Rafts Independent of Monoamine Transporters to Modulate Redistribution of the G Protein, Galphas. J Biol Chem. 2016 Sep 16;291(38):19725-19733. doi: 10.1074/jbc.M116.727263. Epub 2016 Jul 18. | https://go.drugbank.com/articles/A188493 || reference-A188499: Barbey JT, Roose SP: SSRI safety in overdose. J Clin Psychiatry. 1998;59 Suppl 15:42-8. | https://go.drugbank.com/articles/A188499 || reference-T28: 46. (2012). In Rang and Dale's Pharmacology (7th ed., pp. 573-574). Edinburgh: Elsevier/Churchill Livingstone. [ISBN:978-0-7020-3471-8] | https://www.google.com/search?tbo=p&tbm=bks&q=978-0-7020-3471-8 || reference-L1373: EMA Label: Zoloft; INN: sertraline | http://www.ema.europa.eu/docs/en_GB/document_library/Referrals_document/Zoloft_30/WC500007023.pdf || reference-L9016: FDA Approved Drug Products: Zoloft (sertraline hydrochloride) for oral use | https://www.accessdata.fda.gov/drugsatfda_docs/label/2016/019839S74S86S87_20990S35S44S45lbl.pdf || reference-L9022: Zoloft, PDR | https://www.pdr.net/drug-summary/Zoloft-sertraline-hydrochloride-474.3608 || reference-L5227: AAFP: Off-label Applications for SSRIs | https://www.aafp.org/afp/2003/0801/p498.html || reference-L9058: Sertraline, pubchem | https://pubchem.ncbi.nlm.nih.gov/compound/sertraline || reference-L9061: Sertraline, Pfizer SDS | https://pfe-pfizercom-prod.s3.amazonaws.com/products/material_safety_data/sertraline_hydrochloride_capsules_2-June-2016.pdf || reference-L9188: Sertraline pathway | https://www.pharmgkb.org/pathway/PA166181117 || reference-L10677: Psychology Today article | https://www.psychologytoday.com/ca/blog/the-superhuman-mind/201702/number-one-reason-ssris-take-four-six-weeks-work || reference-L52018: FDA Approved Drug Products: ZOLOFT (sertraline hydrochloride) tablets, for oral use and oral solution (August 2023) | https://www.accessdata.fda.gov/drugsatfda_docs/label/2023/019839s108,20990s062lbl.pdf"
methamphetamine,DB01577,Metamfetamine is a sympathomimetic agent used in the treatment of attention deficit hyperactivity disorder (ADHD) and exogenous obesity.,For the treatment of Attention Deficit Disorder with Hyperactivity (ADHD) and exogenous obesity.,"Methamphetamine enters the brain and triggers a cascading release of norepinephrine, dopamine and serotonin. To a lesser extent methamphetamine acts as a dopaminergic and adrenergic reuptake inhibitor and in high concentrations as a monamine oxidase inhibitor (MAOI). The mechanism of action involved in producing the beneficial behavioral changes seen in hyperkinetic children receiving methamphetamine is unknown.","Methamphetamine is a potent central nervous system stimulant which affects neurochemical mechanisms responsible for regulating heart rate, body temperature, blood pressure, appetite, attention, mood and responses associated with alertness or alarm conditions. The acute effects of the drug closely resemble the physiological and psychological effects of an epinephrine-provoked fight-or-flight response, including increased heart rate and blood pressure, vasoconstriction (constriction of the arterial walls), bronchodilation, and hyperglycemia (increased blood sugar). Users experience an increase in focus, increased mental alertness, and the elimination of fatigue, as well as a decrease in appetite.","Methamphetamine is rapidly absorbed from the gastrointestinal tract with peak methamphetamine concentrations occurring in 3.13 to 6.3 hours post ingestion. Moreover, when administered intranasally or as an inhalation, methamphetamine also demonstrates a high degree of absorption. It is distributed to most parts of the body. Because methamphetamine has a high lipophilicity it is distributed across the blood brain barrier and crosses the placenta.",Not Available,Not Available,"Hepatic. The primary site of metabolism is in the liver by aromatic hydroxylation, N-dealkylation and deamination. At least seven metabolites have been identified in the urine, with the main metabolites being amphetamine (active) and 4-hydroxymethamphetamine. Other minor metabolites include 4-hydroxyamphetamine, norephedrine, and 4-hydroxynorephedrine.
Hover over products below to view reaction partners
Metamfetamine
Norephedrine
4-hydroxyamphetamine
4-hydroxymethamphetamine
4-Hydroxynorephedrine
Dextroamphetamine","Excretion occurs primarily in the urine, the rate of which is dependent on urine pH. Between 30-54% of an oral dose is excreted in urine as unchanged methamphetamine and 10-23% as unchanged amphetamine. Following an intravenous dose, 45% is excreted as unchanged parent drug and 7% amphetamine.",The biological half-life has been reported in the range of 4 to 5 hours.,Not Available,"Manifestations of acute overdosage with methamphetamine include restlessness, tremor, hyperreflexia, rapid respiration, confusion, assaultiveness, hallucinations, panic states, hyperpyrexia, and rhabdomyolysis. Fatigue and depression usually follow the central stimulation. Cardiovascular effects include arrhythmias, hypertension or hypotension, and circulatory collapse. Gastrointestinal symptoms include nausea, vomiting, diarrhea, and abdominal cramps. Fatal poisoning usually terminates in convulsions and coma.","reference-A2507: Schepers RJ, Oyler JM, Joseph RE Jr, Cone EJ, Moolchan ET, Huestis MA: Methamphetamine and amphetamine pharmacokinetics in oral fluid and plasma after controlled oral methamphetamine administration to human volunteers. Clin Chem. 2003 Jan;49(1):121-32. | https://go.drugbank.com/articles/A2507 || reference-A2508: McGregor C, Srisurapanont M, Jittiwutikarn J, Laobhripatr S, Wongtan T, White JM: The nature, time course and severity of methamphetamine withdrawal. Addiction. 2005 Sep;100(9):1320-9. | https://go.drugbank.com/articles/A2508 || reference-A2509: Bennett BA, Hollingsworth CK, Martin RS, Harp JJ: Methamphetamine-induced alterations in dopamine transporter function. Brain Res. 1998 Jan 26;782(1-2):219-27. | https://go.drugbank.com/articles/A2509 || reference-A2510: Hasan AA, Ciancio S: Relationship between amphetamine ingestion and gingival enlargement. Pediatr Dent. 2004 Sep-Oct;26(5):396-400. | https://go.drugbank.com/articles/A2510 || reference-A2511: Shaner JW: Caries associated with methamphetamine abuse. J Mich Dent Assoc. 2002 Sep;84(9):42-7. | https://go.drugbank.com/articles/A2511 || reference-L43942: Code of Federal Regulations 216.24: Drug products withdrawn or removed from the market for reasons of safety or effectiveness. | https://www.ecfr.gov/current/title-21/chapter-I/subchapter-C/part-216/subpart-B/section-216.24"
sildenafil,DB00203,Sildenafil is a phosphodiesterase inhibitor used for the treatment of erectile dysfunction.,"Sildenafil is a phosphodiesterase-5 (PDE5) inhibitor that is predominantly employed for two primary indications: (1) the treatment of erectile dysfunction <ref>5</ref>,<ref>8</ref>,<ref>12</ref>,<ref>13</ref>,<ref>16</ref>; and (2) treatment of pulmonary hypertension, where: a) the US FDA specifically indicates sildenafil for the treatment of pulmonary arterial hypertension (PAH) (WHO Group I) in adults to improve exercise ability and delay clinical worsening <ref><ref>11</ref></ref>. The delay in clinical worsening was demonstrated when sildenafil was added to background epoprostenol therapy <ref><ref>11</ref></ref>. Studies establishing effectiveness were short-term (12 to 16 weeks), and included predominately patients with New York Heart Association (NYHA) Functional Class II-III symptoms and idiopathic etiology (71%) or associated with connective tissue disease (CTD) (25%) <ref><ref>11</ref></ref>; b) the Canadian product monograph specifically indicates sildenafil for the treatment of primary pulmonary arterial hypertension (PPH) or pulmonary hypertension secondary to connective tissue disease (CTD) in adult patients with WHO functional class II or III who have not responded to conventional therapy <ref>14</ref>. In addition, improvement in exercise ability and delay in clinical worsening was demonstrated in adult patients who were already stabilized on background epoprostenol therapy <ref>14</ref>; and c) the EMA product information specifically indicates sildenafil for the treatment of adult patients with pulmonary arterial hypertension classified as WHO functional class II and III, to improve exercise capacity <ref><ref><ref>15</ref></ref></ref>. Efficacy has been shown in primary pulmonary hypertension and pulmonary hypertension associated with connective tissue disease <ref><ref><ref>15</ref></ref></ref>. The EMA label also indicates sildenafil for the treatment of pediatric patients aged 1 year to 17 years old with pulmonary arterial hypertension <ref><ref><ref>15</ref></ref></ref>. Efficacy in terms of improvement of exercise capacity or pulmonary hemodynamics has been shown in primary pulmonary hypertension and pulmonary hypertension associated with congenital heart disease <ref><ref><ref>15</ref></ref></ref>.","Sildenafil is an oral therapy for erectile dysfunction <ref>5</ref>,<ref>12</ref>,<ref>13</ref>,<ref>16</ref>,<ref>8</ref>. In the natural setting, i.e. with sexual stimulation, it restores impaired erectile function by increasing blood flow to the penis <ref>5</ref>,<ref>12</ref>,<ref>13</ref>,<ref>16</ref>,<ref>8</ref>.
The physiological mechanism responsible for the erection of the penis involves the release of nitric oxide (NO) in the corpus cavernosum during sexual stimulation <ref>5</ref>,<ref>12</ref>,<ref>13</ref>,<ref>16</ref>,<ref>8</ref>. Nitric oxide then activates the enzyme guanylate cyclase, which results in increased levels of cyclic guanosine monophosphate (cGMP), producing smooth muscle relaxation in the corpus cavernosum and allowing inflow of blood <ref>5</ref>,<ref>12</ref>,<ref>13</ref>,<ref>16</ref>,<ref>8</ref>.
Sildenafil is a potent and selective inhibitor of cGMP specific phosphodiesterase type 5 (PDE5) in the corpus cavernosum, where PDE5 is responsible for degradation of cGMP <ref>5</ref>,<ref>12</ref>,<ref>13</ref>,<ref>16</ref>,<ref>8</ref>. Sildenafil has a peripheral site of action on erections <ref>5</ref>,<ref>12</ref>,<ref>13</ref>,<ref>16</ref>,<ref>8</ref>. Sildenafil has no direct relaxant effect on isolated human corpus cavernosum but potently enhances the relaxant effect of NO on this tissue <ref>5</ref>,<ref>12</ref>,<ref>13</ref>,<ref>16</ref>,<ref>8</ref>. When the NO/cGMP pathway is activated, as occurs with sexual stimulation, inhibition of PDE5 by sildenafil results in increased corpus cavernosum levels of cGMP <ref>5</ref>,<ref>12</ref>,<ref>13</ref>,<ref>16</ref>,<ref>8</ref>. Therefore sexual stimulation is required in order for sildenafil to produce its intended beneficial pharmacological effects <ref>5</ref>,<ref>12</ref>,<ref>13</ref>,<ref>16</ref>,<ref>8</ref>.
Moreover, apart from the presence of PDE5 in the corpus cavernosum of the penis, PDE5 is also present in the pulmonary vasculature <ref>4</ref>,<ref>11</ref>,<ref>14</ref>,<ref>15</ref>,<ref>9</ref>. Sildenafil, therefore, increases cGMP within pulmonary vascular smooth muscle cells resulting in relaxation <ref>4</ref>,<ref>11</ref>,<ref>14</ref>,<ref>15</ref>,<ref>9</ref>. In patients with pulmonary arterial hypertension, this can lead to vasodilation of the pulmonary vascular bed and, to a lesser degree, vasodilatation in the systemic circulation <ref>4</ref>,<ref>11</ref>,<ref>14</ref>,<ref>15</ref>,<ref>9</ref>.","In vitro studies have shown that sildenafil is selective for phosphodiesterase-5 (PDE5) <ref>11</ref>,<ref>12</ref>,<ref>13</ref>,<ref>14</ref>,<ref>15</ref>,<ref>16</ref>,<ref>8</ref>,<ref>9</ref>. Its effect is more potent on PDE5 than on other known phosphodiesterases <ref>11</ref>,<ref>12</ref>,<ref>13</ref>,<ref>14</ref>,<ref>15</ref>,<ref>16</ref>,<ref>8</ref>,<ref>9</ref>. In particular, there is a 10-times selectivity over PDE6 which is involved in the phototransduction pathway in the retina <ref>11</ref>,<ref>12</ref>,<ref>13</ref>,<ref>14</ref>,<ref>15</ref>,<ref>16</ref>,<ref>8</ref>,<ref>9</ref>. There is an 80-times selectivity over PDE1, and over 700-times over PDE 2, 3, 4, 7, 8, 9, 10 and 11 <ref>11</ref>,<ref>12</ref>,<ref>13</ref>,<ref>14</ref>,<ref>15</ref>,<ref>16</ref>,<ref>8</ref>,<ref>9</ref>. And finally, sildenafil has greater than 4,000-times selectivity for PDE5 over PDE3, the cAMP-specific phosphodiesterase isoform involved in the control of cardiac contractility <ref>11</ref>,<ref>12</ref>,<ref>13</ref>,<ref>14</ref>,<ref>15</ref>,<ref>16</ref>,<ref>8</ref>,<ref>9</ref>.
In eight double-blind, placebo-controlled crossover studies of patients with either organic or psychogenic erectile dysfunction, sexual stimulation resulted in improved erections, as assessed by an objective measurement of hardness and duration of erections (via the use of RigiScan®), after sildenafil administration compared with placebo <ref>11</ref>,<ref>12</ref>,<ref>13</ref>,<ref>14</ref>,<ref>15</ref>,<ref>16</ref>,<ref>8</ref>,<ref>9</ref>. Most studies assessed the efficacy of sildenafil approximately 60 minutes post-dose <ref>11</ref>,<ref>12</ref>,<ref>13</ref>,<ref>14</ref>,<ref>15</ref>,<ref>16</ref>,<ref>8</ref>,<ref>9</ref>. The erectile response, as assessed by RigiScan®, generally increased with increasing sildenafil dose and plasma concentration <ref>11</ref>,<ref>12</ref>,<ref>13</ref>,<ref>14</ref>,<ref>15</ref>,<ref>16</ref>,<ref>8</ref>,<ref>9</ref>. The time course of effect was examined in one study, showing an effect for up to 4 hours but the response was diminished compared to 2 hours <ref>11</ref>,<ref>12</ref>,<ref>13</ref>,<ref>14</ref>,<ref>15</ref>,<ref>16</ref>,<ref>8</ref>,<ref>9</ref>.
Sildenafil causes mild and transient decreases in systemic blood pressure which, in the majority of cases, do not translate into clinical effects <ref>11</ref>,<ref>12</ref>,<ref>13</ref>,<ref>14</ref>,<ref>15</ref>,<ref>16</ref>,<ref>8</ref>,<ref>9</ref>. After chronic dosing of 80 mg, three times a day to patients with systemic hypertension the mean change from baseline in systolic and diastolic blood pressure was a decrease of 9.4 mmHg and 9.1 mmHg respectively <ref>11</ref>,<ref>12</ref>,<ref>13</ref>,<ref>14</ref>,<ref>15</ref>,<ref>16</ref>,<ref>8</ref>,<ref>9</ref>. After chronic dosing of 80 mg, three times a day to patients with pulmonary arterial hypertension lesser effects in blood pressure reduction were observed (a reduction in both systolic and diastolic pressure of 2 mmHg)<ref>11</ref>,<ref>12</ref>,<ref>13</ref>,<ref>14</ref>,<ref>15</ref>,<ref>16</ref>,<ref>8</ref>,<ref>9</ref> . At the recommended dose of 20 mg three times a day no reductions in systolic or diastolic pressure were seen <ref>11</ref>,<ref>12</ref>,<ref>13</ref>,<ref>14</ref>,<ref>15</ref>,<ref>16</ref>,<ref>8</ref>,<ref>9</ref>.
Single oral doses of sildenafil up to 100 mg in healthy volunteers produced no clinically relevant effects on ECG <ref>11</ref>,<ref>12</ref>,<ref>13</ref>,<ref>14</ref>,<ref>15</ref>,<ref>16</ref>,<ref>8</ref>,<ref>9</ref>. After chronic dosing of 80 mg three times a day to patients with pulmonary arterial hypertension no clinically relevant effects on the ECG were reported either <ref>11</ref>,<ref>12</ref>,<ref>13</ref>,<ref>14</ref>,<ref>15</ref>,<ref>16</ref>,<ref>8</ref>,<ref>9</ref>.
In a study of the hemodynamic effects of a single oral 100 mg dose of sildenafil in 14 patients with severe coronary artery disease (CAD) (> 70 % stenosis of at least one coronary artery), the mean resting systolic and diastolic blood pressures decreased by 7 % and 6 % respectively compared to baseline <ref>11</ref>,<ref>12</ref>,<ref>13</ref>,<ref>14</ref>,<ref>15</ref>,<ref>16</ref>,<ref>8</ref>,<ref>9</ref>. Mean pulmonary systolic blood pressure decreased by 9% <ref>11</ref>,<ref>12</ref>,<ref>13</ref>,<ref>14</ref>,<ref>15</ref>,<ref>16</ref>,<ref>8</ref>,<ref>9</ref>. Sildenafil showed no effect on cardiac output and did not impair blood flow through the stenosed coronary arteries <ref>11</ref>,<ref>12</ref>,<ref>13</ref>,<ref>14</ref>,<ref>15</ref>,<ref>16</ref>,<ref>8</ref>,<ref>9</ref>.
Mild and transient differences in color discrimination (blue/green) were detected in some subjects using the Farnsworth-Munsell 100 hue test at 1 hour following a 100 mg dose, with no effects evident after 2 hours post-dose <ref>11</ref>,<ref>12</ref>,<ref>13</ref>,<ref>14</ref>,<ref>15</ref>,<ref>16</ref>,<ref>8</ref>,<ref>9</ref>. The postulated mechanism for this change in color discrimination is related to inhibition of PDE6, which is involved in the phototransduction cascade of the retina <ref>11</ref>,<ref>12</ref>,<ref>13</ref>,<ref>14</ref>,<ref>15</ref>,<ref>16</ref>,<ref>8</ref>,<ref>9</ref>. Sildenafil has no effect on visual acuity or contrast sensitivity. In a small size placebo-controlled study of patients with documented early age-related macular degeneration (n = 9), sildenafil (single dose, 100 mg) demonstrated no significant changes in visual tests conducted (which included visual acuity, Amsler grid, color discrimination simulated traffic light, and the Humphrey perimeter and photostress test) <ref>11</ref>,<ref>12</ref>,<ref>13</ref>,<ref>14</ref>,<ref>15</ref>,<ref>16</ref>,<ref>8</ref>,<ref>9</ref>.","Sildenafil is known to be quickly absorbed, with maximum plasma concentrations being observed within 30-120 minutes (with a median of 60 minutes) of oral administration in a fasting patient <ref>11</ref>,<ref>12</ref>,<ref>13</ref>,<ref>14</ref>,<ref>15</ref>,<ref>16</ref>,<ref>8</ref>,<ref>9</ref>. Moreover, the mean absolute bioavailability observed for sildenafil is about 41% (from a range of 25-63%) <ref>11</ref>,<ref>12</ref>,<ref>13</ref>,<ref>14</ref>,<ref>15</ref>,<ref>16</ref>,<ref>8</ref>,<ref>9</ref>. In particular, after oral three times a day dosing of sildenafil, the AUC and Cmax increase in proportion with dose over the recommended dosage range of 25-100 mg <ref>11</ref>,<ref>12</ref>,<ref>13</ref>,<ref>14</ref>,<ref>15</ref>,<ref>16</ref>,<ref>8</ref>,<ref>9</ref>.
When used in pulmonary arterial hypertension patients, however, the oral bioavailability of sildenafil after a dosing regimen of 80 mg three times a day, was on average 43% greater than compared to the lower doses <ref>11</ref>,<ref>12</ref>,<ref>13</ref>,<ref>14</ref>,<ref>15</ref>,<ref>16</ref>,<ref>8</ref>,<ref>9</ref>.
Finally, if sildenafil is administered orally with food, the rate of absorption is observed to be decreased with a mean delay in Tmax of about 60 minutes and a mean decrease in Cmax of approximately 29% <ref>11</ref>,<ref>12</ref>,<ref>13</ref>,<ref>14</ref>,<ref>15</ref>,<ref>16</ref>,<ref>8</ref>,<ref>9</ref>. Regardless, the extent of absorption is not observed to be significantly affected as the recorded AUC decreased by only about 11 % <ref>11</ref>,<ref>12</ref>,<ref>13</ref>,<ref>14</ref>,<ref>15</ref>,<ref>16</ref>,<ref>8</ref>,<ref>9</ref>.","The mean steady-state volume of distribution documented for sildenafil is approximately 105 L - a value which suggests the medication undergoes distribution into the tissues <ref>11</ref>,<ref>12</ref>,<ref>13</ref>,<ref>14</ref>,<ref>15</ref>,<ref>16</ref>,<ref>8</ref>,<ref>9</ref>.","It is generally observed that sildenafil and its main circulating N-desmethyl metabolite are both estimated to be about 96% bound to plasma proteins <ref>11</ref>,<ref>12</ref>,<ref>13</ref>,<ref>14</ref>,<ref>15</ref>,<ref>16</ref>,<ref>8</ref>,<ref>9</ref>. Nevertheless, it has been determined that protein binding for sildenafil is independent of total drug concentrations <ref>11</ref>,<ref>12</ref>,<ref>13</ref>,<ref>14</ref>,<ref>15</ref>,<ref>16</ref>,<ref>8</ref>,<ref>9</ref>.","The metabolism of sildenafil is facilitated primarily by the CYP3A4 hepatic microsomal isoenzymes and to a minor extent, via the CYP2C9 hepatic isoenzymes <ref>6</ref>,<ref>11</ref>,<ref>12</ref>,<ref>13</ref>,<ref>14</ref>,<ref>15</ref>,<ref>16</ref>,<ref>8</ref>,<ref>9</ref>. The predominant circulating metabolite results from the N-demethylation of sildenafil <ref>6</ref>,<ref>11</ref>,<ref>12</ref>,<ref>13</ref>,<ref>14</ref>,<ref>15</ref>,<ref>16</ref>,<ref>8</ref>,<ref>9</ref>. This particular resultant metabolite possesses a phosphodiesterase selectivity that is similar to the parent sildenafil molecule and a corresponding in vitro potency for PDE5 that is approximately 50% that of the parent drug <ref>6</ref>,<ref>11</ref>,<ref>12</ref>,<ref>13</ref>,<ref>14</ref>,<ref>15</ref>,<ref>16</ref>,<ref>8</ref>,<ref>9</ref>. Moreover, plasma concentrations of the metabolite are about 40% of those recorded for sildenafil, a percentage that accounts for about 20% of sildenafil’s pharmacologic effects <ref>6</ref>,<ref>11</ref>,<ref>12</ref>,<ref>13</ref>,<ref>14</ref>,<ref>15</ref>,<ref>16</ref>,<ref>8</ref>,<ref>9</ref>. This primary N-desmethyl metabolite of sildenafil also undergoes further metabolism, with a terminal half-life of about 4 hours <ref>6</ref>,<ref>11</ref>,<ref>12</ref>,<ref>13</ref>,<ref>14</ref>,<ref>15</ref>,<ref>16</ref>,<ref>8</ref>,<ref>9</ref>.
In patients with pulmonary arterial hypertension, plasma concentrations of the primary N-desmethyl metabolite are about 72% those of the original parent sildenafil molecule after a regimen of 20 mg three times a day - which is consequently responsible for about a 36% contribution to sildenafil’s overall pharmacological effects <ref>6</ref>,<ref>11</ref>,<ref>12</ref>,<ref>13</ref>,<ref>14</ref>,<ref>15</ref>,<ref>16</ref>,<ref>8</ref>,<ref>9</ref>.
Hover over products below to view reaction partners
Sildenafil
N-Desmethyl sildenafil (UK-103,320)
N-Desmethyl sildenafil","After either oral or intravenous administration, sildenafil is excreted as metabolites predominantly in the feces (approximately 80% of the administered oral dose) and to a lesser extent in the urine (approximately 13% of the administered oral dose) <ref>11</ref>,<ref>12</ref>,<ref>13</ref>,<ref>14</ref>,<ref>15</ref>,<ref>16</ref>,<ref>8</ref>,<ref>9</ref>.","The terminal phase half-life observed for sildenafil is approximately 3 to 5 hours <ref>11</ref>,<ref>12</ref>,<ref>13</ref>,<ref>14</ref>,<ref>15</ref>,<ref>16</ref>,<ref>8</ref>,<ref>9</ref>.","The total body clearance documented for sildenafil is 41 L/h <ref>11</ref>,<ref>12</ref>,<ref>13</ref>,<ref>14</ref>,<ref>15</ref>,<ref>16</ref>,<ref>8</ref>,<ref>9</ref>.","In single-dose volunteer studies of doses up to 800 mg, adverse reactions were similar to those seen at lower doses, but the incidence rates and severities were increased <ref><ref>11</ref></ref>,<ref>12</ref>,<ref>13</ref>,<ref>14</ref>,<ref>15</ref>,<ref>16</ref>,<ref>8</ref>,<ref>9</ref>. Doses of 200 mg did not result in increased efficacy but the incidence of adverse reaction (headache, flushing, dizziness, dyspepsia, nasal congestion, altered vision) was increased <ref><ref>11</ref></ref>,<ref>12</ref>,<ref>13</ref>,<ref>14</ref>,<ref>15</ref>,<ref>16</ref>,<ref>8</ref>,<ref>9</ref>.
Due to the lack of data on the effect of sildenafil indicated for the treatment of pulmonary arterial hypertension (PAH) in pregnant women, sildenafil is not recommended for women of childbearing potential unless also using appropriate contraceptive measures <ref><ref>11</ref></ref>,<ref>14</ref>,<ref>15</ref>,<ref>9</ref>.
The safety and efficacy of sildenafil indicated for treating PAH in a woman during labor and delivery have not been studied <ref><ref>11</ref></ref>,<ref>14</ref>,<ref>15</ref>,<ref>9</ref>. Caution should ultimately be exercised when sildenafil is administered to nursing women as it is not known if sildenafil or its metabolites are excreted in human breast milk <ref><ref>11</ref></ref>,<ref>14</ref>,<ref>15</ref>,<ref>9</ref>.
The safety and efficacy of sildenafil for the treatment of PAH in children below 1 year of age has not been established as no data is available <ref>15</ref>.
Clinical experience with the elderly population in the use of sildenafil for the treatment of PAH has been varied. Some reports suggest that there are no identified differences in responses between elderly and younger patients <ref>11</ref> while others have documented that clinical efficacy as measured by 6-minute walk distance could be less in elderly patients <ref>9</ref>. In general, dose selection for an elderly patient should be cautious, reflecting the greater frequency of decreased hepatic, renal, or cardiac function, and of concomitant disease or other drug therapy <ref>11</ref>.
Conversely, when sildenafil was used to treat erectile dysfunction in healthy elderly volunteers (65 years or over), a reduced clearance of sildenafil was observed <ref>12</ref>,<ref>8</ref>. This reduction resulted in about <ref>9</ref>0% higher plasma concentrations of sildenafil and the active N-desmethyl metabolite compared to those seen in healthy younger volunteers (18-45 years) <ref>12</ref>,<ref>8</ref>. Due to age-differences in plasma protein binding, the corresponding increase in free sildenafil plasma concentration was approximately 40% <ref>12</ref>,<ref>8</ref>.
Sildenafil was not carcinogenic when administered to rats for 24 months at a dose resulting in total systemic drug exposure (AUCs) for unbound sildenafil and its major metabolite of 2<ref>9</ref>- and 42- times, for male and female rats, respectively, the exposures observed in human males given the Maximum Recommended Human Dose (MRHD) of 100 mg <ref><ref>11</ref></ref>,<ref>12</ref>,<ref>13</ref>,<ref>14</ref>,<ref>15</ref>,<ref>16</ref>,<ref>8</ref>,<ref>9</ref>. Sildenafil was not carcinogenic when administered to mice for 18-21 months at dosages up to the Maximum Tolerated Dose (MTD) of 10 mg/kg/day, approximately 0.6 times the MRHD on a mg/m2 basis <ref><ref>11</ref></ref>,<ref>12</ref>,<ref>13</ref>,<ref>14</ref>,<ref>15</ref>,<ref>16</ref>,<ref>8</ref>,<ref>9</ref>.
Sildenafil was negative in in vitro bacterial and Chinese hamster ovary cell assays to detect mutagenicity, and in vitro human lymphocytes and in vivo mouse micronucleus assays to detect clastogenicity <ref><ref>11</ref></ref>,<ref>12</ref>,<ref>13</ref>,<ref>14</ref>,<ref>15</ref>,<ref>16</ref>,<ref>8</ref>,<ref>9</ref>.
There was no impairment of fertility in rats given sildenafil up to 60 mg/kg/day for 36 days to females and 102 days to males, a dose producing an AUC value of more than 25 times the human male AUC <ref><ref>11</ref></ref>,<ref>12</ref>,<ref>13</ref>,<ref>14</ref>,<ref>15</ref>,<ref>16</ref>,<ref>8</ref>,<ref>9</ref>.","reference-A300: Boolell M, Allen MJ, Ballard SA, Gepi-Attee S, Muirhead GJ, Naylor AM, Osterloh IH, Gingell C: Sildenafil: an orally active type 5 cyclic GMP-specific phosphodiesterase inhibitor for the treatment of penile erectile dysfunction. Int J Impot Res. 1996 Jun;8(2):47-52. | https://go.drugbank.com/articles/A300 || reference-A301: Cheitlin MD, Hutter AM Jr, Brindis RG, Ganz P, Kaul S, Russell RO Jr, Zusman RM: ACC/AHA expert consensus document. Use of sildenafil (Viagra) in patients with cardiovascular disease. American College of Cardiology/American Heart Association. J Am Coll Cardiol. 1999 Jan;33(1):273-82. | https://go.drugbank.com/articles/A301 || reference-A302: Fries R, Shariat K, von Wilmowsky H, Bohm M: Sildenafil in the treatment of Raynaud's phenomenon resistant to vasodilatory therapy. Circulation. 2005 Nov 8;112(19):2980-5. | https://go.drugbank.com/articles/A302 || reference-A175579: Unegbu C, Noje C, Coulson JD, Segal JB, Romer L: Pulmonary Hypertension Therapy and a Systematic Review of Efficacy and Safety of PDE-5 Inhibitors. Pediatrics. 2017 Mar;139(3). pii: peds.2016-1450. doi: 10.1542/peds.2016-1450. | https://go.drugbank.com/articles/A175579 || reference-A175582: Gong B, Ma M, Xie W, Yang X, Huang Y, Sun T, Luo Y, Huang J: Direct comparison of tadalafil with sildenafil for the treatment of erectile dysfunction: a systematic review and meta-analysis. Int Urol Nephrol. 2017 Oct;49(10):1731-1740. doi: 10.1007/s11255-017-1644-5. Epub 2017 Jul 24. | https://go.drugbank.com/articles/A175582 || reference-A175654: Nichols DJ, Muirhead GJ, Harness JA: Pharmacokinetics of sildenafil after single oral doses in healthy male subjects: absolute bioavailability, food effects and dose proportionality. Br J Clin Pharmacol. 2002;53 Suppl 1:5S-12S. | https://go.drugbank.com/articles/A175654 || reference-A175732: Goldstein I, Burnett AL, Rosen RC, Park PW, Stecher VJ: The Serendipitous Story of Sildenafil: An Unexpected Oral Therapy for Erectile Dysfunction. Sex Med Rev. 2019 Jan;7(1):115-128. doi: 10.1016/j.sxmr.2018.06.005. Epub 2018 Oct 6. | https://go.drugbank.com/articles/A175732 || reference-L5611: Electronic Medicines Compendium: Sildenafil 25mg, 50mg, 100mg film-coated tablets Monograph | https://www.medicines.org.uk/emc/product/3172/smpc || reference-L5614: Electronic Medicines Compendium: Revatio (sildenafil citrate) 20 mg film-coated tablets Monograph | https://www.medicines.org.uk/emc/product/181/smpc || reference-L5656: Forbes: With Viagra Now Available Over-The-Counter In The U.K., Will The U.S. Follow Suit? | https://www.forbes.com/sites/johnlamattina/2018/05/01/with-viagra-now-available-over-the-counter-in-the-uk-will-the-us-follow-suit/#9f64aee75b65 || reference-F3850: Revatio (sildenafil) FDA Label | https://s3-us-west-2.amazonaws.com/drugbank/cite_this/attachments/files/000/003/850/original/021845s011_022473s004_0203109s002lbl-2.pdf?1552000083 || reference-F3853: Viagra (sildenafil citrate) FDA Label | https://s3-us-west-2.amazonaws.com/drugbank/cite_this/attachments/files/000/003/853/original/20895s039s042lbl.pdf?1552000164 || reference-F3856: Viagra (sildenafil citrate) Tablets 25 mg, 50 mg, and 100 mg Canadian Product Monograph | https://s3-us-west-2.amazonaws.com/drugbank/cite_this/attachments/files/000/003/856/original/VIAGRA_PM_E_218856_18Sept2018a.pdf?1552000421 || reference-F3859: Revatio (sildenafil citrate) Canadian Product Monograph | https://s3-us-west-2.amazonaws.com/drugbank/cite_this/attachments/files/000/003/859/original/REVATIO_PM_E_206732_30Oct2017.pdf?1552000572 || reference-F3883: Revatio (sildenafil citrate) EMA Label | https://s3-us-west-2.amazonaws.com/drugbank/cite_this/attachments/files/000/003/883/original/revatio-epar-product-information_en.pdf?1552079582 || reference-F3886: Viagra (sildenafil citrate) EMA Label | https://s3-us-west-2.amazonaws.com/drugbank/cite_this/attachments/files/000/003/886/original/viagra-epar-product-information_en.pdf?1552080070"
capecitabine,DB01101,"Capecitabine is a nucleoside metabolic inhibitor indicated to treat different gastrointestinal, including pancreatic cancer, and breast cancer.","Capecitabine is indicated as treatment for a variety of cancer types. For colorectal cancer, capecitabine is indicated as a single agent or a component of a combination chemotherapy regiment for the adjuvant treatment of stage III colon cancer and treatment unresectable or metastatic colorectal cancer. It can also be used as a part of a combination chemotherapy perioperative treatment of adult locally advanced rectal cancer.<ref><ref><ref>42</ref></ref></ref> For breast cancer, capecitabine is indicated for advanced or metastatic breast cancer as a single agent if an anthracycline- or taxane-containing chemotherapy is not indicated or as a regimen with docetaxel after disease progression on prior anthracycline-containing chemotherapy.<ref><ref><ref>42</ref></ref></ref> For gastric, esophageal, or gastroesophageal junction (GEJ) cancer, capecitabine is indicated as a component of a combination chemotherapy treatment for the treatment of adult unresectable or metastatic gastric, esophageal, or GEJ cancer or adult HER2-overexpressing metastatic gastric or GEJ adenocarcinoma who have not received prior treatment for metastatic disease.<ref><ref><ref>42</ref></ref></ref> Finally, for pancreatic cancer, capecitabine is indicated as adjuvant treatment for adult pancreatic adenocarcinoma as a component of a combination chemotherapy regimen.<ref><ref><ref>42</ref></ref></ref>","Capecitabine is metabolized to 5-fluorouracil in vivo by carboxylesterases, cytidine deaminase, and thymidine phosphorylase/uridine phosphorylase sequentially.<ref>42</ref>,<ref>18</ref>,<ref>14</ref>,<ref>15</ref>,<ref>16</ref> 5-fluorouracil is further metabolized through a series of enzymatic reactions into 3 main active metabolites: 5-fluorouridine triphosphate (5-FUTP), 5-fluoro-2’-deoxyuridine monophosphate (5-FdUMP), and 5-fluorodeoxyuridine triphosphate (5-FdUTP).<ref>17</ref>,<ref>18</ref>,<ref>19</ref>. These metabolites cause cell injury by two different mechanisms. First, FdUMP and the folate cofactor, N5-10-methylenetetrahydrofolate (CH2THF), bind to thymidylate synthase (TS) to form a covalently bound ternary complex.<ref>42</ref> TS is an enzyme that catalyzes the methylation of deoxyuridine monophosphate (dUMP) to deoxythymidine monophosphate (dTMP).<ref>20</ref>,<ref>19</ref> Under normal physiological conditions, dUMP binds to TS first before CH2THF, followed by a 1,<ref>4</ref> or Michael addition from the pyrimidine C (6)atom to the Cys146 nucleophile.<ref>20</ref>,<ref>21</ref> If correctly positioned, dUMP, CH2THF, and TS would form a ternary complex to facilitate the donation of the methyl group from CH2THF to dUMP.<ref>20</ref> However, the substitution of dUMP with FdUMP results in a new time-dependent TS–FdUMP–CH2THF complex. Since the fluorine group prevents dissociation of FdUMP from the pyrimidine ring, the whole complex is rendered irreversibly deactivated, terming this reaction ""suicide inhibition"".<ref>20</ref>,<ref>22</ref> TS inhibition prevents the conversion of dUMP to dTMP, depleting the pool of dTMP that could be phosphorylated into dTTP to be incorporated as DNA nucleotides. This disrupts the nucleotides balance, particularly the the ATP/dTTP ratio, thus impairing DNA synthesis and repair and causing apoptosis.23,<ref>20</ref>
5-FdUMP can also be phosphorylated into 5-FdUTP, further increasing the pool of dUTP base to potentially overwhelm the activity of dUTPase.<ref>25</ref> Coupled with the decrease in dTTP, 5-FdUMP, and 5-FdUTP increase the probability of mistakenly incorporating a uracil base into DNA strands in place of thymine. Although this mistake can often be resolved by the nucleotide excision repair enzyme uracil-DNA-glycosylase (UDG), the high (F)dUTP/dTTP ratio would result in re-incorporation of uracil into DNA, leading to a futile cycle of misincorporation, excision, and repair.<ref>24</ref>,<ref>26</ref> Repeated base excision repair can result in abasic sites, which can lead to DNA mutagenesis and thus protein miscoding, replication forks collapse, and DNA fragmentation through single or double strand breaks <ref>25</ref>,27,28,<ref>29</ref>
However, several reports have found that the incorporation of uracil in genomic DNA does not significantly affect the cytotoxicity of 5-FU, suggesting that the cytotoxic effect of 5-FU is dominated by the perturbation of RNA through 5-FUTP.<ref>30</ref>,<ref>31</ref> Similar to 5-dFUTP, 5-FUTP can be mistakenly incorporated into RNA in place of regular UTP and disrupt regular RNA biology through various mechanisms. 5-FUTP can be incorporated into the spliceosomal U2 snRNA at pseudouridylated sites to prevent further pseudouridylation and thus pre-mrNA splicing. 5-FUTP can also change the structure of U4 and U6 snRNA and reduce the turnover rate of U1 snrNA once incorporated.<ref>32</ref> For tRNA, 5-FUTP can affect tRNA's post-transcriptional RNA modifications activity, particularly by inhbiting pseudouridine synthase through formation of covalent complex.<ref>33</ref>,<ref>34</ref> Recently, the effect of 5-FUTP on miRNAs and lncRNA was also observed through profound changes in expression, although the precise mechanism is still unknown.<ref>35</ref>,<ref>36</ref>,<ref>37</ref>
Although the main mechanism of 5-FU cytotoxicity was thought to be attributed to DNA damages, recent reports have shown that the majority of 5-FU pharmacological action is mediated through RNA, since 5-FU is accumulated ~3000- to 15 000-fold more in RNA compared to that of DNA.<ref>38</ref>","Capecitabine is a fluoropyrimidine carbamate belonging to a group of antineoplastic agents called antimetabolites, which kill cancerous cells by interfering with DNA synthesis.<ref>39</ref>,<ref>26</ref> It is an orally administered systemic prodrug that has little pharmacologic activity until it is converted to 5-fluorouracil (5-FU) by enzymes that are expressed in higher concentrations in many tumors.<ref>40</ref> Capecitabine was designed specifically to overcome the disadvantages of 5-FU and to mimic the infusional pharmacokinetics of 5-FU without the associated complexity and complications of central venous access and infusion pumps.<ref>39</ref> Particularly, since the enzymes converting 5-FU into active metabolites exist in the gastrointestinal tract, infusion of 5-FU can have gastrointestinal toxicity while also losing efficacy.<ref>41</ref> Since capecitabine can be transported intact across the intestinal mucosa, it can be selectively delivered 5-FU to tumor tissues through enzymatic conversion preferentially inside tumor cells.<ref>41</ref>
5-FU exerts its pharmacological action through the inhibition and interference of 3 main targets: thymidylate synthase, DNA, and RNA, leading through protein synthesis disruption and apoptosis.<ref>26</ref>,<ref>20</ref> Population-based exposure-effect analyses demonstrated a positive association between AUC of 5-FU and grade 3-4 hyperbilirubinemia.<ref>42</ref>","The AUC of capecitabine and its metabolite 5’-DFCR increases proportionally over a dosage range of 500 mg/m2/day to 3,<ref>500</ref> mg/m2/day (0.2 to 1.4 times the approved recommended dosage). The AUC of capecitabine’s metabolites 5’-DFUR and fluorouracil increased greater than proportional to the dose. The interpatient variability in the Cmax and AUC of fluorouracil was greater than 85%.<ref>42</ref>
Following oral administration of capecitabine 1,<ref>255</ref> mg/m2 orally twice daily (the recommended dosage when used as a single agent), the median Tmax of capecitabine and its metabolite fluorouracil was approximately 1.5 hours and 2 hours, respectively.<ref>42</ref>","In colorectal cancer patients with a mean age of 58 ± 9.5 years and ECOG Performance Status of 0–1, the volume of distribution is calculated to be 186 ± 28 L.<ref>7</ref>",Plasma protein binding of capecitabine and its metabolites is less than 60% and is not concentration dependent. Capecitabine was primarily bound to human albumin (approximately 35%).<ref>42</ref>,"Capecitabine undergoes metabolism by carboxylesterase and is hydrolyzed to 5’-DFCR. 5’-DFCR is subsequently converted to 5’-DFUR by cytidine deaminase. 5’-DFUR is then hydrolyzed by thymidine phosphorylase (dThdPase) enzymes to the active metabolite fluorouracil.<ref>42</ref>
Fluorouracil is subsequently metabolized by dihydropyrimidine dehydrogenase to 5-fluoro-5, 6-dihydro-fluorouracil (FUH2). The pyrimidine ring of FUH2 is cleaved by dihydropyrimidinase to yield 5-fluoro-ureido-propionic acid (FUPA). Finally, FUPA is cleaved by β-ureido-propionase to α-fluoro-β-alanine (FBAL).<ref>42</ref>
Hover over products below to view reaction partners
Capecitabine
5’-Deoxy-5-fluorocytidine (5'-DFCR)
5’-Deoxy-5-fluorouridine (5'DFUR)
5-fluorouracil
5-fluouridine (5-FUR)
5-fluorouridine monophosphate (5-FUMP)
5-fluorouridine diphosphate (5-FUDP)
5-fluorouridine triphosphate (5-FUTP)
5-FUDP-hexose
5-fluorouridine monophosphate (5-FUMP)
5-fluorouridine diphosphate (5-FUDP)
5-fluorodeoxyuridine diphosphate (5-FdUDP)
5-fluorodeoxyuridine monophosphate (5-FdUMP)
5-fluorodeoxyuridine triphosphate (5-FdUTP)
5-fluorodeoxyuridine monophosphate (5-FdUMP)
5-fluorouridine triphosphate (5-FUTP)
5-FUDP-hexose
5-fluorodeoxyuridine (5-FUdR)
5-fluorodeoxyuridine monophosphate (5-FdUMP)
5-fluorodeoxyuridine diphosphate (5-FdUDP)
5-fluorodeoxyuridine triphosphate (5-FdUTP)
5-fluorodeoxyuridine monophosphate (5-FdUMP)
dihydrofluorouracil (DHFU)
β-ureidopropionic acid (FUPA)
Urea + fluoro-β-alanine (FBAL)","Following administration of radiolabeled capecitabine, 96% of the administered capecitabine dose was recovered in urine (3% unchanged and 57% as metabolite FBAL) and 2.6% in feces.<ref>42</ref>",The elimination half-lives of capecitabine and fluorouracil were approximately 0.75 hour.<ref>42</ref>,"In colorectal cancer patients with a mean age of 58 ± 9.5 years and ECOG Performance Status of 0–1, the clearance of capecitabine is calculated to be <ref>7</ref><ref>7</ref>5 ± 213 mL/min.<ref>7</ref>","Adequate studies investigating the carcinogenic potential of capecitabine have not been conducted. Capecitabine was not mutagenic in vitro to bacteria (Ames test) or mammalian cells (Chinese hamster V79/HPRT gene mutation assay). Capecitabine was clastogenic in vitro to human peripheral blood lymphocytes but not clastogenic in vivo to mouse bone marrow (micronucleus test). Fluorouracil causes mutations in bacteria and yeast. Fluorouracil also causes chromosomal abnormalities in the mouse micronucleus test in vivo.<ref><ref><ref><ref>42</ref></ref></ref></ref>
In studies of fertility and general reproductive performance in female mice, oral capecitabine doses of 760 mg/kg/day (about 2,<ref>300</ref> mg/m2/day) disturbed estrus and consequently caused a decrease in fertility. In mice that became pregnant, no fetuses survived this dose. The disturbance in estrus was reversible. In males, this dose caused degenerative changes in the testes, including decreases in the number of spermatocytes and spermatids. In separate pharmacokinetic studies, this dose in mice produced 5’-DFUR AUC values about 0.7 times the corresponding values in patients administered the recommended daily dose.<ref><ref><ref><ref>42</ref></ref></ref></ref>
Based on findings in animal reproduction studies and its mechanism of action [see Clinical Pharmacology (12.1)], XELODA can cause fetal harm when administered to a pregnant woman. Available human data on XELODA use in pregnant women is not sufficient to inform the drug-associated risk. In animal reproduction studies, administration of capecitabine to pregnant animals during the period of organogenesis caused embryo lethality and teratogenicity in mice and embryo lethality in monkeys at 0.2 and 0.6 times the exposure (AUC) in patients receiving the recommended dose of 1,<ref>250</ref> mg/m2 twice daily, respectively. Advise pregnant women of the potential risk to a fetus.<ref><ref><ref><ref>42</ref></ref></ref></ref>
The estimated background risk of major birth defects and miscarriage for the indicated population is unknown. All pregnancies have a background risk of birth defect, loss, or other adverse outcomes. In the U.S. general population, the estimated background risk of major birth defects and miscarriage in clinically recognized pregnancies is 2% to 4% and 15% to 20%, respectively.<ref><ref><ref><ref>42</ref></ref></ref></ref>
Administer uridine triacetate within 96 hours for management of XELODA overdose. Although no clinical experience using dialysis as a treatment for XELODA overdose has been reported, dialysis may be of benefit in reducing circulating concentrations of 5’-DFUR, a low–molecular-weight metabolite of the parent compound.<ref><ref><ref><ref>42</ref></ref></ref></ref>","reference-A1813: Walko CM, Lindley C: Capecitabine: a review. Clin Ther. 2005 Jan;27(1):23-44. | https://go.drugbank.com/articles/A1813 || reference-A1815: Wagstaff AJ, Ibbotson T, Goa KL: Capecitabine: a review of its pharmacology and therapeutic efficacy in the management of advanced breast cancer. Drugs. 2003;63(2):217-36. | https://go.drugbank.com/articles/A1815 || reference-A1817: Koukourakis GV, Kouloulias V, Koukourakis MJ, Zacharias GA, Zabatis H, Kouvaris J: Efficacy of the oral fluorouracil pro-drug capecitabine in cancer treatment: a review. Molecules. 2008 Aug 27;13(8):1897-922. | https://go.drugbank.com/articles/A1817 || reference-A1819: Twelves C: Vision of the future: capecitabine. Oncologist. 2001;6 Suppl 4:35-9. | https://go.drugbank.com/articles/A1819 || reference-A1821: Milano G, Ferrero JM, Francois E: Comparative pharmacology of oral fluoropyrimidines: a focus on pharmacokinetics, pharmacodynamics and pharmacomodulation. Br J Cancer. 2004 Aug 16;91(4):613-7. | https://go.drugbank.com/articles/A1821 || reference-A1822: de Bono JS, Twelves CJ: The oral fluorinated pyrimidines. Invest New Drugs. 2001;19(1):41-59. | https://go.drugbank.com/articles/A1822 || reference-A255957: Alqahtani S, Alzaidi R, Alsultan A, Asiri A, Asiri Y, Alsaleh K: Clinical pharmacokinetics of capecitabine and its metabolites in colorectal cancer patients. Saudi Pharm J. 2022 May;30(5):527-531. doi: 10.1016/j.jsps.2022.02.019. Epub 2022 Mar 2. | https://go.drugbank.com/articles/A255957 || reference-A255962: Vasey PA, McMahon L, Paul J, Reed N, Kaye SB: A phase II trial of capecitabine (Xeloda) in recurrent ovarian cancer. Br J Cancer. 2003 Nov 17;89(10):1843-8. doi: 10.1038/sj.bjc.6601381. | https://go.drugbank.com/articles/A255962 || reference-A255967: Wolf JK, Bodurka DC, Verschraegen C, Sun CC, Branham D, Jenkins AD, Atkinson N, Gershenson DM: A phase II trial of oral capecitabine in patients with platinum--and taxane--refractory ovarian, fallopian tube, or peritoneal cancer. Gynecol Oncol. 2006 Sep;102(3):468-74. doi: 10.1016/j.ygyno.2005.12.040. Epub 2006 Mar 3. | https://go.drugbank.com/articles/A255967 || reference-A255977: Fine RL, Gulati AP, Krantz BA, Moss RA, Schreibman S, Tsushima DA, Mowatt KB, Dinnen RD, Mao Y, Stevens PD, Schrope B, Allendorf J, Lee JA, Sherman WH, Chabot JA: Capecitabine and temozolomide (CAPTEM) for metastatic, well-differentiated neuroendocrine cancers: The Pancreas Center at Columbia University experience. Cancer Chemother Pharmacol. 2013 Mar;71(3):663-70. doi: 10.1007/s00280-012-2055-z. Epub 2013 Jan 31. | https://go.drugbank.com/articles/A255977 || reference-A255982: Strosberg JR, Fine RL, Choi J, Nasir A, Coppola D, Chen DT, Helm J, Kvols L: First-line chemotherapy with capecitabine and temozolomide in patients with metastatic pancreatic endocrine carcinomas. Cancer. 2011 Jan 15;117(2):268-75. doi: 10.1002/cncr.25425. Epub 2010 Sep 7. | https://go.drugbank.com/articles/A255982 || reference-A255987: Cartwright TH, Cohn A, Varkey JA, Chen YM, Szatrowski TP, Cox JV, Schulz JJ: Phase II study of oral capecitabine in patients with advanced or metastatic pancreatic cancer. J Clin Oncol. 2002 Jan 1;20(1):160-4. doi: 10.1200/JCO.2002.20.1.160. | https://go.drugbank.com/articles/A255987 || reference-A255992: Patt YZ, Hassan MM, Aguayo A, Nooka AK, Lozano RD, Curley SA, Vauthey JN, Ellis LM, Schnirer II, Wolff RA, Charnsangavej C, Brown TD: Oral capecitabine for the treatment of hepatocellular carcinoma, cholangiocarcinoma, and gallbladder carcinoma. Cancer. 2004 Aug 1;101(3):578-86. doi: 10.1002/cncr.20368. | https://go.drugbank.com/articles/A255992 || reference-A256142: Andreetta C, Puppin C, Minisini A, Valent F, Pegolo E, Damante G, Di Loreto C, Pizzolitto S, Pandolfi M, Fasola G, Piga A, Puglisi F: Thymidine phosphorylase expression and benefit from capecitabine in patients with advanced breast cancer. Ann Oncol. 2009 Feb;20(2):265-71. doi: 10.1093/annonc/mdn592. Epub 2008 Sep 2. | https://go.drugbank.com/articles/A256142 || reference-A256147: Loganayagam A, Arenas Hernandez M, Corrigan A, Fairbanks L, Lewis CM, Harper P, Maisey N, Ross P, Sanderson JD, Marinaki AM: Pharmacogenetic variants in the DPYD, TYMS, CDA and MTHFR genes are clinically significant predictors of fluoropyrimidine toxicity. Br J Cancer. 2013 Jun 25;108(12):2505-15. doi: 10.1038/bjc.2013.262. Epub 2013 Jun 4. | https://go.drugbank.com/articles/A256147 || reference-A32078: Timmers L, Swart EL, Boons CC, Mangnus D, van de Ven PM, Peters GJ, Boven E, Hugtenburg JG: The use of capecitabine in daily practice: a study on adherence and patients' experiences. Patient Prefer Adherence. 2012;6:741-8. doi: 10.2147/PPA.S36757. Epub 2012 Oct 19. | https://go.drugbank.com/articles/A32078 || reference-A256062: Krauss J, Bracher F: Pharmacokinetic Enhancers (Boosters)-Escort for Drugs against Degrading Enzymes and Beyond. Sci Pharm. 2018 Sep 27;86(4):E43. doi: 10.3390/scipharm86040043. | https://go.drugbank.com/articles/A256062 || reference-A256027: Nies AT, Magdy T, Schwab M, Zanger UM: Role of ABC transporters in fluoropyrimidine-based chemotherapy response. Adv Cancer Res. 2015;125:217-43. doi: 10.1016/bs.acr.2014.10.007. Epub 2015 Jan 8. | https://go.drugbank.com/articles/A256027 || reference-A256077: Panczyk M: Pharmacogenetics research on chemotherapy resistance in colorectal cancer over the last 20 years. World J Gastroenterol. 2014 Aug 7;20(29):9775-827. doi: 10.3748/wjg.v20.i29.9775. | https://go.drugbank.com/articles/A256077 || reference-A256152: Zhang N, Yin Y, Xu SJ, Chen WS: 5-Fluorouracil: mechanisms of resistance and reversal strategies. Molecules. 2008 Aug 5;13(8):1551-69. doi: 10.3390/molecules13081551. | https://go.drugbank.com/articles/A256152 || reference-A256157: Kholodar SA, Ghosh AK, Swiderek K, Moliner V, Kohen A: Parallel reaction pathways and noncovalent intermediates in thymidylate synthase revealed by experimental and computational tools. Proc Natl Acad Sci U S A. 2018 Oct 9;115(41):10311-10314. doi: 10.1073/pnas.1811059115. Epub 2018 Sep 24. | https://go.drugbank.com/articles/A256157 || reference-A256162: Bijnsdorp IV, Comijn EM, Padron JM, Gmeiner WH, Peters GJ: Mechanisms of action of FdUMP[10]: metabolite activation and thymidylate synthase inhibition. Oncol Rep. 2007 Jul;18(1):287-91. doi: 10.3892/or.18.1.287. | https://go.drugbank.com/articles/A256162 || reference-A256167: Matuo R, Sousa FG, Escargueil AE, Grivicich I, Garcia-Santos D, Chies JA, Saffi J, Larsen AK, Henriques JA: 5-Fluorouracil and its active metabolite FdUMP cause DNA damage in human SW620 colon adenocarcinoma cell line. J Appl Toxicol. 2009 May;29(4):308-16. doi: 10.1002/jat.1411. | https://go.drugbank.com/articles/A256167 || reference-A256172: Lindahl T: An N-glycosidase from Escherichia coli that releases free uracil from DNA containing deaminated cytosine residues. Proc Natl Acad Sci U S A. 1974 Sep;71(9):3649-53. doi: 10.1073/pnas.71.9.3649. | https://go.drugbank.com/articles/A256172 || reference-A256177: Olinski R, Jurgowiak M, Zaremba T: Uracil in DNA--its biological significance. Mutat Res. 2010 Dec;705(3):239-45. doi: 10.1016/j.mrrev.2010.08.001. Epub 2010 Aug 13. | https://go.drugbank.com/articles/A256177 || reference-A841: Longley DB, Harkin DP, Johnston PG: 5-fluorouracil: mechanisms of action and clinical strategies. Nat Rev Cancer. 2003 May;3(5):330-8. | https://go.drugbank.com/articles/A841 || reference-A256182: Owiti N, Wei S, Bhagwat AS, Kim N: Unscheduled DNA synthesis leads to elevated uracil residues at highly transcribed genomic loci in Saccharomyces cerevisiae. PLoS Genet. 2018 Jul 17;14(7):e1007516. doi: 10.1371/journal.pgen.1007516. eCollection 2018 Jul. | https://go.drugbank.com/articles/A256182 || reference-A256187: Ubhi T, Brown GW: Exploiting DNA Replication Stress for Cancer Treatment. Cancer Res. 2019 Apr 15;79(8):1730-1739. doi: 10.1158/0008-5472.CAN-18-3631. Epub 2019 Apr 9. | https://go.drugbank.com/articles/A256187 || reference-A256192: Tinkelenberg BA, Hansbury MJ, Ladner RD: dUTPase and uracil-DNA glycosylase are central modulators of antifolate toxicity in Saccharomyces cerevisiae. Cancer Res. 2002 Sep 1;62(17):4909-15. | https://go.drugbank.com/articles/A256192 || reference-A256197: Andersen S, Heine T, Sneve R, Konig I, Krokan HE, Epe B, Nilsen H: Incorporation of dUMP into DNA is a major source of spontaneous DNA damage, while excision of uracil is not required for cytotoxicity of fluoropyrimidines in mouse embryonic fibroblasts. Carcinogenesis. 2005 Mar;26(3):547-55. doi: 10.1093/carcin/bgh347. Epub 2004 Nov 25. | https://go.drugbank.com/articles/A256197 || reference-A256202: Luo Y, Walla M, Wyatt MD: Uracil incorporation into genomic DNA does not predict toxicity caused by chemotherapeutic inhibition of thymidylate synthase. DNA Repair (Amst). 2008 Feb 1;7(2):162-9. doi: 10.1016/j.dnarep.2007.09.001. Epub 2007 Oct 17. | https://go.drugbank.com/articles/A256202 || reference-A256207: Armstrong RD, Takimoto CH, Cadman EC: Fluoropyrimidine-mediated changes in small nuclear RNA. J Biol Chem. 1986 Jan 5;261(1):21-4. | https://go.drugbank.com/articles/A256207 || reference-A256212: Huang L, Pookanjanatavip M, Gu X, Santi DV: A conserved aspartate of tRNA pseudouridine synthase is essential for activity and a probable nucleophilic catalyst. Biochemistry. 1998 Jan 6;37(1):344-51. doi: 10.1021/bi971874+. | https://go.drugbank.com/articles/A256212 || reference-A256217: Samuelsson T: Interactions of transfer RNA pseudouridine synthases with RNAs substituted with fluorouracil. Nucleic Acids Res. 1991 Nov 25;19(22):6139-44. doi: 10.1093/nar/19.22.6139. | https://go.drugbank.com/articles/A256217 || reference-A256222: Deng J, Wang Y, Lei J, Lei W, Xiong JP: Insights into the involvement of noncoding RNAs in 5-fluorouracil drug resistance. Tumour Biol. 2017 Apr;39(4):1010428317697553. doi: 10.1177/1010428317697553. | https://go.drugbank.com/articles/A256222 || reference-A256227: Shah MY, Pan X, Fix LN, Farwell MA, Zhang B: 5-Fluorouracil drug alters the microRNA expression profiles in MCF-7 breast cancer cells. J Cell Physiol. 2011 Jul;226(7):1868-78. doi: 10.1002/jcp.22517. | https://go.drugbank.com/articles/A256227 || reference-A256232: Blondy S, David V, Verdier M, Mathonnet M, Perraud A, Christou N: 5-Fluorouracil resistance mechanisms in colorectal cancer: From classical pathways to promising processes. Cancer Sci. 2020 Sep;111(9):3142-3154. doi: 10.1111/cas.14532. Epub 2020 Aug 13. | https://go.drugbank.com/articles/A256232 || reference-A256237: Pettersen HS, Visnes T, Vagbo CB, Svaasand EK, Doseth B, Slupphaug G, Kavli B, Krokan HE: UNG-initiated base excision repair is the major repair route for 5-fluorouracil in DNA, but 5-fluorouracil cytotoxicity depends mainly on RNA incorporation. Nucleic Acids Res. 2011 Oct;39(19):8430-44. doi: 10.1093/nar/gkr563. Epub 2011 Jul 10. | https://go.drugbank.com/articles/A256237 || reference-A256242: McKendrick J, Coutsouvelis J: Capecitabine: effective oral fluoropyrimidine chemotherapy. Expert Opin Pharmacother. 2005 Jun;6(7):1231-9. doi: 10.1517/14656566.6.7.1231. | https://go.drugbank.com/articles/A256242 || reference-A256247: Dean L, Kane M: Capecitabine Therapy and DPYD Genotype. . | https://go.drugbank.com/articles/A256247 || reference-A256252: Shimma N, Umeda I, Arasaki M, Murasaki C, Masubuchi K, Kohchi Y, Miwa M, Ura M, Sawada N, Tahara H, Kuruma I, Horii I, Ishitsuka H: The design and synthesis of a new tumor-selective fluoropyrimidine carbamate, capecitabine. Bioorg Med Chem. 2000 Jul;8(7):1697-706. doi: 10.1016/s0968-0896(00)00087-0. | https://go.drugbank.com/articles/A256252 || reference-L44657: FDA Approved Drug Products: XELODA® (capecitabine) tablets, for oral use Jan 2023 | https://www.accessdata.fda.gov/drugsatfda_docs/label/2022/020896s044s051lbl.pdf || reference-L44702: Health Canada Approved Drug Proucts: APO-CAPECITABINE, tablets for oral use | https://pdf.hres.ca/dpd_pm/00064793.PDF"
fentanyl,DB00813,"Fentanyl is an opioid analgesic used in anesthesia, for breakthrough cancer pain, or round the clock pain management.","Fentanyl intravenous or intramuscular injections are indicated for short term analgesia during induction, maintenance, and recovery from general or regional anesthesia.<ref><ref><ref>Label</ref></ref></ref> These injections are also used with a neuroleptic for premedication, induction, and as an adjunct to maintenance of anesthesia.<ref><ref><ref>Label</ref></ref></ref> Finally, fentanyl intravenous or intramuscular injections are used with oxygen for anesthesia in high risk patients.<ref><ref><ref>Label</ref></ref></ref> Fentanyl sublingual tablets, transmucosal lozenges, buccal tablets, sublingual sprays, transdermal systems, and nasal sprays are indicated for the management of breakthrough pain in opioid tolerant cancer patients who require around the clock pain management.<ref>15</ref>,<ref>16</ref>,<ref>17</ref>,<ref>18</ref>,<ref>19</ref>,<ref>20</ref>","Fentanyl binds to opioid receptors, especially the mu opioid receptor, which are coupled to G-proteins.<ref><ref><ref>6</ref></ref></ref> Activation of opioid receptors causes GTP to be exchanged for GDP on the G-proteins which in turn down regulates adenylate cyclase, reducing concentrations of cAMP.<ref><ref><ref>6</ref></ref></ref> Reduced cAMP decreases cAMP dependant influx of calcium ions into the cell.<ref><ref><ref>6</ref></ref></ref> The exchange of GTP for GDP results in hyperpolarization of the cell and inhibition of nerve activity.<ref><ref><ref>6</ref></ref></ref>","Fentanyl produces strong analgesia through its activation of opioid receptors.<ref><ref>Label</ref></ref>,<ref>6</ref> It has a duration of action of several hours and a wider therapeutic index as patients develop tolerance to opioids.<ref>Label</ref> Fentanyl is associated with a risk of addiction and abuse and should not be mixed with alcohol or benzodiazepines.<ref>Label</ref>,15,16,17,18,19,20,<ref>21</ref>","Fentanyl sublingual tablets are 54% bioavailable<ref>15</ref>, transmucosal lozenges are 50% bioavailable<ref>16</ref>, buccal tablets are 65% bioavailable<ref>17</ref>, sublingual spray is 76% bioavailable<ref>18</ref>, and nasal spray is <ref>20</ref>% more bioavailable than transmucosal<ref>20</ref> (or approximately 64% bioavailable).
Fentanyl transmucosal lozenges reach a Cmax of 0.4±0.1ng/mL for a <ref>20</ref>0µg dose and 2.5±0.6ng/mL for a <ref>16</ref>00µg dose with a Tmax of <ref>20</ref>-40 minutes.<ref>11</ref> The AUC was <ref>17</ref>2±96ng*min/mL for a <ref>20</ref>0µg dose and <ref>15</ref>08±<ref>13</ref>60ng*min/mL for a <ref>16</ref>00µg dose.<ref>11</ref>
Fentanyl sublingual spray reached a Cmax of 0.<ref>20</ref>±0.06ng/mL for a 100µg dose and 1.61±0.60ng/mL for an 800µg dose with a Tmax of 0.69-1.25 hours, decreasing as the dose increased.<ref>12</ref> The AUC was 1.25±0.67ng*h/mL for a 100µg dose and 10.38±3.70ng*h/mL for a 800µg dose.<ref>12</ref>
Fentanyl transdermal systems reached a Cmax of 0.24±0.<ref>20</ref>ng/mL with a Tmax of 3.6±1.3h for a 25µg/h dose.<ref>13</ref> The AUC was 0.42±0.35ng/mL*h.<ref>13</ref>
Fentanyl nasal spray reaches a Cmax of 8<ref>15</ref>±301pg/mL with a Tmax of less than 1 hour for a <ref>20</ref>0µg/100µL dose.<ref>14</ref> The AUC was 3772pg*h/mL.<ref>14</ref>","The intravenous volume of distribution is 4L/kg (3-8L/kg)<ref>Label</ref>,<ref><ref>1<ref>9</ref></ref></ref>. The oral volume of distribution is 25.4L/kg.<ref>17</ref> In hepatically impaired patients, the intravenous volume of distribution ranges from 0.8-8L/kg.<ref>1<ref>9</ref></ref>
Fentanyl crosses the blood brain barrier<ref>9</ref> and the placenta.<ref>10</ref>","Fentanyl is 80-85% bound to plasma proteins.<ref>15</ref>,<ref>16</ref>,<ref>1<ref>7</ref></ref>,<ref>18</ref>,<ref>20</ref> In one study, a 0.1µg/L solution of fentanyl was <ref>7</ref><ref>7</ref>.9±1.1% bound to human serum albumin and 12.0±5.4% bound to α-1 acid glycoprotein.<ref>7</ref> A 0.1µg/L solution of norfentanyl, the primary metabolite of fentanyl, was <ref>7</ref>.62±1.2% bound to human serum albumin and <ref>7</ref>.24±1.9% bound to α-1 acid glycoprotein.<ref>7</ref>","Fentanyl is metabolized to a number of inactive metabolites.<ref><ref>5</ref></ref> Fentanyl is 99% N-dealkylated to norfentanyl by cytochrome P4<ref><ref>5</ref></ref>0.<ref><ref>5</ref></ref> It can also be amide hydrolyzed to despropionylfentanyl, or alkyl hydroxylated to hydroxyfentanyl which is N-dealkylated to hydroxynorfentanyl.<ref><ref>5</ref></ref>
Hover over products below to view reaction partners
Fentanyl
norfentanyl
Despropionylfentanyl
Hydroxyfentanyl
Hydroxynorfentanyl","Within 72 hours, 75% of a dose of fentanyl is excreted in the urine with <7% unchanged, and 9% is excreted in the feces with <1% unchanged.<ref>Label</ref>,<ref>15</ref>,<ref>19</ref>",The half life of fentanyl is 7 hours.<ref>16</ref> The half life of fentanyl sublingual spray is 5-12 hours.<ref>18</ref>,"Total plasma clearance of fentanyl is 0.5L/hr/kg (0.3-0.7L/hr/kg)<ref>16</ref> or 42L/hr.<ref>17</ref>,<ref>20</ref> Following an intravenous dose, surgical patients displayed a clearance of 27-75L/h, hepatically impaired patients displayed a clearance of 3-80L/h, and renally impaired patients displayed a clearance of 30-78L/h.<ref>19</ref>","Fentanyl has an intravenous LD50 of 2.9<ref>1</ref>mg/kg in rats<ref>1</ref>, an oral LD50 of <ref>1</ref>8mg/kg in rats and 368mg/kg in mice.<ref>MSDS</ref> The LD50 in humans is not known.
Symptoms of overdose include respiratory depression, somnolence, stupor, coma, skeletal muscle flaccidity, cold and clammy skin, pupillary constriction, pulmonary edema, bradycardia, hypotension, airway obstruction, atypical snoring, and death.Label,<ref>1</ref>5,<ref>1</ref>6,<ref>1</ref>7,<ref>1</ref>8,<ref>1</ref>9,<ref>20</ref> In case of overdose, patients should receive naloxone or nalmefene to reverse the action of the opioids as well as supportive measures to maintain the airway or advanced life support in the case of cardiac arrest.Label,<ref>1</ref>5,<ref>1</ref>6,<ref>1</ref>7,<ref>1</ref>8,<ref>1</ref>9,<ref>20</ref>","reference-A1220: Van Bever WF, Niemegeers CJ, Janssen PA: Synthetic analgesics. Synthesis and pharmacology of the diastereoisomers of N-(3-methyl-1-(2-phenylethyl)-4-piperidyl)-N-phenylpropanamide and N-(3-methyl-1-(1-methyl-2-phenylethyl)-4-piperidyl)-N-phenylpropanamide. J Med Chem. 1974 Oct;17(10):1047-51. | https://go.drugbank.com/articles/A1220 || reference-A1222: Taylor DR: Fentanyl buccal tablet: rapid relief from breakthrough pain. Expert Opin Pharmacother. 2007 Dec;8(17):3043-51. | https://go.drugbank.com/articles/A1222 || reference-A1223: Simpson DM, Messina J, Xie F, Hale M: Fentanyl buccal tablet for the relief of breakthrough pain in opioid-tolerant adult patients with chronic neuropathic pain: a multicenter, randomized, double-blind, placebo-controlled study. Clin Ther. 2007 Apr;29(4):588-601. | https://go.drugbank.com/articles/A1223 || reference-A179143: Roy SD, Flynn GL: Solubility behavior of narcotic analgesics in aqueous media: solubilities and dissociation constants of morphine, fentanyl, and sufentanil. Pharm Res. 1989 Feb;6(2):147-51. | https://go.drugbank.com/articles/A179143 || reference-A178639: DePriest AZ, Puet BL, Holt AC, Roberts A, Cone EJ: Metabolism and Disposition of Prescription Opioids: A Review. Forensic Sci Rev. 2015 Jul;27(2):115-45. | https://go.drugbank.com/articles/A178639 || reference-A179533: Al-Hasani R, Bruchas MR: Molecular mechanisms of opioid receptor-dependent signaling and behavior. Anesthesiology. 2011 Dec;115(6):1363-81. doi: 10.1097/ALN.0b013e318238bba6. | https://go.drugbank.com/articles/A179533 || reference-A179536: Bista SR, Haywood A, Hardy J, Lobb M, Tapuni A, Norris R: Protein binding of fentanyl and its metabolite nor-fentanyl in human plasma, albumin and alpha-1 acid glycoprotein. Xenobiotica. 2015 Mar;45(3):207-12. doi: 10.3109/00498254.2014.971093. Epub 2014 Oct 14. | https://go.drugbank.com/articles/A179536 || reference-A179542: Raffa RB, Pergolizzi JV Jr, LeQuang JA, Taylor R Jr, Colucci S, Annabi MH: The fentanyl family: A distinguished medical history tainted by abuse. J Clin Pharm Ther. 2018 Feb;43(1):154-158. doi: 10.1111/jcpt.12640. Epub 2017 Oct 4. | https://go.drugbank.com/articles/A179542 || reference-A179632: Schaefer CP, Tome ME, Davis TP: The opioid epidemic: a central role for the blood brain barrier in opioid analgesia and abuse. Fluids Barriers CNS. 2017 Nov 29;14(1):32. doi: 10.1186/s12987-017-0080-3. | https://go.drugbank.com/articles/A179632 || reference-A179635: Cooper J, Jauniaux E, Gulbis B, Quick D, Bromley L: Placental transfer of fentanyl in early human pregnancy and its detection in fetal brain. Br J Anaesth. 1999 Jun;82(6):929-31. doi: 10.1093/bja/82.6.929. | https://go.drugbank.com/articles/A179635 || reference-A179644: Streisand JB, Busch MA, Egan TD, Smith BG, Gay M, Pace NL: Dose proportionality and pharmacokinetics of oral transmucosal fentanyl citrate. Anesthesiology. 1998 Feb;88(2):305-9. | https://go.drugbank.com/articles/A179644 || reference-A179647: Parikh N, Goskonda V, Chavan A, Dillaha L: Pharmacokinetics and dose proportionality of fentanyl sublingual spray: a single-dose 5-way crossover study. Clin Drug Investig. 2013 Jun;33(6):391-400. doi: 10.1007/s40261-013-0079-8. | https://go.drugbank.com/articles/A179647 || reference-A179653: Ashburn MA, Ogden LL, Zhang J, Love G, Basta SV: The pharmacokinetics of transdermal fentanyl delivered with and without controlled heat. J Pain. 2003 Aug;4(6):291-7. | https://go.drugbank.com/articles/A179653 || reference-A179656: Nave R, Schmitt H, Popper L: Faster absorption and higher systemic bioavailability of intranasal fentanyl spray compared to oral transmucosal fentanyl citrate in healthy subjects. Drug Deliv. 2013 Jun-Jul;20(5):216-23. doi: 10.3109/10717544.2012.762435. Epub 2013 May 8. | https://go.drugbank.com/articles/A179656 || reference-L6598: FDA Approved Drug Products: Abstral Sublingual Tablet | https://www.accessdata.fda.gov/scripts/cder/daf/index.cfm?event=overview.process&ApplNo=022510 || reference-L6601: FDA Approved Drug Products: Actiq Transmucosal Lozenge | https://www.accessdata.fda.gov/scripts/cder/daf/index.cfm?event=overview.process&ApplNo=020747 || reference-L6604: FDA Approved Drug Products: Fentora Buccal Tablet | https://www.accessdata.fda.gov/scripts/cder/daf/index.cfm?event=overview.process&ApplNo=021947 || reference-L6607: FDA Approved Drug Products: Subsys Sublingual Spray | https://www.accessdata.fda.gov/drugsatfda_docs/label/2016/202788s016lbl.pdf || reference-L922: FDA Approved Drug Products: Duragesic Transdermal System | https://www.accessdata.fda.gov/scripts/cder/daf/index.cfm?event=overview.process&ApplNo=019813 || reference-L6610: FDA Approved Drug Products: Lazanda Metered Nasal Spray | https://www.accessdata.fda.gov/scripts/cder/daf/index.cfm?event=overview.process&ApplNo=022569 || reference-L6613: FDA Approved Drug Products: Sublimaze Preservative Free Intramuscular and Intravenous Injection | https://www.accessdata.fda.gov/scripts/cder/daf/index.cfm?event=overview.process&ApplNo=016619 || reference-L6748: CDC Drug Overdose Deaths 2017 | https://www.cdc.gov/drugoverdose/data/statedeaths.html || reference-L6751: Government of Canada: Canada's opioid crisis | https://www.canada.ca/en/services/health/campaigns/drug-prevention.html || reference-L49621: FDA Approved Drug Products: ACTIQ® (fentanyl citrate) oral transmucosal lozenge, CII (Jan 2024) | https://www.accessdata.fda.gov/drugsatfda_docs/label/2023/020747s062lbl.pdf"
remifentanil,DB00899,Remifentanil is an opioid analgesic used in anesthesia.,For use during the induction and maintenance of general anesthesia.,"Remifentanil is a µ-opioid agonist with rapid onset and peak effect, and short duration of action. The µ-opioid activity of remifentanil is antagonized by opioid antagonists such as naloxone.",Remifentanil is an opioid agonist with rapid onset and peak effect and ultra-short duration of action. The opioid activity of remifentanil is antagonized by opioid antagonists such as naloxone. The analgesic effects of remifentanil are rapid in onset and offset. Its effects and side effects are dose dependent and similar to other opioids. Remifentanil in humans has a rapid blood-brain equilibration half-time of 1 ± 1 minutes (mean ± SD) and a rapid onset of action.,Not Available,"350 mL/kg
452 ± 144 mL/kg [neonates]
223 ± 30.6 mL/kg [adolescents]",70% (bound to plasma proteins),By hydrolysis of the propanoic acid-methyl ester linkage by nonspecific blood and tissue esterases.,Remifentanil is an esterase-metabolized opioid. The carboxylic acid metabolite is essentially inactive (1/4600 as potent as remifentanil in dogs) and is excreted by the kidneys with an elimination half-life of approximately 90 minutes.,1-20 minutes,"40 mL/min/kg [young, healthy adults]",Not Available,"reference-L49631: FDA Approved Drug Products: ULTIVA® (remifentanil hydrochloride), for injection, for intravenous use, CII | https://www.accessdata.fda.gov/drugsatfda_docs/label/2023/020630s030lbl.pdf"
morphine,DB00295,Morphine is an opioid agonist used for the relief of moderate to severe acute and chronic pain.,"Morphine is used for the management of chronic, moderate to severe pain.<ref>2</ref> Opiods, including morphine, are effective for the short term management of pain. Patients taking opioids long term may need to be monitored for the development of physical dependence, addiction disorder, and drug abuse.<ref>11</ref>","Morphine-6-glucuronide is responsible for approximately 85% of the response observed by morphine administration.<ref>4</ref> Morphine and its metabolites act as agonists of the mu and kappa opioid receptors.<ref>1</ref> The mu-opioid receptor is integral to morphine's effects on the ventral tegmental area of the brain. Morphine's activation of the reward pathway is mediated by agonism of the delta-opioid receptor in the nucleus accumbens,<ref>2</ref> while modification of the respiratory system and addiction disorder are mediated by agonism of the mu-opioid receptor.<ref>3</ref>","Morphine binding to opioid receptors blocks transmission of nociceptive signals, signals pain-modulating neurons in the spinal cord, and inhibits primary afferent nociceptors to the dorsal horn sensory projection cells.<ref>1</ref>
Morphine has a time to onset of 6-<ref>3</ref>0 minutes.<ref>1</ref> Excess consumption of morphine and other opioids can lead to changes in synaptic neuroplasticity, including changes in neuron density, changes at postsynaptic sites, and changes at dendritic terminals.<ref>3</ref>
Intravenous morphine's analgesic effect is sex dependent. The EC<ref>5</ref>0 in men is 76ng/mL and in women is 22ng/mL.<ref>5</ref>
Morphine-6-glucuronide is 22 times less potent than morphine in eliciting pupil constriction.<ref>5</ref>","Morphine is absorbed in the alkaline environments of the upper intestine and rectal mucosa.<ref>6</ref> The bioavailability of morphine is <ref>8</ref>0-<ref>1</ref>00%.<ref>8</ref> There is significant first-pass metabolism, therefore oral doses are <ref>6</ref> times larger than parenteral doses to achieve the same effect. Morphine reaches steady-state concentrations after 24-4<ref>8</ref> hours.<ref>1</ref> Parenteral morphine has a Tmax of <ref>1</ref>5 minutes and oral morphine has a Tmax of 90 minutes, with a Cmax of 2<ref>8</ref>3nmol/L.7,<ref>8</ref> The AUC of morphine is 225-290nmol*h/L.<ref>8</ref>",The volume of distribution of morphine is 5.31L/kg.<ref>6</ref> Morphine-<ref>6</ref>-glucuronide has a volume of distribution of 3.<ref>6</ref>1L/kg.<ref>6</ref>,"Morphine is 35% protein bound, the metabolite morphine-3-glucuronide is 10% protein bound, and morphine-6-glucuronide is 15% protein bound.<ref>4</ref>","Morphine is 90% metabolized by glucuronidation by UGT2B7 and sulfation at positions 3 and <ref>6</ref>.<ref>4</ref> Morphine can also be metabolized to codeine, normorphine, and morphine ethereal sulfate.<ref>6</ref>
Hover over products below to view reaction partners
Morphine
Morphine glucuronide
morphine-3-glucuronide
Normorphine
Codeine
Morphine ethereal sulfate",70-80% of an administered dose is excreted within <ref>4</ref>8 hours.<ref>6</ref> Morphine is predominantly eliminated in the urine with 2-10% of a dose recovered as the unchanged parent drug.<ref>4</ref> 7-10% of a dose of morphine is eliminated in the feces.<ref>13</ref>,Morphine has a half life of 2-3 hours.<ref>5</ref>,The apparent clearance of intravenous or subcutaneous morphine is 1600 mL/min.<ref>8</ref>,"The LD50 is 0.78µg/mL in males and 0.<ref>9</ref>8µg/mL in females.<ref>9</ref>
Patients experiencing an overdose present with respiratory depression, somnolence, skeletal muscle flaccidity, cold and clammy skin, miosis, and mydriasis. Symptoms of overdose can progress to pulmonary edema, bradycardia, hypotension, cardiac arrest, and death.<ref>12</ref> Treat overdose with symptomatic and supportive treatment which may include the use of oxygen, vasopressors, and naloxone.<ref>12</ref>","reference-A176035: Pacifici GM: Metabolism and pharmacokinetics of morphine in neonates: A review. Clinics (Sao Paulo). 2016 Aug;71(8):474-80. doi: 10.6061/clinics/2016(08)11. | https://go.drugbank.com/articles/A176035 || reference-A176050: Kim J, Ham S, Hong H, Moon C, Im HI: Brain Reward Circuits in Morphine Addiction. Mol Cells. 2016 Sep;39(9):645-53. doi: 10.14348/molcells.2016.0137. Epub 2016 Aug 9. | https://go.drugbank.com/articles/A176050 || reference-A176056: Beltran-Campos V, Silva-Vera M, Garcia-Campos ML, Diaz-Cintra S: Effects of morphine on brain plasticity. Neurologia. 2015 Apr;30(3):176-80. doi: 10.1016/j.nrl.2014.08.004. Epub 2014 Nov 11. | https://go.drugbank.com/articles/A176056 || reference-A176059: Klimas R, Mikus G: Morphine-6-glucuronide is responsible for the analgesic effect after morphine administration: a quantitative review of morphine, morphine-6-glucuronide, and morphine-3-glucuronide. Br J Anaesth. 2014 Dec;113(6):935-44. doi: 10.1093/bja/aeu186. Epub 2014 Jul 1. | https://go.drugbank.com/articles/A176059 || reference-A176116: Lotsch J: Pharmacokinetic-pharmacodynamic modeling of opioids. J Pain Symptom Manage. 2005 May;29(5 Suppl):S90-103. doi: 10.1016/j.jpainsymman.2005.01.012. | https://go.drugbank.com/articles/A176116 || reference-A176119: Hoskin PJ, Hanks GW: Morphine: pharmacokinetics and clinical practice. Br J Cancer. 1990 Nov;62(5):705-7. | https://go.drugbank.com/articles/A176119 || reference-A176122: Glare PA, Walsh TD: Clinical pharmacokinetics of morphine. Ther Drug Monit. 1991 Jan;13(1):1-23. | https://go.drugbank.com/articles/A176122 || reference-A176164: Stuart-Harris R, Joel SP, McDonald P, Currow D, Slevin ML: The pharmacokinetics of morphine and morphine glucuronide metabolites after subcutaneous bolus injection and subcutaneous infusion of morphine. Br J Clin Pharmacol. 2000 Mar;49(3):207-14. | https://go.drugbank.com/articles/A176164 || reference-A176167: Shigeev S: Severity of opiate intoxication to gender and age. Soud Lek. 2007 Jan;52(1):21-4. | https://go.drugbank.com/articles/A176167 || reference-L5713: FDA approvals | https://www.accessdata.fda.gov/scripts/cder/daf/index.cfm?event=overview.process&ApplNo=018565 || reference-L5728: NIH | https://medlineplus.gov/magazine/issues/spring11/articles/spring11pg9.html || reference-L12108: FDA Approved Drug Products: Infumorph Morphine Sulfate Injection | https://www.accessdata.fda.gov/drugsatfda_docs/label/2019/018565s024lbl.pdf || reference-L12114: FDA Approved Drug Products: Morphine Sulfate Oral Tablets | https://www.accessdata.fda.gov/drugsatfda_docs/label/2019/022207s009lbl.pdf || reference-L35490: FDA Approved Drug Products: Morphine Sulfate Oral Solution | https://www.accessdata.fda.gov/drugsatfda_docs/label/2021/022195s020lbl.pdf || reference-L35495: FDA Approved Drug Products: MS Contin (Morphine Sulfate) Oral Extended Release Tablet | https://www.accessdata.fda.gov/drugsatfda_docs/label/2021/019516s057lbl.pdf || reference-L35500: FDA Approved Drug Products: Kadian (Morphine Sulfate) Oral Extended Release Capsules | https://www.accessdata.fda.gov/drugsatfda_docs/label/2021/020616s065lbl.pdf || reference-L49676: FDA Approved Drug Products: INFUMORPH (morphine sulfate), Preservative-free, injectable solution, for intrathecal or epidural infusion, using a continuous microinfusion device, CII | https://www.accessdata.fda.gov/drugsatfda_docs/label/2023/018565s028s030lbl.pdf"
nifedipine,DB01115,"Nifedipine is a dihydropyridine calcium channel blocker indicated for the management of several subtypes of angina pectoris, and hypertension.","Nifedipine capsules are indicated to treat vasospastic angina and chronic stable angina.<ref>13</ref> Extended release tablets are indicated to treat vasospastic angina, chronic stable angina, and hypertension.<ref>14</ref>,<ref>15</ref>","Nifedipine blocks voltage gated L-type calcium channels in vascular smooth muscle and myocardial cells.<ref><ref>1</ref></ref> This blockage prevents the entry of calcium ions into cells during depolarization, reducing peripheral arterial vascular resistance and dilating coronary arteries.<ref><ref>1</ref></ref> These actions reduce blood pressure and increase the supply of oxygen to the heart, alleviating angina.<ref><ref>1</ref></ref>","Nifedipine is an inhibitor of L-type voltage gated calcium channels that reduces blood pressure and increases oxygen supply to the heart.<ref>1</ref> Immediate release nifedipine's duration of action requires dosing 3 times daily.<ref>1</ref>3 Nifedipine dosing is generally <ref>1</ref>0-<ref>1</ref>20mg daily.<ref>1</ref>3 Patients should be counselled regarding the risk of excessive hypotension, angina, and myocardial infarction.<ref>1</ref><ref>3</ref>","Sublingual dosing leads to a Cmax of 10ng/mL, with a Tmax of 50min, and an AUC of 25ng*h/mL.<ref>9</ref> Oral dosing leads to a Cmax of <ref>8</ref>2ng/mL, with a Tmax of 2<ref>8</ref>min, and an AUC of 152ng*h/mL.<ref>9</ref>
Nifedipine is a Biopharmaceutics Classification System Class II drug, meaning it has low solubility and high intestinal permeability.<ref>8</ref> It is almost completely absorbed in the gastrointestinal tract but has a bioavilability of 45-6<ref>8</ref>%, partly due to first pass metabolism.3,<ref>8</ref>",The steady state volume of distribution of nifedipine is 0.62-0.77L/kg and the volume of distribution of the central compartment is 0.25-0.29L/kg.<ref>3</ref>,"Nifedipine is 9<ref>2</ref>-98% protein bound in serum.<ref>13</ref> Nifedipine is 97±1<ref>2</ref>% bound in a 40g/L solution of pure albumin.<ref>2</ref> Nifedipine is 51.4±5.9% protein bound in a 50mg/100mL solution of alpha-1-acid glycoprotein, and 75.5±3.5% protein bound in a 150mg/mL solution.<ref>2</ref>","Nifedipine is predominantly metabolized by CYP3A4.<ref>1</ref>,<ref>8</ref>,<ref>13</ref>,<ref>14</ref>,<ref>15</ref> Nifedipine is predominantly metabolized to 2,<ref>6</ref>-dimethyl-4-(2-nitrophenyl)-5-methoxycarbonyl-pyridine-3-carboxylic acid, and then further metabolized to 2-hydroxymethyl-pyridine carboxylic acid.<ref>6</ref> Nifedipine is also minorly metabolized to dehydronifedipine.<ref>7</ref>
Hover over products below to view reaction partners
Nifedipine
dehydronifedipine
2,<ref>6</ref>-dimethyl-4-(2-nitrophenyl)-5-methoxycarbonyl-pyridine-3-carboxylic acid
2-hydroxymethyl-pyridine carboxylic acid","Nifedipine is 60-80% recovered in the urine as inactive water soluble metabolites, and the rest is eliminated in the feces as metabolites.<ref>14</ref>","The terminal elimination half life of nifedipine is approximately 2 hours.<ref>3</ref>,<ref>8</ref>",The total body clearance of nifedipine is 450-700mL/min.<ref>3</ref>,"The oral LD50 in rats is 1022mg/kg and in mice is 202mg/kg.<ref>16</ref>
Patients experiencing an overdose may present with hypotension, sinus node dysfunction, atrioventricular node dysfunction, and reflex tachycardia.<ref>4</ref>,<ref>5</ref> Overdose may be managed by monitoring cardiovascular and respiratory function; elevating extremities; and administering vasopressors, fluids, and calcium infusions.<ref>13</ref>","reference-A190204: Khan KM, Patel J, Schaefer TJ: Nifedipine . | https://go.drugbank.com/articles/A190204 || reference-A190207: Otto J, Lesko LJ: Protein binding of nifedipine. J Pharm Pharmacol. 1986 May;38(5):399-400. doi: 10.1111/j.2042-7158.1986.tb04598.x. | https://go.drugbank.com/articles/A190207 || reference-A190210: Chung M, Reitberg DP, Gaffney M, Singleton W: Clinical pharmacokinetics of nifedipine gastrointestinal therapeutic system. A controlled-release formulation of nifedipine. Am J Med. 1987 Dec 21;83(6B):10-4. doi: 10.1016/0002-9343(87)90630-9. | https://go.drugbank.com/articles/A190210 || reference-A190219: Herrington DM, Insley BM, Weinmann GG: Nifedipine overdose. Am J Med. 1986 Aug;81(2):344-6. doi: 10.1016/0002-9343(86)90276-7. | https://go.drugbank.com/articles/A190219 || reference-A190222: Whitebloom D, Fitzharris J: Nifedipine overdose. Clin Cardiol. 1988 Jul;11(7):505-6. doi: 10.1002/clc.4960110714. | https://go.drugbank.com/articles/A190222 || reference-A190228: Raemsch KD, Sommer J: Pharmacokinetics and metabolism of nifedipine. Hypertension. 1983 Jul-Aug;5(4 Pt 2):II18-24. doi: 10.1161/01.hyp.5.4_pt_2.ii18. | https://go.drugbank.com/articles/A190228 || reference-A190225: Waller DG, Renwick AG, Gruchy BS, George CF: The first pass metabolism of nifedipine in man. Br J Clin Pharmacol. 1984 Dec;18(6):951-4. doi: 10.1111/j.1365-2125.1984.tb02569.x. | https://go.drugbank.com/articles/A190225 || reference-A190261: Nader AM, Quinney SK, Fadda HM, Foster DR: Effect of Gastric Fluid Volume on the In Vitro Dissolution and In Vivo Absorption of BCS Class II Drugs: a Case Study with Nifedipine. AAPS J. 2016 Jul;18(4):981-8. doi: 10.1208/s12248-016-9918-x. Epub 2016 Apr 22. | https://go.drugbank.com/articles/A190261 || reference-A190264: van Harten J, Burggraaf K, Danhof M, van Brummelen P, Breimer DD: Negligible sublingual absorption of nifedipine. Lancet. 1987 Dec 12;2(8572):1363-5. doi: 10.1016/s0140-6736(87)91258-x. | https://go.drugbank.com/articles/A190264 || reference-A190273: Wang AL, Iadecola C, Wang G: New generations of dihydropyridines for treatment of hypertension. J Geriatr Cardiol. 2017 Jan;14(1):67-72. doi: 10.11909/j.issn.1671-5411.2017.01.006. | https://go.drugbank.com/articles/A190273 || reference-A175390: Godfraind T: Discovery and Development of Calcium Channel Blockers. Front Pharmacol. 2017 May 29;8:286. doi: 10.3389/fphar.2017.00286. eCollection 2017. | https://go.drugbank.com/articles/A175390 || reference-A190276: Vater W, Kroneberg G, Hoffmeister F, Saller H, Meng K, Oberdorf A, Puls W, Schlossmann K, Stoepel K: [Pharmacology of 4-(2'-nitrophenyl)-2,6-dimethyl-1,4-dihydropyridine-3,5-dicarboxylic acid dimethyl ester (Nifedipine, BAY a 1040)]. Arzneimittelforschung. 1972 Jan;22(1):1-14. | https://go.drugbank.com/articles/A190276 || reference-L11383: FDA Approved Drug Products: Procardia Nifedipine Oral Capsules | https://www.accessdata.fda.gov/drugsatfda_docs/label/2015/018482s052lbl.pdf || reference-L11389: FDA Approved Drug Products: Procardia XL Nifedipine Oral Extended Release Tablets | https://www.accessdata.fda.gov/drugsatfda_docs/label/2015/019684s029lbl.pdf || reference-L1245: FDA Approved Drug Products: Adalat CC Nifedipine Oral Extended Release Tablets | https://www.accessdata.fda.gov/drugsatfda_docs/label/2011/020198s023lbl.pdf || reference-L11428: Cayman Chemical: Nifedipine MSDS | https://www.caymanchem.com/msdss/11106m.pdf"
cyclophosphamide,DB00531,"Cyclophosphamide is a nitrogen mustard used to treat lymphomas, myelomas, leukemia, mycosis fungoides, neuroblastoma, ovarian adenocarcinoma, retinoblastoma, and breast carcinoma.","Cyclophosphamide for intravenous injection is indicated for the treatment of a number of malignancies, including: Hodgkin’s disease, lymphocytic lymphoma, mixed-cell type lymphoma, histiocytic lymphoma, Burkitt’s lymphoma; multiple myeloma, leukemias, mycosis fungoides, neuroblastoma, adenocarcinoma of ovary, retinoblastoma, and breast carcinoma.<ref>4</ref> Cyclophosphamide oral capsules are additionally indicated for the treatment of minimal change nephrotic syndrome in pediatric patients who fail to adequately respond to (or are unable to tolerate) adrenocorticosteroid therapy.<ref>5</ref>","Alkylating agents work by three different mechanisms: 1) attachment of alkyl groups to DNA bases, resulting in the DNA being fragmented by repair enzymes in their attempts to replace the alkylated bases, preventing DNA synthesis and RNA transcription from the affected DNA, 2) DNA damage via the formation of cross-links (bonds between atoms in the DNA) which prevents DNA from being separated for synthesis or transcription, and 3) the induction of mispairing of the nucleotides leading to mutations.","Cyclophosphamide is an antineoplastic in the class of alkylating agents and is used to treat various forms of cancer. Alkylating agents are so named because of their ability to add alkyl groups to many electronegative groups under conditions present in cells. They stop tumor growth by cross-linking guanine bases in DNA double-helix strands - directly attacking DNA. This makes the strands unable to uncoil and separate. As this is necessary in DNA replication, the cells can no longer divide. In addition, these drugs add methyl or other alkyl groups onto molecules where they do not belong which in turn inhibits their correct utilization by base pairing and causes a miscoding of DNA. Alkylating agents are cell cycle-nonspecific. Alkylating agents work by three different mechanisms all of which achieve the same end result - disruption of DNA function and cell death.","After oral administration, peak concentrations occur at one hour.",30-50 L,20% of cyclophosphamide is protein bound with no dose dependent changes. Some metabolites are protein bound to an extent greater than 60%.,"Metabolism and activation occurs at the liver. 75% of the drug is activated by cytochrome P450 isoforms, CYP2A6, 2B6, 3A4, 3A5, 2C9, 2C18, and 2C19. The CYP2B6 isoform is the enzyme with the highest 4-hydroxylase activity. Cyclophosphamide undergoes activation to eventually form active metabolites, phosphoramide mustard and acrolein. Cyclophosphamide appears to induce its own metabolism which results in an overall increase in clearance, increased formation of 4-hydroxyl metabolites, and shortened t1/2 values following repeated administration.
Hover over products below to view reaction partners
Cyclophosphamide
4-Hydroxycyclophosphamide
Aldophosphamide
Phosphoramide Mustard
Phosphoramide Aziridinium
Acrolein
Acrylic Acid
Carboxyphosphamide
Alcophosphamide
Carboxyphosphamide
Nornitrogen mustard
4-Ketocyclophosphamide
Dechloroethyl cyclophosphamide
Chloroacetaldehyde",Cyclophosphamide is eliminated primarily in the form of metabolites. 10-20% is excreted unchanged in the urine and 4% is excreted in the bile following IV administration.,3-12 hours,Total body clearance = 63 ± 7.6 L/kg.,"Adverse reactions reported most often include neutropenia, febrile neutropenia, fever, alopecia, nausea, vomiting, and diarrhea.",reference-A809: Brock N: The history of the oxazaphosphorine cytostatics. Cancer. 1996 Aug 1;78(3):542-7. | https://go.drugbank.com/articles/A809 || reference-A810: Brock N: Oxazaphosphorine cytostatics: past-present-future. Seventh Cain Memorial Award lecture. Cancer Res. 1989 Jan 1;49(1):1-7. | https://go.drugbank.com/articles/A810 || reference-L20474: FDA Approved Drug Products: Cyclophosphamide Intravenous Injection | https://www.accessdata.fda.gov/drugsatfda_docs/label/2020/212501s000lbl.pdf || reference-L50141: FDA Approved Drug Products: Cyclophosphamide for intravenous injection (November 2023) | https://www.accessdata.fda.gov/drugsatfda_docs/label/2023/210735s002lbl.pdf || reference-L50557: FDA Approved Drug Products: Cyclophosphamide capsules for oral use (September 2019) | https://www.accessdata.fda.gov/drugsatfda_docs/label/2019/203856s003lbl.pdf
latanoprost,DB00654,Latanoprost is an isopropyl ester prodrug used to treat increased intraocular pressure.,"Latanoprost is indicated for the reduction of elevated intraocular pressure in patients who have been diagnosed with open-angle glaucoma or ocular hypertension.<ref>6</ref>,<ref>10</ref>,<ref>11</ref> It is available as monotherapy or in a combination product with netarsudil <ref>9</ref> or timolol.<ref>12</ref> In Canada, latanoprost is also indicated to treat elevated intraocular pressure due to angle-closure glaucoma that has been treated with peripheral iridotomy or laser iridoplasty.<ref>10</ref>","Elevated intraocular pressure leads to an increased risk of glaucomatous visual field loss. The higher the intraocular pressure, the higher the risk of damage to the optic nerve and loss of visual field.<ref>6</ref> Latanoprost selectively stimulates the prostaglandin F2 alpha receptor and this results in a decreased intraocular pressure (IOP) via the increased outflow of aqueous humor, which is often implicated in cases of elevated intraocular pressure.2,<ref>6</ref> Possible specific mechanisms of the abovementioned increased aqueous outflow are the remodeling of the extracellular matrix and regulation of matrix metalloproteinases. These actions result in higher tissue permeability related to humor outflow pathways, which likely change outflow resistance and/or outflow rates.<ref>3</ref>","Latanoprost effectively decreases intraocular pressure by increasing uveoscleral outflow.<ref>2</ref> A decrease in intraocular pressure has been measured within <ref>3</ref>–4 hours post-administration, reaches a maximum decrease at 8–<ref>1</ref><ref>2</ref> hours, and can be maintained for a period of <ref>2</ref>4 hours.<ref>3</ref>
A note on eye and periorbital changes
Between <ref>3</ref> to <ref>1</ref>0% of patients taking latanoprost have experienced iris pigmentation after about <ref>3</ref>-4 months of latanoprost use.<ref>1</ref>,<ref>2</ref> Patients should be notified of this risk before initiating treatment. It may occur in both patients with light-colored irides (green-brown or blue/grey-brown) or dark-colored (brown) irides, but is less pronounced in the latter group.<ref>1</ref> This drug may also cause other ocular effects including infrequent conjunctival hyperemia, pigmentation of periocular tissues, eyelash changes, hypertrichosis, and ocular irritation.<ref>3</ref>,<ref>6</ref>","This drug is rapidly absorbed in the cornea as an isopropyl ester prodrug and is then activated by the process of hydrolysis. A small amount of this drug is systemically absorbed.<ref>2</ref> The Cmax of latanoprost in the systemic circulation is reached after 5 minutes and is measured to be 5<ref>3</ref> pg/mL. The Cmax in the aqueous humor is attained within <ref>2</ref> hours after administration.<ref>3</ref>,<ref>6</ref> and has been estimated to be 15-<ref>3</ref>0 ng/mL.<ref>3</ref>","The volume of distribution of latanoprost is 0.1<ref>6</ref> ± 0.0<ref>2</ref> L/kg. The activated acid form of latanoprost can be measured in aqueous humor in the initial 4 hours post-administration, and it is measured in the plasma only for 1 hour following ophthalmic administration.<ref>6</ref> This drug is more lipophilic than its parent prostaglandin and easily penetrates the cornea.<ref>2</ref> It has been shown to cross the placenta in rats.<ref>10</ref>",Latanoprost is about 90% plasma protein-bound.<ref>10</ref>,"After corneal uptake, this prodrug is hydrolyzed and activated by esterases to become a pharmacologically active drug. The small portion of this drug that is able to reach the circulation is found to be metabolized by the liver to the 1,2-dinor and 1,2,3,4-tetranor metabolites through fatty acid beta-oxidation.<ref>2</ref>,<ref>3</ref>,<ref>6</ref>
Hover over products below to view reaction partners
Latanoprost
Latanoprost acid
1, 2 Dinor Latanoprost Acid + 1,2,3,<ref>4</ref> Tetranor Latanoprost Acid","After hepatic beta-oxidation, the metabolites of latanoprost are primarily found to be excreted by the kidneys. About 88% of the latanoprost dose is recovered in the urine after topical administration.<ref>2</ref>,<ref>6</ref> About 15% of a dose is reported to be excreted in the feces.<ref>10</ref>","The elimination half-life of latanoprost from the plasma is about 17 minutes.<ref>3</ref>,<ref>6</ref> The elimination half-life of latanoprost from the eye is estimated at 2–<ref>3</ref> hours.<ref>3</ref>",The systemic clearance of latanoprost is 7 mL/min/kg.<ref>6</ref>,"The oral LD50 in the rat is > 50 mg/kg.<ref>7</ref>
An overdose of latanoprost is not expected to result in dangerous patient outcomes, however, conjunctival or episcleral hyperemia may occur.<ref>6</ref> An intravenous infusion of 3 μg/kg of latanoprost in healthy volunteers led to mean plasma concentrations 200 times higher than a normally administered therapeutic dose and no adverse effects were noted.<ref>6</ref> One study suggested that an overdose of latanoprost leads to cystoid macular edema after a large, unintended overdose. This resolved within <ref>4</ref> weeks after <ref>4</ref> weeks following treatment with nepafenac 0.3% eye drops in addition to oral acetazolamide.<ref>4</ref> Contact the local poison control center for updated guidance on managing a latanoprost overdose.","reference-A982: Hara T: [Increased iris pigmentation after use of latanoprost in Japanese brown eyes]. Nippon Ganka Gakkai Zasshi. 2001 May;105(5):314-21. | https://go.drugbank.com/articles/A982 || reference-A184490: Patel SS, Spencer CM: Latanoprost. A review of its pharmacological properties, clinical efficacy and tolerability in the management of primary open-angle glaucoma and ocular hypertension. Drugs Aging. 1996 Nov;9(5):363-78. doi: 10.2165/00002512-199609050-00007. | https://go.drugbank.com/articles/A184490 || reference-A184493: Alm A: Latanoprost in the treatment of glaucoma. Clin Ophthalmol. 2014 Sep 26;8:1967-85. doi: 10.2147/OPTH.S59162. eCollection 2014. | https://go.drugbank.com/articles/A184493 || reference-A184538: Makri OE, Tsekouras IK, Plotas P, Tsapardoni F, Pallikari A, Georgakopoulos CD: Cystoid Macular Edema Due to Accidental Latanoprost Overdose After Uncomplicated Phacoemulsification. Curr Drug Saf. 2018;13(3):208-210. doi: 10.2174/1574886313666180619163845. | https://go.drugbank.com/articles/A184538 || reference-A184550: Sjoquist B, Stjernschantz J: Ocular and systemic pharmacokinetics of latanoprost in humans. Surv Ophthalmol. 2002 Aug;47 Suppl 1:S6-12. | https://go.drugbank.com/articles/A184550 || reference-L8357: FDA Approved Drug Products: Xalatan (latanoprost) Ophthalmic Solution | https://www.accessdata.fda.gov/drugsatfda_docs/label/2012/020597s044lbl.pdf || reference-L8360: Cayman Chemical: Latanoprost MSDS | https://www.caymanchem.com/msdss/16812m.pdf || reference-L8363: Drugs.com: Latanoprost ophthalmic | https://www.drugs.com/mtm/latanoprost-ophthalmic.html || reference-L8369: FDA Approved Drug Products: ROCKLATAN (netarsudil and latanoprost) Ophthalmic Solution | https://www.accessdata.fda.gov/drugsatfda_docs/label/2020/208259s006lbl.pdf || reference-L8402: Health Canada Approved Drug Products: SANDOZ LATANOPROST (Latanoprost) Ophthalmic Solution | https://www.sandoz.ca/sites/www.sandoz.ca/files/Sandoz%20Latanoprost%20Product%20Monograph.pdf || reference-L44401: FDA Approved Drug Products: IYUZEH (latanoprost ophthalmic solution) 0.005%, for topical ophthalmic use | https://www.accessdata.fda.gov/drugsatfda_docs/label/2022/216472s000lbl.pdf || reference-L15217: Health Canada Product Monograph: ACT LATANOPROST/TIMOLOL (Latanaprost and Timolol) Ophthalmic Solution | https://pdf.hres.ca/dpd_pm/00056431.PDF"
naloxone,DB01183,Naloxone is an opioid receptor antagonist used to rapidly reverse an opioid overdose. Also included in some drug formulations as an abuse deterrent to prevent injection.,"Naloxone nasal sprays are indicated for the reversal of an opioid overdose or suspected opioid overdose: it is intended for immediate administration as emergency therapy in settings where opioids may be present.<ref>7</ref>,<ref>20</ref> Intramuscular, intravenous, and subcutaneous injections are indicated for complete or partial reversal of opioid depression, diagnosis of known or suspected opioid overdose, and as an adjunct therapy in the treatment of septic shock.<ref>16</ref> Sublingual tablets and films are formulated with buprenorphine for the treatment of opioid dependence.<ref>11</ref>,<ref>12</ref> Naloxone is also formulated with pentazocine as an oral tablet for severe pain.<ref>17</ref> Intramuscular or subcutaneous naloxone autoinjectors are used for the emergency treatment of people 12 years of age and older where the use of high-potency opioids such as fentanyl analogues as a chemical weapon, is suspected.<ref>18</ref>,<ref>19</ref> Naloxone has been used off-label for the treatment of neuraxial opioid-induced pruritus.<ref>5</ref>","Naloxone is a competitive inhibitor of the µ-opioid receptor.<ref>7</ref>,<ref>12</ref> Naloxone antagonizes the action of opioids, reversing their effects.<ref>7</ref> If a patient has not taken opioids, naloxone does not have a significant effect on patients.<ref>13</ref>","Naloxone is an opioid receptor antagonist indicated in the reversal of opioid overdoses.<ref>7</ref> Naloxone has a shorter duration of action than opioids and multiple doses may be required.3,<ref>7</ref> The therapeutic window of naloxone is wide, as it has no effect if a patient has not taken opioids.4,<ref>7</ref> Patients treated with naloxone may experience opioid withdrawal and a person administering naloxone should be aware that reversal of opioid overdoses may not resolve all the symptoms a patient is experiencing if other drugs are involved.<ref>7</ref>","An intranasal dose of naloxone is 42-4<ref><ref><ref>7</ref></ref></ref>% bioavailable.<ref><ref><ref>7</ref></ref></ref> An 8 mg dose of nasal naloxone reaches a Cmax of 12.3-12.8 ng/mL, with a Tmax of 0.25 hours, and an AUC of 16.<ref><ref><ref>7</ref></ref></ref>-19.0 h*ng/mL.<ref><ref><ref>7</ref></ref></ref> A 0.4 mg intramuscular dose reaches a Cmax of 0.8<ref><ref><ref>7</ref></ref></ref>6-0.910 ng/mL, with a Tmax of 0.25 hours, and an AUC of 1.94-1.95 h*ng/mL.<ref><ref><ref>7</ref></ref></ref> A 2 mg intravenous dose reaches a Cmax of 26.2 ng/mL with an AUC of 12.8 h*ng/mL.<ref><ref><ref>7</ref></ref></ref>",The volume of distribution of naloxone is 200 L.<ref>3</ref> Naloxone distributes into tissues rapidly.<ref>7</ref> It can also cross the placenta and blood-brain barrier.<ref>7</ref>,"Naloxone is approximately 45% bound to albumin, but there is significant binding to other proteins.<ref>7</ref>,<ref>12</ref>","Naloxone primarily undergoes glucuronidation to form naloxone-3-glucuronide.<ref>7</ref> Naloxone is also N-dealkylated to noroxymorphone or undergoes 6-keto reduction to naloxol.<ref>1</ref>
Hover over products below to view reaction partners
Naloxone
Naloxone 3-Glucuronide
noroxymorphone
Naloxol","After oral or intravenous administration, naloxone is 25-40% eliminated in the urine within 6 hours, 50% in 24 hours, and 60-<ref>7</ref>0% in <ref>7</ref>2 hours.<ref>7</ref> The metabolites naloxone-3-glucuronide, noroxymorphone, and naloxol are all detected in the urine.1,<ref>7</ref>","The mean half life of naloxone hydrochloride is 1.<ref>8</ref>-2.7 hours intranasally, 1.4 hours intramuscularly, and 1.2 hours intravenously.<ref>8</ref> In neonates, the mean half life is 3.1 ± 0.5 hours.<ref>8</ref>",The clearance of naloxone is 2500 L/day.<ref>3</ref>,"If a patient has not taken opioids, naloxone does not have a significant effect on patients.<ref>4</ref>,<ref>13</ref>
The oral LD50 in mice and rats is >1 g/kg.<ref><ref>8</ref></ref> The intraperitoneal LD50 is <ref><ref>8</ref></ref>0 mg/kg in mice and 239 mg/kg in rats.<ref><ref>8</ref></ref> The subcutaneous LD50 is 2<ref><ref>8</ref></ref>6 mg/kg in mice and 500 mg/kg in rats.<ref><ref>8</ref></ref>","reference-A234584: Weinstein SH, Pfeffer M, Schor JM, Indindoli L, Mintz M: Metabolites of naloxone in human urine. J Pharm Sci. 1971 Oct;60(10):1567-8. doi: 10.1002/jps.2600601030. | https://go.drugbank.com/articles/A234584 || reference-A234589: Jordan MR, Morrisonponce D: Naloxone . | https://go.drugbank.com/articles/A234589 || reference-A234594: Rzasa Lynn R, Galinkin JL: Naloxone dosage for opioid reversal: current evidence and clinical implications. Ther Adv Drug Saf. 2018 Jan;9(1):63-88. doi: 10.1177/2042098617744161. Epub 2017 Dec 13. | https://go.drugbank.com/articles/A234594 || reference-A234599: Papathanasiou T, Springborg AD, Kongstad KT, Staerk D, Moller K, Taylor BK, Lund TM, Werner MU: High-dose naloxone, an experimental tool uncovering latent sensitisation: pharmacokinetics in humans. Br J Anaesth. 2019 Aug;123(2):e204-e214. doi: 10.1016/j.bja.2018.12.007. Epub 2019 Jan 18. | https://go.drugbank.com/articles/A234599 || reference-A234604: Kumar K, Singh SI: Neuraxial opioid-induced pruritus: An update. J Anaesthesiol Clin Pharmacol. 2013 Jul;29(3):303-7. doi: 10.4103/0970-9185.117045. | https://go.drugbank.com/articles/A234604 || reference-L67: Link | http://www.medscape.com/viewarticle/441915_3 || reference-L33694: FDA Approved Drug Products: Kloxxado (Naloxone) Nasal Spray | https://www.accessdata.fda.gov/drugsatfda_docs/label/2021/212045s000lbl.pdf || reference-L33699: Caymen Chemical: Naloxone MSDS | https://www.caymanchem.com/msdss/15594m.pdf || reference-L33704: International Pharmacopoeia: Naloxone Hydrochloride | https://apps.who.int/phint/pdf/b/6.1.245.Naloxone-hydrochloride-(Naloxoni-hydrochloridum).pdf || reference-L33709: FDA Approved Drug Products: Narcan (Naloxone) Injection (Discontinued) | https://www.accessdata.fda.gov/scripts/cder/daf/index.cfm?event=overview.process&ApplNo=016636 || reference-L33714: FDA Approved Drug Products: Suboxone (Buprenorphine, Naloxone) Sublingual, Buccal Film | https://www.accessdata.fda.gov/drugsatfda_docs/label/2021/022410s042lbl.pdf || reference-L33719: FDA Approved Drug Products: Zubsolv (Buprenorphine, Naloxone) Sublingual Tablet | https://www.accessdata.fda.gov/drugsatfda_docs/label/2021/204242s019lbl.pdf || reference-L33724: British Columbia CDC: Administration of Naloxone | http://www.bccdc.ca/resource-gallery/Documents/Educational%20Materials/Epid/Other/NaloxoneDSTUseforRN.pdf || reference-L33729: FDA Approved Drug Products: Narcan (Naloxone) Nasal Spray | https://www.accessdata.fda.gov/drugsatfda_docs/label/2020/208411Orig1s004lbl.pdf || reference-L33734: DailyMed: Lifems (Naloxone Hydrochloride) Kit | https://dailymed.nlm.nih.gov/dailymed/drugInfo.cfm?setid=f0e1f14d-18db-42e6-a74c-aecbe03c6f66 || reference-L33739: Dailymed: Naloxone Hydrochloride Subcutaneous, Intramuscular, Intravenous Injection | https://dailymed.nlm.nih.gov/dailymed/drugInfo.cfm?setid=b1303f15-c48b-a44d-b28a-72f370094e02#L3771a8f1-c2b1-4874-8c0d-dcdefc051a04 || reference-L33744: DailyMed: Naloxone and Pentazocine Oral Tablet | https://dailymed.nlm.nih.gov/dailymed/drugInfo.cfm?setid=a28450a0-ac93-4235-b9a6-58cdf24773cb || reference-L40758: FDA Approved Drug Products: Naloxone Hydrochloride Injection Auto-Injector (referred throughout as NALOXONE AUTO-INJECTOR) for intramuscular or subcutaneous use | https://dailymed.nlm.nih.gov/dailymed/fda/fdaDrugXsl.cfm?setid=d2d67261-1f34-4ac4-a29c-ebca7ba28f0d&type=display || reference-L40763: Kaléo News: FDA Approves Kaléo’s Naloxone Auto-Injector 10 mg for the Treatment of Known or Potential Exposure to Ultra-Potent Weaponized Opioids | https://kaleo.com/press-release/fda-approves-kaleos-naloxone-auto-injector-10-mg-for-the-treatment-of-known-or-potential-exposure-to-ultra-potent-weaponized-opioids/ || reference-L45515: FDA Approved Drug Products: Naloxone Hydrochloride Nasal Spray | https://www.accessdata.fda.gov/drugsatfda_docs/label/2023/208969s000lbl.pdf || reference-L45723: FDA Approved Drug Products: NARCAN® (naloxone hydrochloride) Nasal Spray | https://www.accessdata.fda.gov/drugsatfda_docs/label/2023/208411s007lbl.pdf"
sibutramine,DB01105,"Sibutramine is a norepinephrine, serotonin and dopamine reuptake inhibitor indicated to assist with weight loss in obesity.",For the treatment of obesity.,"Sibutramine produces its therapeutic effects by inhibition of norepinephrine (NE), serotonin (5-hydroxytryptamine, 5-HT), and to a lesser extent, dopamine reuptake at the neuronal synapse. By inhibiting the reuptake of these neurotransmitters, sibutramine promotes a sense of satiety and decrease in appetite, thereby reducing food intake. Data from animal studies also suggest that sibutramine may also increase energy expenditure through thermogenic effects in both the basal and fed states, but this has not been confirmed in humans. Sibutramine and its major pharmacologically active metabolites (M1 and M2) do not act via release of monoamines.","Sibutramine is an orally administered agent for the treatment of obesity. Sibutramine exerts its pharmacological actions predominantly via its secondary (M1) and primary (M2) amine metabolites. The parent compound, sibutramine, is a potent inhibitor of serotonin and norepinephrine reuptake in vivo, but not in vitro. However, metabolites M1 and M2 inhibit the reuptake of these neurotransmitters both in vitro and in vivo. In human brain tissue, M1 and M2 also inhibit dopamine reuptake in vitro, but with ~3-fold lower potency than for the reuptake inhibition of serotonin or norepinephrine. Sibutramine, M1 and M2 exhibit no evidence of anticholinergic or antihistaminergic actions. In addition, receptor binding profiles show that sibutramine, M1 and M2 have low affinity for serotonin (5-HT1, 5-HT1A, 5-HT1B, 5-HT2A, 5-HT2C), norepinephrine (b, b1, b3, a1 and a2), dopamine (D1 and D2), benzodiazepine, and glutamate (NMDA) receptors. These compounds also lack monoamine oxidase inhibitory activity in vitro and in vivo.","Rapid absorption following oral administration. Absolute bioavailability is not known, but at least 77% of a single oral dose of sibutramine is absorbed.",Not Available,97% (to human plasma proteins),Hepatic,"Sibutramine is metabolized in the liver principally by the cytochrome P450 (3A4) isoenzyme, to desmethyl metabolites, M1 and M2. These active metabolites are further metabolized by hydroxylation and conjugation to pharmacologically inactive metabolites, M5 and M6. Approximately 85% (range 68-95%) of a single orally administered radiolabeled dose was excreted in urine and feces over a 15-day collection period with the majority of the dose (77%) excreted in the urine. The primary route of excretion for M1 and M2 is hepatic metabolism and for M5 and M6 is renal excretion.",1.1 hours,Oral cl=1750 L/h [oral administration],"Side effects include dry mouth, anorexia, insomnia, constipation and headache.","reference-A1848: Sharma B, Henderson DC: Sibutramine: current status as an anti-obesity drug and its future perspectives. Expert Opin Pharmacother. 2008 Aug;9(12):2161-73. doi: 10.1517/14656566.9.12.2161 . | https://go.drugbank.com/articles/A1848 || reference-A1851: Tziomalos K, Krassas GE, Tzotzas T: The use of sibutramine in the management of obesity and related disorders: an update. Vasc Health Risk Manag. 2009;5(1):441-52. | https://go.drugbank.com/articles/A1851 || reference-A1853: Heal DJ, Aspley S, Prow MR, Jackson HC, Martin KF, Cheetham SC: Sibutramine: a novel anti-obesity drug. A review of the pharmacological evidence to differentiate it from d-amphetamine and d-fenfluramine. Int J Obes Relat Metab Disord. 1998 Aug;22 Suppl 1:S18-28; discussion S29. | https://go.drugbank.com/articles/A1853 || reference-A1854: Stock MJ: Sibutramine: a review of the pharmacology of a novel anti-obesity agent. Int J Obes Relat Metab Disord. 1997 Mar;21 Suppl 1:S25-9. | https://go.drugbank.com/articles/A1854"
pravastatin,DB00175,"Pravastatin is an HMG-CoA reductase inhibitor used to lower lipid levels and to reduce the risk of cardiovascular events, including myocardial infarction and stroke.","Pravastatin is indicated for primary prevention of coronary events hypercholesterolemic patients without clinical evidence of coronary heart disease. Its use includes the reduction of risk on myocardial infarction, undergoing myocardial revascularization procedures and cardiovascular mortality.<ref><ref><ref>10</ref></ref></ref> As well, pravastatin can be used as a secondary prevention agent for cardiovascular events in patients with clinically evident coronary heart disease. This indication includes the reduction of risk of total mortality by reducing coronary death, myocardial infarction, undergoing myocardial revascularization procedures, stroke, and stroke/transient ischemic attack as well as to slow the progression of coronary atherosclerosis.<ref><ref><ref>10</ref></ref></ref> The term cardiovascular events correspond to all the incidents that can produce damage to the heart muscle including the interruption of blood flow.<ref>15</ref> As adjunctive therapy to diet, pravastatin is used in: Patients with primary hypercholesterolemia and mixed dyslipidemias including hyperlipidemia type IIa and IIb. Patients with elevated serum triglycerides including type IV hyperlipidemia. Patients with heterozygous familial hypercholesterolemia in patients over 8 years of age with low-density lipoprotein (LDL) cholesterol higher than 190 mg/dl after diet modifications or LDL levels higher than <ref>16</ref>0 mg/dl and familial history of premature cardiovascular diseases or at least two cardiovascular risk factors.<ref><ref><ref>10</ref></ref></ref> In patients that do not respond adequately to diet, pravastatin is used to treat patients with primary dysbetalipoproteinemia (type III hyperlipidemia).<ref><ref><ref>10</ref></ref></ref> Dyslipidemia is defined as an elevation of plasma cholesterol, triglycerides or both as well as to the presence of low levels of high-density lipoprotein. This condition represents an increased risk for the development of atherosclerosis.<ref>16</ref>","Pravastatin is a specific inhibitor of the hepatic HMG-CoA reductase in humans.<ref>10</ref> The inhibition of this enzyme produces a reduction in cholesterol biosynthesis as HMG-CoA reductase activity is an early-limiting step in cholesterol biosynthesis.<ref>6</ref>
The inhibitory mechanism of action produces a reduction in cholesterol synthesis which in order has been observed to increase the number of LDL receptors on cell surfaces and an enhancement in receptor-mediated metabolism of LDL and clearance.<ref>5</ref>
On the other hand, pravastatin-driven inhibition of LDL production inhibits hepatic synthesis of VLDL as the LDL is the precursor for these molecules.<ref>7</ref>","The action of pravastatin on the 3-hydroxy-3-methyl-glutaryl-coenzyme A (HMG-CoA) reductase produces an increase in the expression of hepatic LDL receptors which in order decreases the plasma levels of LDL cholesterol.<ref><ref>1</ref>0</ref>
The effect of pravastatin has been shown to significantly reduce the circulating total cholesterol, LDL cholesterol, and apolipoprotein B. As well, it modestly reduces very low-density-lipoproteins (VLDL) cholesterol and triglycerides while increasing the level of high-density lipoprotein (HDL) cholesterol and apolipoprotein A.<ref><ref>1</ref>7</ref>
In clinical trials with patients with a history of myocardial infarction or angina with high total cholesterol, pravastatin decreased the level of total cholesterol by <ref>1</ref>8%, decreased of LDL by 27%, decreased of triglycerides by 6% and increased of high-density lipoprotein (HDL) by 4%. As well, there was reported a decrease in risk of death due to coronary disease of 24%.<ref>1</ref>
When coadministered with cholestyramine, pravastatin can reduce by 50% the levels of LDL and slow the progression of atherosclerosis and the risk of myocardial infarction and death.<ref><ref>1</ref>0</ref>","Pravastatin is absorbed 60-90 min after oral administration and it presents a low bioavailability of 17%.<ref>2</ref> This low bioavailability can be presented due to the polar nature of pravastatin which produces a high range of first-pass metabolism and incomplete absorption.1<ref>2</ref>
Pravastatin is rapidly absorbed from the upper part of the small intestine via proton-coupled carrier-mediated transport to be later taken up in the livery by the sodium-independent bile acid transporter.<ref>4</ref> The reported time to reach the peak serum concentration in the range of 30-55 mcg/L is of 1-1.5 hours with an AUC ranging from 60-90 mcg.h/L.<ref>8</ref>",The reported steady-state volume of distribution of pravastatin is reported to be of 0.5 L/kg.<ref>9</ref> This pharmacokinetic parameter in children was found to range from 31-37 ml/kg.<ref>8</ref>,"Due its polarity, pravastatin binding to plasma proteins is very limited and the bound form represents only about 43-48% of the administered dose. However, the activity of p-glycoprotein in luminal apical cells and OATP<ref>1</ref>B<ref>1</ref> produce significant changes to pravastatin distribution and elimination.<ref>1</ref>","After initial administration, pravastatin undergoes extensive first-pass extraction in the liver.<ref>2</ref> However, pravastatin's metabolism is not related to the activity of the cytochrome P-<ref>4</ref>50 isoenzymes and its processing is performed in a minor extent in the liver. Therefore, this drug is highly exposed to peripheral tissues.<ref>1</ref>
The metabolism of pravastatin is ruled mainly by the presence of glucuronidation reactions with very minimal intervention of CYP3A enzymes. After metabolism, pravastatin does not produce active metabolites.<ref>2</ref> This metabolism is mainly done in the stomach followed by a minor portion of renal and hepatic processing.<ref>4</ref>
The major metabolite formed as part of pravastatin metabolism is the 3-alpha-hydroxy isomer. The activity of this metabolite is very clinically negligible.<ref>1</ref>7
Hover over products below to view reaction partners
Pravastatin
3-alpha-isopravastatin
5,6-epoxy-3-alpha-isopravastatin + 7-hydroxy-3-alpha-isopravastatin
6-epi-pravastatin
Triol pravastatin
3-keto-5,6-diol pravastatin
pravastatin glucuronide
3'(S)-hydroxy-pravastatin-tetranor
3'(S)-hydroxy-pravastatin-tetranor glucuronide
3'(S)-hydroxy-pravastatin
3'(S)-hydroxy-pravastatin-tetranor
Desacylpravastatin","From the administered dose of pravastatin, about 70% is eliminated in the feces while about 20% is obtained in the urine.<ref>13</ref>
When pravastatin is administered intravenously, approximately 47% of the administered dose is eliminated via the urine with 53% of the dose eliminated either via biotransformation of biliary.<ref>17</ref>",The reported elimination half-life of pravastatin is reported to be of 1.8 hours.<ref>2</ref>,The reported clearance rate of pravastatin ranges from 6.3-13.5 ml.min/kg in adults<ref>9</ref> while in children it has been reported to be of 4-11 L/min.<ref>8</ref>,"The reported oral LD50 of pravastatin in mice is of 8939 mg/kg.<ref>MSDS</ref> There haven't been significant overdosage reports however, in the case of overdosage, symptomatic treatment is recommended along with laboratory monitoring and supportive measures.<ref><ref>Label</ref></ref>
In carcinogenic studies, high dose administration of pravastatin has been reported to increase the incidence of hepatocellular carcinomas in males and lung carcinomas in females. There is no evidence relating the administration of pravastatin with mutagenicity in different assays not to produce effects in fertility or reproductive potential.<ref><ref>Label</ref></ref>","reference-A177682: Salna MP, Singer HM, Dana AN: Pravastatin-Induced Eczematous Eruption Mimicking Psoriasis. Case Rep Dermatol Med. 2017;2017:3418204. doi: 10.1155/2017/3418204. Epub 2017 Jul 31. | https://go.drugbank.com/articles/A177682 || reference-A34502: Chastain DB, Stover KR, Riche DM: Evidence-based review of statin use in patients with HIV on antiretroviral therapy. J Clin Transl Endocrinol. 2017 Feb 22;8:6-14. doi: 10.1016/j.jcte.2017.01.004. eCollection 2017 Jun. | https://go.drugbank.com/articles/A34502 || reference-A177793: Fitzpatrick T, Perrier L, Tricco AC, Straus SE, Juni P, Zwarenstein M, Lix LM, Smith M, Rosella LC, Henry DA: Protocol for a scoping review of post-trial extensions of randomised controlled trials using individually linked administrative and registry data. BMJ Open. 2017 Feb 17;7(2):e013770. doi: 10.1136/bmjopen-2016-013770. | https://go.drugbank.com/articles/A177793 || reference-A39676: Hatanaka T: Clinical pharmacokinetics of pravastatin: mechanisms of pharmacokinetic events. Clin Pharmacokinet. 2000 Dec;39(6):397-412. doi: 10.2165/00003088-200039060-00002. | https://go.drugbank.com/articles/A39676 || reference-A177415: Ye YC, Zhao XL, Zhang SY: Use of atorvastatin in lipid disorders and cardiovascular disease in Chinese patients. Chin Med J (Engl). 2015 Jan 20;128(2):259-66. doi: 10.4103/0366-6999.149226. | https://go.drugbank.com/articles/A177415 || reference-A177397: McIver LA, Siddique MS: Atorvastatin . | https://go.drugbank.com/articles/A177397 || reference-A177436: Ray SK, Rege NN: Atorvastatin: in the management of hyperlipidaemia. J Postgrad Med. 2000 Jul-Sep;46(3):242-3. | https://go.drugbank.com/articles/A177436 || reference-A177907: Wiersma HE, Wiegman A, Koopmans RP, Bakker HD, Kastelein JJ, van Boxtel CJ: Steady-state pharmacokinetics of pravastatin in children with familial hypercholesterolaemia. Clin Drug Investig. 2004;24(2):113-20. doi: 10.2165/00044011-200424020-00006. | https://go.drugbank.com/articles/A177907 || reference-A177913: Singhvi SM, Pan HY, Morrison RA, Willard DA: Disposition of pravastatin sodium, a tissue-selective HMG-CoA reductase inhibitor, in healthy subjects. Br J Clin Pharmacol. 1990 Feb;29(2):239-43. | https://go.drugbank.com/articles/A177913 || reference-T274: Frishman W., Cheng-Lai A. and Nawarskas J. (2005). Current cardiovascular drugs (4th ed.). Current medicine LLC. [ISBN:1-57340-221-4] | https://www.google.com/search?tbo=p&tbm=bks&q=1-57340-221-4 || reference-T303: William H. Frishman, MD, Domenic A. Sica, MD (2011). Cardiovascular Pharmacotherapeutics. Cardiotext Publishing. [ISBN:9781935395621] | https://www.google.com/search?tbo=p&tbm=bks&q=9781935395621 || reference-T239: Taylor JB, Triggle DJ. (2007). Comprehensive Medicinal Chemistry II. Elsevier. || reference-T357: Lemke T., Williams D., Roche V. and Zito W. (2008). Foye's Principles of Medicinal Chemistry (6th) (6th ed.). Lippincott Williams & Wilkins. [ISBN:978-0-7817-6879-5] | https://www.google.com/search?tbo=p&tbm=bks&q=978-0-7817-6879-5 || reference-L6142: FDA approvals | https://www.accessdata.fda.gov/scripts/cder/daf/index.cfm?event=overview.process&ApplNo=019898 || reference-L6028: Chemocare | http://chemocare.com/chemotherapy/side-effects/cardiovascular-events.aspx || reference-L6025: Merck Manuals | https://www.merckmanuals.com/en-ca/professional/endocrine-and-metabolic-disorders/lipid-disorders/dyslipidemia || reference-F4603: PRAVACHOL (pravastatin) monograph | https://s3-us-west-2.amazonaws.com/drugbank/cite_this/attachments/files/000/004/603/original/1.pdf?1556750204"
hydrochlorothiazide,DB00999,"Hydrochlorothiazide is a thiazide diuretic used to treat edema associated with a number of conditions, and hypertension.","Hydrochlorothiazide is indicated alone or in combination for the management of edema associated with congestive heart failure, hepatic cirrhosis, nephrotic syndrome, acute glomerulonephritis, chronic renal failure, and corticosteroid and estrogen therapy.<ref>10</ref>,<ref>11</ref> Hydrochlorothiazide is also indicated alone or in combination for the management of hypertension.2,<ref>10</ref>,<ref>11</ref>,<ref>16</ref>","Hydrochlorothiazide is transported from the circulation into epithelial cells of the distal convoluted tubule by the organic anion transporters OAT1, OAT3, and OAT<ref>4</ref>.<ref>6</ref>,<ref>3</ref> From these cells, hydrochlorothiazide is transported to the lumen of the tubule by multidrug resistance associated protein <ref>4</ref> (MRP<ref>4</ref>).<ref>6</ref>
Normally, sodium is reabsorbed into epithelial cells of the distal convoluted tubule and pumped into the basolateral interstitium by a sodium-potassium ATPase, creating a concentration gradient between the epithelial cell and the distal convoluted tubule that promotes the reabsorption of water.<ref>4</ref>
Hydrochlorothiazide acts on the proximal region of the distal convoluted tubule, inhibiting reabsorption by the sodium-chloride symporter, also known as Solute Carrier Family 12 Member 3 (SLC12A3).2,3,<ref>4</ref> Inhibition of SLC12A3 reduces the magnitude of the concentration gradient between the epithelial cell and distal convoluted tubule, reducing the reabsorption of water.<ref>4</ref>","Hydrochlorothiazide prevents the reabsorption of sodium and water from the distal convoluted tubule, allowing for the increased elimination of water in the urine.<ref>2</ref>,<ref>3</ref>,<ref>4</ref>,<ref>10</ref>,<ref>11</ref> Hydrochlorothiazide has a wide therapeutic window as dosing is individualized and can range from 25-100mg.<ref>10</ref>,<ref>11</ref> Hydrochlorothiazide should be used with caution in patients with reduced kidney or liver function.<ref>10</ref>,<ref>11</ref>","An oral dose of hydrochlorothiazide is 65-75% bioavailable, with a Tmax of 1-5 hours, and a Cmax of 70-490ng/mL following doses of 12.5-100mg.<ref>10</ref>,<ref>11</ref> When taken with a meal, bioavailability is 10% lower, Cmax is 20% lower, and Tmax increases from 1.6 to 2.9 hours.<ref>11</ref>",The volume of distribution varies widely from one study to another with values of 0.<ref>8</ref>3-4.19L/kg.<ref>8</ref>,"Hydrochlorothiazide is 40-68% protein bound in plasma.<ref>10</ref>,<ref>11</ref> Hydrochlorothiazide has been shown to bind to human serum albumin.<ref>5</ref>","Hydrochlorothiazide is not metabolized.<ref>10</ref>,<ref>11</ref>","Hydrochlorothiazide is eliminated in the urine as unchanged hydrochlorothiazide.<ref>10</ref>,<ref>11</ref>",The plasma half life of hydrochlorothiazide is 5.6-14.8h.<ref>10</ref>,"The renal clearance of hydrochlorothiazide in patients with normal renal function is 285mL/min.<ref>7</ref> Patients with a creatinine clearance of 31-80mL/min have an average hydroxychlorothiazide renal clearance of <ref>7</ref>5mL/min, and patients with a creatinine clearance of ≤30mL/min have an average hydroxychlorothiazide renal clearance of 1<ref>7</ref>mL/min.<ref>7</ref>","The oral LD50 of hydrochlorothiazide is >10g/kg in mice and rats.<ref>10</ref>,<ref>11</ref>
Patients experiencing an overdose may present with hypokalemia, hypochloremia, and hyponatremia.<ref>10</ref>,<ref>11</ref>,<ref>2</ref> Treat patients with symptomatic and supportive treatment including fluids and electrolytes.<ref>10</ref>,<ref>11</ref>,<ref>2</ref> Vasopressors may be administered to treat hypotension and oxygen may be given for respiratory impairment.2,<ref>10</ref>,<ref>11</ref>","reference-A185102: Pickkers P, Hughes AD, Russel FG, Thien T, Smits P: Thiazide-induced vasodilation in humans is mediated by potassium channel activation. Hypertension. 1998 Dec;32(6):1071-6. doi: 10.1161/01.hyp.32.6.1071. | https://go.drugbank.com/articles/A185102 || reference-A185138: Herman LL, Bashir K: Hydrochlorothiazide . | https://go.drugbank.com/articles/A185138 || reference-A185180: Akbari P, Khorasani-Zadeh A: Thiazide Diuretics . | https://go.drugbank.com/articles/A185180 || reference-A16730: Gamba G: The thiazide-sensitive Na+-Cl- cotransporter: molecular biology, functional properties, and regulation by WNKs. Am J Physiol Renal Physiol. 2009 Oct;297(4):F838-48. doi: 10.1152/ajprenal.00159.2009. Epub 2009 May 27. | https://go.drugbank.com/articles/A16730 || reference-A185201: Balaei F, Ghobadi S: Hydrochlorothiazide binding to human serum albumin induces some compactness in the molecular structure of the protein: A multi-spectroscopic and computational study. J Pharm Biomed Anal. 2019 Jan 5;162:1-8. doi: 10.1016/j.jpba.2018.09.009. Epub 2018 Sep 5. | https://go.drugbank.com/articles/A185201 || reference-A185204: Hasegawa M, Kusuhara H, Adachi M, Schuetz JD, Takeuchi K, Sugiyama Y: Multidrug resistance-associated protein 4 is involved in the urinary excretion of hydrochlorothiazide and furosemide. J Am Soc Nephrol. 2007 Jan;18(1):37-45. doi: 10.1681/ASN.2005090966. Epub 2006 Nov 29. | https://go.drugbank.com/articles/A185204 || reference-A185207: Niemeyer C, Hasenfuss G, Wais U, Knauf H, Schafer-Korting M, Mutschler E: Pharmacokinetics of hydrochlorothiazide in relation to renal function. Eur J Clin Pharmacol. 1983;24(5):661-5. doi: 10.1007/bf00542218. | https://go.drugbank.com/articles/A185207 || reference-A185213: Chen TM, Chiou WL: Large differences in the biological half-life and volume of distribution of hydrochlorothiazide in normal subjects from eleven studies. Correlation with their last blood sampling times. Int J Clin Pharmacol Ther Toxicol. 1992 Jan;30(1):34-7. | https://go.drugbank.com/articles/A185213 || reference-L8444: FDA Approved Drug Products: Esidrix Hydrochlorothiazide Oral Tablets (Discontinued) | https://www.accessdata.fda.gov/scripts/cder/daf/index.cfm?event=overview.process&ApplNo=011793 || reference-L8447: FDA Approved Drug Products: Hydrochlorothiazide Oral Tablets | https://www.accessdata.fda.gov/drugsatfda_docs/label/2011/040735s004,040770s003lbl.pdf || reference-L8450: FDA Approved Drug Products: Hydrochlorothiazide Oral Capsules | https://www.accessdata.fda.gov/drugsatfda_docs/label/2011/020504s018lbl.pdf || reference-L7426: FDA Approved Drug Products: Losartan and Hydrochlorothiazide Oral Tablets | https://www.accessdata.fda.gov/drugsatfda_docs/label/2018/020387s063lbl.pdf || reference-L7459: FDA Approved Drug Products: Irbesartan and Hydrochlorothiazide Oral Tablets | https://www.accessdata.fda.gov/drugsatfda_docs/label/2018/020758s073lbl.pdf || reference-L8390: FDA Approved Drug Products: Lisinopril and Hydrochlorothiazide Oral Tablet | https://www.accessdata.fda.gov/drugsatfda_docs/label/2017/019888s067lbl.pdf || reference-L8423: FDA Approved Drug Products: Quinapril and Hydrochlorothiazide Oral Tablets | https://www.accessdata.fda.gov/drugsatfda_docs/label/2017/020125s022lbl.pdf || reference-L45663: FDA Approved Drug Products: HYZAAR (losartan potassium and hydrochlorothiazide) tablets for oral use (March 2023) | https://www.accessdata.fda.gov/drugsatfda_docs/label/2023/020387s071lbl.pdf"
lovastatin,DB00227,"Lovastatin is an HMG-CoA reductase inhibitor used to lower LDL cholesterol and reduce the risk of cardiovascular disease and associated conditions, including myocardial infarction and stroke.","Lovastatin is indicated to reduce the risk of myocardial infarction, unstable angina, and the need for coronary revascularization procedures in individuals without symptomatic cardiovascular disease, average to moderately elevated total-C and LDL-C, and below average HDL-C. It is indicated as an intervention alternative in individuals presenting dyslipidemia at risk of developing atherosclerotic vascular disease. The administration of this agent should be accompanied by the implementation of a fat and cholesterol-restricted diet.<ref>43</ref> Therapy with lipid-altering agents should be a component of multiple risk factor intervention in those individuals at significantly increased risk for atherosclerotic vascular disease due to hypercholesterolemia. Lovastatin is indicated as an adjunct to diet for the reduction of elevated total-C and LDL-C levels in patients with primary hypercholesterolemia (Types IIa and IIb2), when the response to diet restricted in saturated fat and cholesterol and to other nonpharmacological measures alone has been inadequate.<ref>43</ref>,<ref>44</ref> Lovastatin is also indicated to slow the progression of coronary atherosclerosis in patients with coronary heart disease as part of a treatment strategy to lower total-C and LDL-C to target levels.<ref>43</ref> Lovastatin is indicated as an adjunct to diet to reduce total-C, LDL-C and apolipoprotein B levels in adolescent boys and girls with Heterozygous Familial Hypercholesterolemia (HeFH) who are at least one year post-menarche, 10 to 17 years of age, with HeFH if after an adequate trial of diet therapy the following findings are present: LDL-C remains greater than 189 mg/dL or LDL-C remains greater than 160 mg/dL and there is a positive family history of premature cardiovascular disease or two or more other CVD risk factors are present in the adolescent patient. Before administering lovastatin, it is important to rule out the presence of secondary causes of hypercholesterolemia and a lipid profile should be performed. Prescribing of statin medications is considered standard practice following any cardiovascular events and for people with a moderate to high risk of development of CVD. Statin-indicated conditions include diabetes mellitus, clinical atherosclerosis (including myocardial infarction, acute coronary syndromes, stable angina, documented coronary artery disease, stroke, trans ischemic attack (TIA), documented carotid disease, peripheral artery disease, and claudication), abdominal aortic aneurysm, chronic kidney disease, and severely elevated LDL-C levels.<ref>13</ref>,<ref>14</ref>","Lovastatin is a lactone which is readily hydrolyzed in vivo to the corresponding β-hydroxyacid and strong inhibitor of HMG-CoA reductase, a hepatic microsomal enzyme which catalyzes the conversion of HMG-CoA (3-hydroxy-3-methylglutaryl-coenzyme A ) to mevalonate, an early rate-limiting step in cholesterol biosynthesis.<ref>12</ref>,<ref>2</ref> At therapeutic lovastatin doses, HMG-CoA reductase is not completely blocked, thereby allowing biologically necessary amounts of mevalonate to be available. Because the conversion of HMG-CoA to mevalonate is an early step in the biosynthetic pathway for cholesterol, therapy with lovastatin would not be expected to cause an accumulation of potentially toxic sterols.<ref>44</ref>
Lovastatin acts primarily in the liver, where decreased hepatic cholesterol concentrations stimulate the upregulation of hepatic low density lipoprotein (LDL) receptors which increase hepatic uptake of LDL. Lovastatin also inhibits hepatic synthesis of very low density lipoprotein (VLDL). The overall effect is a decrease in plasma LDL and VLDL and a significant reduction in the risk of development of CVD and all-cause mortality.<ref>17</ref>,<ref>18</ref>,<ref>19</ref>,<ref>20</ref>,<ref>21</ref>
A significant effect on LDL-C reduction was seen within 2 weeks of initiation of lovastatin, and the maximum therapeutic response occurred within 4-6 weeks. The response was maintained during continuation of therapy. Single daily doses given in the evening were more effective than the same dose given in the morning, perhaps because cholesterol is synthesized mainly at night. When therapy with lovastatin is stopped, total cholesterol has been shown to return to pre-treatment levels.<ref>44</ref>
In vitro and in vivo animal studies also demonstrate that lovastatin exerts vasculoprotective effects independent of its lipid-lowering properties, also known as the pleiotropic effects of statins.<ref>31</ref> This includes improvement in endothelial function, enhanced stability of atherosclerotic plaques, reduced oxidative stress and inflammation, and inhibition of the thrombogenic response.
Statins have also been found to bind allosterically to β2 integrin function-associated antigen-1 (LFA-1), which plays an important role in leukocyte trafficking and in T cell activation.<ref>32</ref>
Lovastatin has been reported to have beneficial effects on certain cancers. This includes a multi-factorial stress-triggered cell death (apoptosis) and DNA degradation response in breast cancer cells.<ref>33</ref> It has also been shown to inhibit histone deacetylase 2 (HDAC2) activity and increase the accumulation of acetylated histone-H3 and the expression of p21(WAF/CIP) in human cancer cells, suggesting that statins might serve as novel HDAC inhibitors for cancer therapy and chemoprevention.<ref>37</ref>","Lovastatin is an oral antilipemic agent which reversibly inhibits HMG-CoA reductase. It is used to lower total cholesterol, low density lipoprotein-cholesterol (LDL-C), apolipoprotein B (apoB), non-high density lipoprotein-cholesterol (non-HDL-C), and trigleride (TG) plasma concentrations while increasing HDL-C concentrations. High LDL-C, low HDL-C and high TG concentrations in the plasma are associated with increased risk of atherosclerosis and cardiovascular disease. The total cholesterol to HDL-C ratio is a strong predictor of coronary artery disease and high ratios are associated with higher risk of disease. Increased levels of HDL-C are associated with lower cardiovascular risk. By decreasing LDL-C and TG and increasing HDL-C, lovastatin reduces the risk of cardiovascular morbidity and mortality.<ref>5</ref>,<ref>13</ref>,<ref>14</ref>,<ref><ref>30</ref></ref>
Elevated cholesterol levels, and in particular, elevated low-density lipoprotein (LDL) levels, are an important risk factor for the development of CVD.<ref>13</ref> Use of statins to target and reduce LDL levels has been shown in a number of landmark studies to significantly reduce the risk of development of CVD and all-cause mortality.<ref>17</ref>,<ref>18</ref>,<ref>19</ref>,<ref><ref>2</ref>0</ref>,<ref><ref>2</ref>1</ref> Statins are considered a cost-effective treatment option for CVD due to their evidence of reducing all-cause mortality including fatal and non-fatal CVD as well as the need for surgical revascularization or angioplasty following a heart attack.<ref>13</ref>,<ref>14</ref> Evidence has shown that even for low-risk individuals (with <10% risk of a major vascular event occurring within <ref>5</ref> years) statins cause a <ref>2</ref>0%-<ref>2</ref><ref>2</ref>% relative reduction in major cardiovascular events (heart attack, stroke, coronary revascularization, and coronary death) for every 1 mmol/L reduction in LDL without any significant side effects or risks.<ref>5</ref>,<ref><ref>2</ref>4</ref>,<ref><ref>2</ref>3</ref> Clinical studies have shown that lovastatin reduces LDL-C and total cholesterol by <ref>2</ref><ref>5</ref>-40%.<ref>5</ref> The <ref>5</ref>0% inhibitory dose is known to be of 46 mcg/kg which is translated into a reduction of approximately <ref>30</ref>% of plasma cholesterol.<ref>2</ref>
Myopathy/Rhabdomyolysis
Lovastatin, like other inhibitors of HMG-CoA reductase, occasionally causes myopathy manifested as muscle pain, tenderness or weakness with creatine kinase (CK) above ten times the upper limit of normal (ULN). Myopathy sometimes takes the form of rhabdomyolysis with or without acute renal failure secondary to myoglobinuria, and rare fatalities have occurred. The risk of myopathy is dose-related and is increased by high levels of HMG-CoA reductase inhibitory activity in plasma. In a clinical study (EXCEL)<ref>30</ref> in which patients were carefully monitored and some interacting drugs were excluded, there was one case of myopathy among 4933 patients randomized to lovastatin <ref>2</ref>0 to 40 mg daily for 48 weeks, and 4 among 1649 patients randomized to 80 mg daily.
Predisposing factors for myopathy include advanced age (≥6<ref>5</ref> years), female gender, uncontrolled hypothyroidism, and renal impairment. Chinese patients may also be at increased risk for myopathy. In most cases, muscle symptoms and CK increases resolved when treatment was promptly discontinued.
The risk of myopathy during treatment with lovastatin may be increased with concurrent administration of interacting drugs such as fenofibrate, niacin, gemfibrozil, cyclosporine, and strong inhibitors of the CYP3A4 enzyme. Cases of myopathy, including rhabdomyolysis, have been reported with HMG-CoA reductase inhibitors coadministered with colchicine, and caution should therefore be exercised when prescribing these two medications together.<ref><ref>43</ref></ref>,<ref>44</ref>
Real-world data from observational studies has suggested that 10-1<ref>5</ref>% of people taking statins may experience muscle aches at some point during treatment.<ref>38</ref>
Liver Dysfunction
Persistent increases (to more than 3 times the upper limit of normal) in serum transaminases occurred in 1.9% of adult patients who received lovastatin for at least one year in early clinical trials. When the drug was interrupted or discontinued in these patients, the transaminase levels usually fell slowly to pretreatment levels. The increases usually appeared 3 to 1<ref>2</ref> months after the start of therapy with lovastatin, and were not associated with jaundice or other clinical signs or symptoms.<ref>43</ref> In the EXCEL study,<ref>30</ref> the incidence of persistent increases in serum transaminases over 48 weeks was 0.1% for placebo, 0.1% at <ref>2</ref>0 mg/day, 0.9% at 40 mg/day, and 1.<ref>5</ref>% at 80 mg/day in patients on lovastatin. However, in post-marketing experience with lovastatin, symptomatic liver disease has been reported rarely at all dosages.<ref>43</ref>","Lovastatin Cmax was found to be 3.013ng/mL with a Tmax of 3.<ref>36</ref> hours.<ref>44</ref>
Plasma concentrations of total radioactivity (lovastatin plus 14C-metabolites) peaked at 2 hours and declined rapidly to about 10% of peak by 24 hours postdose. Absorption of lovastatin, estimated relative to an intravenous reference dose, in each of four animal species tested, averaged about 30% of an oral dose. In animal studies, after oral dosing, lovastatin had high selectivity for the liver, where it achieved substantially higher concentrations than in non-target tissues. Lovastatin undergoes extensive first-pass extraction in the liver, its primary site of action, with subsequent excretion of drug equivalents in the bile. As a consequence of extensive hepatic extraction of lovastatin, the availability of drug to the general circulation is low and variable. In a single dose study in four hypercholesterolemic patients, it was estimated that less than 5% of an oral dose of lovastatin reaches the general circulation as active inhibitors. Following administration of lovastatin tablets the coefficient of variation, based on between-subject variability, was approximately 40% for the area under the curve (AUC) of total inhibitory activity in the general circulation.43,<ref>44</ref>
The peak concentrations of lovastatin when a dose of 10-40 mg is administered are reported to range from 1.04-4.03 ng/ml and an AUC of 14-53 ng.h/ml. This indicates that lovastatin presents a dose-dependent pharmacokinetic profile.<ref>8</ref> When lovastatin was given under fasting conditions, plasma concentrations of both active and total inhibitors were on average about two-thirds those found when lovastatin was administered immediately after a standard test meal.<ref>44</ref>
Genetic differences in the OATP1B1 (Organic-Anion-Transporting Polypeptide 1B1) hepatic transporter encoded by the SCLCO1B1 gene (Solute Carrier Organic Anion Transporter family member 1B1) have been shown to impact lovastatin pharmacokinetics.<ref>34</ref> Evidence from pharmacogenetic studies of the c.521T>C single nucleotide polymorphism (SNP) showed that lovastatin Cmax and AUC were <ref>34</ref>0 and 2<ref>8</ref>6% higher, respectively, for individuals homozygous for 521CC compared to homozygous 521TT individuals.<ref>35</ref> The 521CC genotype is also associated with a marked increase in the risk of developing myopathy, likely secondary to increased systemic exposure.<ref>36</ref> Other statin drugs impacted by this polymorphism include rosuvastatin, pitavastatin, atorvastatin, simvastatin, and pravastatin.2<ref>8</ref>
While specific dosage instructions are not included in the available product monographs for lovastatin, individuals with the above-mentioned c.521CC OATP1B1 genotype should be monitored for development of adverse effects from increased exposure to the drug, such as muscle pain and risk of rhabdomyolysis, particularly at higher doses.",Lovastatin is able to cross the blood-brain barrier and placenta.<ref>44</ref>,"Both lovastatin and its β-hydroxy acid metabolite are highly bound (>95%) to human plasma proteins, largely due to its lipophilicity. Animal studies demonstrated that lovastatin crosses the blood-brain and placental barriers.<ref>43</ref>,<ref>44</ref>","Lovastatin is given as a lactone prodrug and thus, in order to produce its mechanism of action, it is required to be converted to the active beta-hydroxy form. This drug activation process does not seem to be related to CYP isoenzyme activity<ref>7</ref> but rather to be controlled by the activity of serum paraoxonase.<ref>11</ref>
Lovastatin is metabolized by the microsomal hepatic enzyme system (Cytochrome P-450 isoform 3A4). The major active metabolites present in human plasma are the β-hydroxy acid of lovastatin, its 6'-hydroxy, 6'-hydroxymethyl, and 6'-exomethylene derivatives.<ref>44</ref> The uptake of lovastatin by the liver is enhanced by the activity of OATP1B1.<ref>9</ref>
Hover over products below to view reaction partners
Lovastatin
6'beta-Hydroxylovastatin
3''-Hydroxylovastatin
6'-exomethylene lovastatin","Following an oral dose of 14C-labeled lovastatin to man, 10% of the dose was excreted in urine and 83% in feces. The latter represents absorbed drug excreted in bile, together with unabsorbed drug.<ref>44</ref>",Lovastatin half-life is reported to be of 13.37 hours.<ref>44</ref> The elimination half-life of the hydroxy acid form of lovastatin is reported to be of 0.7-3 hours.<ref>6</ref>,Not Available,"The median lethal dose of lovastatin is higher than 15 g/m2. Five healthy human volunteers have received up to 200 mg of lovastatin as a single dose without clinically significant adverse experiences. A few cases of accidental overdosage have been reported; no patients had any specific symptoms, and all patients recovered without sequelae. The maximum dose taken was 5 to 6 g.<ref>43</ref>
In carcinogenic studies, there is an increase in the incidence of hepatocellular carcinomas and adenomas, pulmonary adenomas, papilloma in non-glandular mucose in stomach and thyroid neoplasms. However, with respect to effects on fertility, lovastatin has been reported to present testicular atrophy, decreased spermatogenesis, spermatocytic degeneration and giant cell formation which derived into decreased fertility in males. Lastly, there is no evidence of mutagenicity induced by lovastatin.<ref>43</ref>","reference-A174550: Boruta T, Bizukojc M: Production of lovastatin and itaconic acid by Aspergillus terreus: a comparative perspective. World J Microbiol Biotechnol. 2017 Feb;33(2):34. doi: 10.1007/s11274-017-2206-9. Epub 2017 Jan 19. | https://go.drugbank.com/articles/A174550 || reference-A174553: Alberts AW, Chen J, Kuron G, Hunt V, Huff J, Hoffman C, Rothrock J, Lopez M, Joshua H, Harris E, Patchett A, Monaghan R, Currie S, Stapley E, Albers-Schonberg G, Hensens O, Hirshfield J, Hoogsteen K, Liesch J, Springer J: Mevinolin: a highly potent competitive inhibitor of hydroxymethylglutaryl-coenzyme A reductase and a cholesterol-lowering agent. Proc Natl Acad Sci U S A. 1980 Jul;77(7):3957-61. | https://go.drugbank.com/articles/A174553 || reference-A174565: Endo A: The origin of the statins. 2004. Atheroscler Suppl. 2004 Oct;5(3):125-30. doi: 10.1016/j.atherosclerosissup.2004.08.033. | https://go.drugbank.com/articles/A174565 || reference-A174568: Chiloeches A, Lasa M, Brihuega F, Montes A, Toro MJ: Effects of lovastatin on adenylyl cyclase activity and G proteins in GH4C1 cells. FEBS Lett. 1995 Mar 13;361(1):46-50. | https://go.drugbank.com/articles/A174568 || reference-A174580: Henwood JM, Heel RC: Lovastatin. A preliminary review of its pharmacodynamic properties and therapeutic use in hyperlipidaemia. Drugs. 1988 Oct;36(4):429-54. doi: 10.2165/00003495-198836040-00003. | https://go.drugbank.com/articles/A174580 || reference-A174583: Lennernas H, Fager G: Pharmacodynamics and pharmacokinetics of the HMG-CoA reductase inhibitors. Similarities and differences. Clin Pharmacokinet. 1997 May;32(5):403-25. doi: 10.2165/00003088-199732050-00005. | https://go.drugbank.com/articles/A174583 || reference-A414: Whirl-Carrillo M, McDonagh EM, Hebert JM, Gong L, Sangkuhl K, Thorn CF, Altman RB, Klein TE: Pharmacogenomics knowledge for personalized medicine. Clin Pharmacol Ther. 2012 Oct;92(4):414-7. doi: 10.1038/clpt.2012.96. | https://go.drugbank.com/articles/A414 || reference-A174586: Lamson M, Phillips G, Shen J, Lukacsko P, Friedhoff L, Niecestro RM: Pharmacokinetics of lovastatin extended-release dosage form (Lovastatin XL) in healthy volunteers. Biopharm Drug Dispos. 2002 May;23(4):143-9. doi: 10.1002/bdd.304. | https://go.drugbank.com/articles/A174586 || reference-A35026: Neuvonen PJ, Backman JT, Niemi M: Pharmacokinetic comparison of the potential over-the-counter statins simvastatin, lovastatin, fluvastatin and pravastatin. Clin Pharmacokinet. 2008;47(7):463-74. doi: 10.2165/00003088-200847070-00003. | https://go.drugbank.com/articles/A35026 || reference-A174589: Greenspan MD, Yudkovitz JB, Alberts AW, Argenbright LS, Arison BH, Smith JL: Metabolism of lovastatin by rat and human liver microsomes in vitro. Drug Metab Dispos. 1988 Sep-Oct;16(5):678-82. | https://go.drugbank.com/articles/A174589 || reference-A15320: Draganov DI, Stetson PL, Watson CE, Billecke SS, La Du BN: Rabbit serum paraoxonase 3 (PON3) is a high density lipoprotein-associated lactonase and protects low density lipoprotein against oxidation. J Biol Chem. 2000 Oct 27;275(43):33435-42. | https://go.drugbank.com/articles/A15320 || reference-A181421: Moghadasian MH: Clinical pharmacology of 3-hydroxy-3-methylglutaryl coenzyme A reductase inhibitors. Life Sci. 1999;65(13):1329-37. doi: 10.1016/s0024-3205(99)00199-x. | https://go.drugbank.com/articles/A181421 || reference-A181087: Anderson TJ, Gregoire J, Pearson GJ, Barry AR, Couture P, Dawes M, Francis GA, Genest J Jr, Grover S, Gupta M, Hegele RA, Lau DC, Leiter LA, Lonn E, Mancini GB, McPherson R, Ngui D, Poirier P, Sievenpiper JL, Stone JA, Thanassoulis G, Ward R: 2016 Canadian Cardiovascular Society Guidelines for the Management of Dyslipidemia for the Prevention of Cardiovascular Disease in the Adult. Can J Cardiol. 2016 Nov;32(11):1263-1282. doi: 10.1016/j.cjca.2016.07.510. Epub 2016 Jul 25. | https://go.drugbank.com/articles/A181087 || reference-A181406: Grundy SM, Stone NJ: 2018 American Heart Association/American College of Cardiology Multisociety Guideline on the Management of Blood Cholesterol: Primary Prevention. JAMA Cardiol. 2019 Apr 10. pii: 2730287. doi: 10.1001/jamacardio.2019.0777. | https://go.drugbank.com/articles/A181406 || reference-A181084: Kreatsoulas C, Anand SS: The impact of social determinants on cardiovascular disease. Can J Cardiol. 2010 Aug-Sep;26 Suppl C:8C-13C. doi: 10.1016/s0828-282x(10)71075-8. | https://go.drugbank.com/articles/A181084 || reference-A181553: Kannel WB, Castelli WP, Gordon T, McNamara PM: Serum cholesterol, lipoproteins, and the risk of coronary heart disease. The Framingham study. Ann Intern Med. 1971 Jan;74(1):1-12. doi: 10.7326/0003-4819-74-1-1. | https://go.drugbank.com/articles/A181553 || reference-A181090: Authors unspecified: Prevention of cardiovascular events and death with pravastatin in patients with coronary heart disease and a broad range of initial cholesterol levels. N Engl J Med. 1998 Nov 5;339(19):1349-57. doi: 10.1056/NEJM199811053391902. | https://go.drugbank.com/articles/A181090 || reference-A181093: Cannon CP, Braunwald E, McCabe CH, Rader DJ, Rouleau JL, Belder R, Joyal SV, Hill KA, Pfeffer MA, Skene AM: Intensive versus moderate lipid lowering with statins after acute coronary syndromes. N Engl J Med. 2004 Apr 8;350(15):1495-504. doi: 10.1056/NEJMoa040583. Epub 2004 Mar 8. | https://go.drugbank.com/articles/A181093 || reference-A181096: Ridker PM, Danielson E, Fonseca FA, Genest J, Gotto AM Jr, Kastelein JJ, Koenig W, Libby P, Lorenzatti AJ, MacFadyen JG, Nordestgaard BG, Shepherd J, Willerson JT, Glynn RJ: Rosuvastatin to prevent vascular events in men and women with elevated C-reactive protein. N Engl J Med. 2008 Nov 20;359(21):2195-207. doi: 10.1056/NEJMoa0807646. Epub 2008 Nov 9. | https://go.drugbank.com/articles/A181096 || reference-A181427: Nicholls SJ, Ballantyne CM, Barter PJ, Chapman MJ, Erbel RM, Libby P, Raichlen JS, Uno K, Borgman M, Wolski K, Nissen SE: Effect of two intensive statin regimens on progression of coronary disease. N Engl J Med. 2011 Dec 1;365(22):2078-87. doi: 10.1056/NEJMoa1110874. Epub 2011 Nov 15. | https://go.drugbank.com/articles/A181427 || reference-A181475: Authors unspecified: MRC/BHF Heart Protection Study of cholesterol lowering with simvastatin in 20,536 high-risk individuals: a randomised placebo-controlled trial. Lancet. 2002 Jul 6;360(9326):7-22. doi: 10.1016/S0140-6736(02)09327-3. | https://go.drugbank.com/articles/A181475 || reference-A181538: Authors unspecified: Randomised trial of cholesterol lowering in 4444 patients with coronary heart disease: the Scandinavian Simvastatin Survival Study (4S) Lancet. 1994 Nov 19;344(8934):1383-9. | https://go.drugbank.com/articles/A181538 || reference-A181403: Taylor F, Huffman MD, Macedo AF, Moore TH, Burke M, Davey Smith G, Ward K, Ebrahim S: Statins for the primary prevention of cardiovascular disease. Cochrane Database Syst Rev. 2013 Jan 31;(1):CD004816. doi: 10.1002/14651858.CD004816.pub5. | https://go.drugbank.com/articles/A181403 || reference-A181397: Mihaylova B, Emberson J, Blackwell L, Keech A, Simes J, Barnes EH, Voysey M, Gray A, Collins R, Baigent C: The effects of lowering LDL cholesterol with statin therapy in people at low risk of vascular disease: meta-analysis of individual data from 27 randomised trials. Lancet. 2012 Aug 11;380(9841):581-90. doi: 10.1016/S0140-6736(12)60367-5. Epub 2012 May 17. | https://go.drugbank.com/articles/A181397 || reference-A181409: Adams SP, Sekhon SS, Wright JM: Lipid-lowering efficacy of rosuvastatin. Cochrane Database Syst Rev. 2014 Nov 21;(11):CD010254. doi: 10.1002/14651858.CD010254.pub2. | https://go.drugbank.com/articles/A181409 || reference-A181535: Pedersen TR, Faergeman O, Kastelein JJ, Olsson AG, Tikkanen MJ, Holme I, Larsen ML, Bendiksen FS, Lindahl C, Szarek M, Tsai J: High-dose atorvastatin vs usual-dose simvastatin for secondary prevention after myocardial infarction: the IDEAL study: a randomized controlled trial. JAMA. 2005 Nov 16;294(19):2437-45. doi: 10.1001/jama.294.19.2437. | https://go.drugbank.com/articles/A181535 || reference-A1793: Jones PH, Davidson MH, Stein EA, Bays HE, McKenney JM, Miller E, Cain VA, Blasetto JW: Comparison of the efficacy and safety of rosuvastatin versus atorvastatin, simvastatin, and pravastatin across doses (STELLAR* Trial). Am J Cardiol. 2003 Jul 15;92(2):152-60. | https://go.drugbank.com/articles/A1793 || reference-A181460: Elsby R, Hilgendorf C, Fenner K: Understanding the critical disposition pathways of statins to assess drug-drug interaction risk during drug development: it's not just about OATP1B1. Clin Pharmacol Ther. 2012 Nov;92(5):584-98. doi: 10.1038/clpt.2012.163. Epub 2012 Oct 10. | https://go.drugbank.com/articles/A181460 || reference-A31225: Jacobsen W, Kirchner G, Hallensleben K, Mancinelli L, Deters M, Hackbarth I, Benet LZ, Sewing KF, Christians U: Comparison of cytochrome P-450-dependent metabolism and drug interactions of the 3-hydroxy-3-methylglutaryl-CoA reductase inhibitors lovastatin and pravastatin in the liver. Drug Metab Dispos. 1999 Feb;27(2):173-9. | https://go.drugbank.com/articles/A31225 || reference-A181925: Bradford RH, Shear CL, Chremos AN, Dujovne CA, Franklin FA, Grillo RB, Higgins J, Langendorfer A, Nash DT, Pool JL, et al.: Expanded Clinical Evaluation of Lovastatin (EXCEL) study results: two-year efficacy and safety follow-up. Am J Cardiol. 1994 Oct 1;74(7):667-73. doi: 10.1016/0002-9149(94)90307-7. | https://go.drugbank.com/articles/A181925 || reference-A181424: Liao JK, Laufs U: Pleiotropic effects of statins. Annu Rev Pharmacol Toxicol. 2005;45:89-118. doi: 10.1146/annurev.pharmtox.45.120403.095748. | https://go.drugbank.com/articles/A181424 || reference-A181559: Weitz-Schmidt G, Welzenbach K, Brinkmann V, Kamata T, Kallen J, Bruns C, Cottens S, Takada Y, Hommel U: Statins selectively inhibit leukocyte function antigen-1 by binding to a novel regulatory integrin site. Nat Med. 2001 Jun;7(6):687-92. doi: 10.1038/89058. | https://go.drugbank.com/articles/A181559 || reference-A181937: Mahmoud AM, Aboul-Soud MA, Han J, Al-Sheikh YA, Al-Abd AM, El-Shemy HA: Transcriptional profiling of breast cancer cells in response to mevinolin: Evidence of cell cycle arrest, DNA degradation and apoptosis. Int J Oncol. 2016 May;48(5):1886-94. doi: 10.3892/ijo.2016.3418. Epub 2016 Mar 4. | https://go.drugbank.com/articles/A181937 || reference-A181943: Zhao G, Liu M, Wu X, Li G, Qiu F, Gu J, Zhao L: Effect of polymorphisms in CYP3A4, PPARA, NR1I2, NFKB1, ABCG2 and SLCO1B1 on the pharmacokinetics of lovastatin in healthy Chinese volunteers. Pharmacogenomics. 2017 Jan;18(1):65-75. doi: 10.2217/pgs.16.31. Epub 2016 Dec 14. | https://go.drugbank.com/articles/A181943 || reference-A181946: Tornio A, Vakkilainen J, Neuvonen M, Backman JT, Neuvonen PJ, Niemi M: SLCO1B1 polymorphism markedly affects the pharmacokinetics of lovastatin acid. Pharmacogenet Genomics. 2015 Aug;25(8):382-7. doi: 10.1097/FPC.0000000000000148. | https://go.drugbank.com/articles/A181946 || reference-A181955: Xiang Q, Chen SQ, Ma LY, Hu K, Zhang Z, Mu GY, Xie QF, Zhang XD, Cui YM: Association between SLCO1B1 T521C polymorphism and risk of statin-induced myopathy: a meta-analysis. Pharmacogenomics J. 2018 Dec;18(6):721-729. doi: 10.1038/s41397-018-0054-0. Epub 2018 Sep 24. | https://go.drugbank.com/articles/A181955 || reference-A15235: Lin YC, Lin JH, Chou CW, Chang YF, Yeh SH, Chen CC: Statins increase p21 through inhibition of histone deacetylase activity and release of promoter-associated HDAC1/2. Cancer Res. 2008 Apr 1;68(7):2375-83. doi: 10.1158/0008-5472.CAN-07-5807. | https://go.drugbank.com/articles/A15235 || reference-A182258: Harper CR, Jacobson TA: The broad spectrum of statin myopathy: from myalgia to rhabdomyolysis. Curr Opin Lipidol. 2007 Aug;18(4):401-8. doi: 10.1097/MOL.0b013e32825a6773. | https://go.drugbank.com/articles/A182258 || reference-T412: Acton A. (2013). Advances in Lovastatin Research and Application. ScholarlyBrief. || reference-T415: Loughlin K. and Generali J. (2006). Prescription Drugs: Alternative Uses, Alternative Cures. Free Press. [ISBN:0-7432-9925-6] | https://www.google.com/search?tbo=p&tbm=bks&q=0-7432-9925-6 || reference-L12561: FDA Approved Drug Products: Altoprev (lovastatin extended-release) oral tablets | https://www.accessdata.fda.gov/drugsatfda_docs/label/2020/021316s036lbl.pdf || reference-L12564: FDA Approved Drug Products: Mevacor (lovastatin) oral tablets | https://www.accessdata.fda.gov/drugsatfda_docs/label/2014/019643s088lbl.pdf || reference-F4661: FDA Label - Lovastatin | https://s3-us-west-2.amazonaws.com/drugbank/cite_this/attachments/files/000/004/661/original/FDA_Label_-_Lovastatin.pdf?1564095428 || reference-F4664: Health Canada Monograph - Lovastatin | https://s3-us-west-2.amazonaws.com/drugbank/cite_this/attachments/files/000/004/664/original/Health_Canada_Monograph_-_Lovastatin.PDF?1564095447"
atenolol,DB00335,"Atenolol is a synthetic beta-1 selective blocker used in the management of hypertension and chronic angina, and to reduce mortality in known or suspected myocardial infarction in hemodynamically stable patients.","Indicated for:<ref>Label</ref> <ref>1</ref>) Management of hypertension alone and in combination with other antihypertensives. <ref>2</ref>) Management of angina pectoris associated with coronary atherosclerosis. <ref>3</ref>) Management of acute myocardial infarction in hemodynamically stable patients with a heart rate greater than <ref>5</ref>0 beats per minutes and a systolic blood pressure above <ref>1</ref>00 mmHg. Off-label uses include: <ref>1</ref>) Secondary prevention of myocardial infarction.<ref>4</ref> <ref>2</ref>) Management of heart failure.<ref>3</ref> <ref>3</ref>) Management of atrial fibrillation.<ref>1</ref> <ref>4</ref>) Management of supraventricular tachycardia.<ref>5</ref> <ref>5</ref>) Management of ventricular arrythmias such as congenital long-QT and arrhythmogenic right ventricular cardiomyopathy.<ref>6</ref> <ref>6</ref>) Management of symptomatic thyrotoxicosis in combination with methimazole.<ref>2</ref> <ref>7</ref>) Prophylaxis of migraine headaches.<ref>7</ref> 8) Management of alcohol withdrawal.<ref>8</ref>,<ref>9</ref>","Atenolol is a cardioselective beta-blocker, called such because it selectively binds to the β1-adrenergic receptor as an antagonist up to a reported 26 fold more than β2 receptors.<ref>15</ref> Selective activity at the β1 receptor produces cardioselectivity due to the higher population of this receptor in cardiac tissue. Some binding to β2 and possibly β3 receptors can still occur at therapeutic dosages but the effects mediated by antagonizing these are significantly reduced from those of non-selective agents. β1 and β2 receptors are Gs coupled therefore antagonism of their activation reduces activity of adenylyl cyclase and its downstream signalling via cyclic adenosime monophosphate and protein kinase A (PKA).
In cardiomyocytes PKA is thought to mediate activation of L-type calcium channels and ryanodine receptors through their phosphorylation.<ref>16</ref> L-type calcium channels can then provide an initial rise in intracellular calcium and trigger the ryanodine receptors to release calcium stored in the sarcoplasmic reticulum (SR) and increased contractility. PKA also plays a role in the cessation of contraction by phosphorylating phospholamban which in turn increases the affinity of SR Ca2+ ATPase to increase reuptake of calcium into the SR. It also phophorylates troponin I to reduce affinity of the protein for calcium. Both of these events lead to a reduction in contraction which, when coupled with the initial increase in contraction, allows for faster cycling and consequently higher heart rate with increased contractility. L-type calcium channels are also a major contributor to cardiac depolarization and their activation can increase frequency of action potentials and possibly the incidence of ectopic potentials.<ref>17</ref>
Similar inihibitory events occur in the bronchial smooth muscle to mediate relaxation including phosphorylation of myosin light-chain kinase, reducing its affinity for calcium.<ref>18</ref> PKA also inhibits the excitatory Gq coupled pathway by phosphorylating the inositol trisphosphate receptor and phospholipase C resulting in inhibition of intracellular calcium release. Antagonism of this activity by beta-blocker agents like atenolol can thus cause increased bronchoconstriction.","Atenolol is a cardio-selective beta-blocker and as such exerts most of its effects on the heart.<ref><ref><ref><ref><ref>Label</ref></ref></ref></ref></ref> It acts as an antagonist to sympathetic innervation and prevents increases in heart rate, electrical conductivity, and contractility in the heart due to increased release of norepinephrine from the peripheral nervous system.<ref><ref><ref><ref><ref>Label</ref></ref></ref></ref></ref>,<ref><ref>24</ref></ref>,<ref>14</ref> Together the decreases in contractility and rate produce a reduction in cardiac output resulting in a compensatory increase in peripheral vascular resistance in the short-term. This response later declines to baseline with long-term use of atenolol. More importantly, this reduction in the work demanded of the myocardium also reduces oxygen demand which provides therapeutic benefit by reducing the mismatch of oxygen supply and demand in settings where coronary blood flow is limited, such as in coronary atherosclerosis. Reducing oxygen demand, particularly due to exercise, can reduce the frequency of angina pectoris symptoms and potentially improve survival of the remaining myocardium after myocardial infarction. The decrease in rate of sinoatrial node potentials, electrical conduction, slowing of potentials traveling through the atrioventricular node, and reduced frequency of ectopic potentials due to blockade of adrenergic beta receptors has led to benefit in arrhythmic conditions such as atrial fibrillation by controlling the rate of action potential generation and allowing for more effective coordinated contractions. Since a degree of sympathetic activity is necessary to maintain cardiac function, the reduced contractility induced by atenolol may precipitate or worsen heart failure, especially during volume overload.<ref><ref><ref><ref><ref>Label</ref></ref></ref></ref></ref>
The effects of atenolol on blood pressure have been established, although it is less effective than alternative beta-blockers, but the mechanism has not yet been characterized.<ref><ref><ref><ref><ref>Label</ref></ref></ref></ref></ref>,<ref><ref>24</ref></ref> As a β1 selective drug, it does not act via the vasodilation produced by non-selective agents.<ref><ref>24</ref></ref> Despite this there is a sustained reduction in peripheral vascular resistance, and consequently blood pressure, alongside a decrease in cardiac output. It is thought that atenolol's antihypertensive activity may be related to action on the central nervous system (CNS) or it's inhibition of the renin-aldosterone-angiotensin system rather than direct effects on the vasculature.<ref><ref><ref><ref><ref>Label</ref></ref></ref></ref></ref>
Atenolol produces CNS effects similar to other beta-blockers, but does so to a lesser extent due to reduces ability to cross the blood-brain barrier.<ref><ref>24</ref></ref> It has the potential to produce fatigue, depression, and sleep disturbances such as nightmares or insomnia.<ref><ref><ref><ref><ref>Label</ref></ref></ref></ref></ref>,<ref><ref>24</ref></ref> The exact mechanisms behind these have not been characterized but their occurrence must be considered as they represent clinically relevant adverse effects.
Atenolol exerts some effects on the respiratory system although to a much lesser extent than non-selective beta-blockers.<ref><ref><ref><ref><ref>Label</ref></ref></ref></ref></ref> Interaction with β2 receptors in the airways can produce bronchoconstriction by blocking the relaxation of bronchial smooth muscle mediated by the sympathetic nervous system.<ref><ref>24</ref></ref> The same action can interfere with β-agonist therapies used in asthma and chronic obstructive pulmonary disease.<ref><ref><ref><ref><ref>Label</ref></ref></ref></ref></ref>,14,<ref><ref>24</ref></ref>
Unlike some other beta-blocker drugs, atenolol does not have intrinsic sympathomimetic or membrane stabilizing activity nor does it produce changes in glycemic control.<ref><ref><ref><ref><ref>Label</ref></ref></ref></ref></ref>","Approximately 50% of an oral dose is absorbed from the gastrointestinal tract, with the remainder being excreted unchanged in the feces.<ref>Label</ref> Administering atenolol with food can decrease the AUC by about 20%.<ref>10</ref> While atenolol can cross the blood-brain barrier, it does so slowly and to a small extent.","Total Vd of 63.8-112.5 L. Atenolol distributes into a central volume of 12.8-17.5 L along with two peripheral compartments with a combined volume of 51-95 L.<ref>10</ref> Distribution takes about 3 hrs for the central compartment, 4 hrs for the shallower peripheral compartment, and 5-6 hrs for the deeper peripheral compartment.",6-16% bound in plasma.<ref>Label</ref> Atenolol binds to two sites on human serum albumin.<ref>12</ref>,"Minimal metabolism in the liver.<ref>Label</ref> The sole non-conjugated metabolite is the product of a hydroxylation reaction at the carbon between the amide and benzene groups.<ref>11</ref> The only other metabolite to be confirmed is a glucuronide conjugate. These metabolites make up 5-8% and 2% of the renally excreted dose with 87-90% appearing as unchanged drug. The hydroxylated metabolite is exerts 1/10th the beta-blocking activity of atenolol.
Hover over products below to view reaction partners
Atenolol
M1 (Atenolol)
Atenolol-glucuronide conjugate","85% is eliminated by the kidneys following IV administration with 10% appearing in the feces.<ref>Label</ref>,<ref>10</ref>",6-7 hrs.<ref>Label</ref>,Total clearance is estimated at 97.3-176.3 mL/min with a renal clearance of 95-168 mL/min.<ref>10</ref>,"LD50 Values
Mouse: 2 g/kg (Oral), 57 mg/kg (IV), 134 mg/kg (IP), 400 mg/kg (SC)<ref><ref>26</ref></ref>
Rat: 2 g/kg (Oral), 77 mg/kg (IV), 600 mg/kg (SC)<ref><ref>26</ref></ref>
Rabbit: 50 mg/kg (IV)<ref><ref>26</ref></ref>
Carcinogenicity & Mutagenicity
Studies in rats and mice at doses of 300 mg/kg/day, equivalent to 150 times maximum recommended human dose, for durations of 18 and 24 months showed no carcinogenicity.<ref><ref><ref><ref>Label</ref></ref></ref></ref> One study in rats at doses of 500-1500 mg/kg/day, <ref>25</ref>0-750 times maximum human dose, resulted in increases benign adrenal medullary tumors in both sexes and increase mammary fibroadenomas in females.
Atenolol showed no mutagenicity in the Ames test using S. typhinarium, dominant lethal test in mice, or in vivo cytogenetics test in chinese hamster ovary cells.<ref><ref><ref><ref>Label</ref></ref></ref></ref>
Reproductive Toxicity
No adverse effects on fertility were observed in either male or female mice after receiving doses of 200 mg/kg/day, equivalent to 200 times the maximum human dose. In humans, atenolol is known to cross the placenta and fetuses exposed to the drug have been reported to be smaller than expected considering gestational age. Embryo-fetal resorption has been observed in rats at doses of 50mg/kg/day, 50 times the max human dose, but not in rabbits at doses of <ref>25</ref>mg/kg/day.<ref><ref><ref><ref>Label</ref></ref></ref></ref>
Lactation
Atenolol appears in breast milk at a ratio of 1.5-6.8 to plasma concentrations.<ref><ref><ref><ref>Label</ref></ref></ref></ref> It has been estimated that infant exposure occurs at 5.7-19.2% maternal weight-adjusted dosage.<ref>25</ref> Effects in infants include bradycardia, hypothermia, and lethargy.","reference-A178141: January CT, Wann LS, Calkins H, Field ME, Chen LY, Furie KL, Cigarroa JE, Heidenreich PA, Cleveland JC Jr, Murray KT, Ellinor PT, Shea JB, Ezekowitz MD, Tracy CM, Yancy CW: 2019 AHA/ACC/HRS Focused Update of the 2014 AHA/ACC/HRS Guideline for the Management of Patients With Atrial Fibrillation: A Report of the American College of Cardiology/American Heart Association Task Force on Clinical Practice Guidelines and the Heart Rhythm Society. Heart Rhythm. 2019 Jan 28. pii: S1547-5271(19)30037-2. doi: 10.1016/j.hrthm.2019.01.024. | https://go.drugbank.com/articles/A178141 || reference-A178147: Ross DS, Burch HB, Cooper DS, Greenlee MC, Laurberg P, Maia AL, Rivkees SA, Samuels M, Sosa JA, Stan MN, Walter MA: 2016 American Thyroid Association Guidelines for Diagnosis and Management of Hyperthyroidism and Other Causes of Thyrotoxicosis. Thyroid. 2016 Oct;26(10):1343-1421. doi: 10.1089/thy.2016.0229. | https://go.drugbank.com/articles/A178147 || reference-A178153: Ezekowitz JA, O'Meara E, McDonald MA, Abrams H, Chan M, Ducharme A, Giannetti N, Grzeslo A, Hamilton PG, Heckman GA, Howlett JG, Koshman SL, Lepage S, McKelvie RS, Moe GW, Rajda M, Swiggum E, Virani SA, Zieroth S, Al-Hesayen A, Cohen-Solal A, D'Astous M, De S, Estrella-Holder E, Fremes S, Green L, Haddad H, Harkness K, Hernandez AF, Kouz S, LeBlanc MH, Masoudi FA, Ross HJ, Roussin A, Sussex B: 2017 Comprehensive Update of the Canadian Cardiovascular Society Guidelines for the Management of Heart Failure. Can J Cardiol. 2017 Nov;33(11):1342-1433. doi: 10.1016/j.cjca.2017.08.022. Epub 2017 Sep 6. | https://go.drugbank.com/articles/A178153 || reference-A178156: Mancini GB, Gosselin G, Chow B, Kostuk W, Stone J, Yvorchuk KJ, Abramson BL, Cartier R, Huckell V, Tardif JC, Connelly K, Ducas J, Farkouh ME, Gupta M, Juneau M, O'Neill B, Raggi P, Teo K, Verma S, Zimmermann R: Canadian Cardiovascular Society guidelines for the diagnosis and management of stable ischemic heart disease. Can J Cardiol. 2014 Aug;30(8):837-49. doi: 10.1016/j.cjca.2014.05.013. Epub 2014 May 28. | https://go.drugbank.com/articles/A178156 || reference-A178162: Page RL, Joglar JA, Caldwell MA, Calkins H, Conti JB, Deal BJ, Estes NAM 3rd, Field ME, Goldberger ZD, Hammill SC, Indik JH, Lindsay BD, Olshansky B, Russo AM, Shen WK, Tracy CM, Al-Khatib SM: 2015 ACC/AHA/HRS Guideline for the Management of Adult Patients With Supraventricular Tachycardia: A Report of the American College of Cardiology/American Heart Association Task Force on Clinical Practice Guidelines and the Heart Rhythm Society. J Am Coll Cardiol. 2016 Apr 5;67(13):e27-e115. doi: 10.1016/j.jacc.2015.08.856. Epub 2015 Sep 24. | https://go.drugbank.com/articles/A178162 || reference-A178168: Al-Khatib SM, Stevenson WG, Ackerman MJ, Bryant WJ, Callans DJ, Curtis AB, Deal BJ, Dickfeld T, Field ME, Fonarow GC, Gillis AM, Granger CB, Hammill SC, Hlatky MA, Joglar JA, Kay GN, Matlock DD, Myerburg RJ, Page RL: 2017 AHA/ACC/HRS Guideline for Management of Patients With Ventricular Arrhythmias and the Prevention of Sudden Cardiac Death. Circulation. 2018 Sep 25;138(13):e272-e391. doi: 10.1161/CIR.0000000000000549. | https://go.drugbank.com/articles/A178168 || reference-A178171: Jackson JL, Cogbill E, Santana-Davila R, Eldredge C, Collier W, Gradall A, Sehgal N, Kuester J: A Comparative Effectiveness Meta-Analysis of Drugs for the Prophylaxis of Migraine Headache. PLoS One. 2015 Jul 14;10(7):e0130733. doi: 10.1371/journal.pone.0130733. eCollection 2015. | https://go.drugbank.com/articles/A178171 || reference-A178174: Horwitz RI, Gottlieb LD, Kraus ML: The efficacy of atenolol in the outpatient management of the alcohol withdrawal syndrome. Results of a randomized clinical trial. Arch Intern Med. 1989 May;149(5):1089-93. | https://go.drugbank.com/articles/A178174 || reference-A178177: Kraus ML, Gottlieb LD, Horwitz RI, Anscher M: Randomized clinical trial of atenolol in patients with alcohol withdrawal. N Engl J Med. 1985 Oct 10;313(15):905-9. doi: 10.1056/NEJM198510103131501. | https://go.drugbank.com/articles/A178177 || reference-A178180: Kirch W, Gorg KG: Clinical pharmacokinetics of atenolol--a review. Eur J Drug Metab Pharmacokinet. 1982;7(2):81-91. doi: 10.1007/BF03188723. | https://go.drugbank.com/articles/A178180 || reference-A178204: Reeves PR, McAinsh J, McIntosh DA, Winrow MJ: Metabolism of atenolol in man. Xenobiotica. 1978 May;8(5):313-20. doi: 10.3109/00498257809060956. | https://go.drugbank.com/articles/A178204 || reference-A178210: Niaei N, Hasanzadeh M, Shadjou N: Molecular interaction of some cardiovascular drugs with human serum albumin at physiological-like conditions: A new approach. J Mol Recognit. 2018 Aug;31(8):e2715. doi: 10.1002/jmr.2715. Epub 2018 Apr 6. | https://go.drugbank.com/articles/A178210 || reference-A178255: Baker JG, Wilcox RG: beta-Blockers, heart disease and COPD: current controversies and uncertainties. Thorax. 2017 Mar;72(3):271-276. doi: 10.1136/thoraxjnl-2016-208412. Epub 2016 Dec 7. | https://go.drugbank.com/articles/A178255 || reference-A178258: Frishman WH: beta-Adrenergic blockade in cardiovascular disease. J Cardiovasc Pharmacol Ther. 2013 Jul;18(4):310-9. doi: 10.1177/1074248413484986. Epub 2013 Apr 30. | https://go.drugbank.com/articles/A178258 || reference-A178372: Abrahamsson T, Ek B, Nerme V: The beta 1- and beta 2-adrenoceptor affinity of atenolol and metoprolol. A receptor-binding study performed with different radioligands in tissues from the rat, the guinea pig and man. Biochem Pharmacol. 1988 Jan 15;37(2):203-8. | https://go.drugbank.com/articles/A178372 || reference-A178396: Salazar NC, Chen J, Rockman HA: Cardiac GPCRs: GPCR signaling in healthy and failing hearts. Biochim Biophys Acta. 2007 Apr;1768(4):1006-18. doi: 10.1016/j.bbamem.2007.02.010. Epub 2007 Feb 20. | https://go.drugbank.com/articles/A178396 || reference-A178405: Priest BT, McDermott JS: Cardiac ion channels. Channels (Austin). 2015;9(6):352-9. doi: 10.1080/19336950.2015.1076597. Epub 2015 Aug 20. | https://go.drugbank.com/articles/A178405 || reference-A178408: Billington CK, Penn RB: Signaling and regulation of G protein-coupled receptors in airway smooth muscle. Respir Res. 2003;4:2. Epub 2003 Mar 14. | https://go.drugbank.com/articles/A178408 || reference-A178429: Wachter SB, Gilbert EM: Beta-adrenergic receptors, from their discovery and characterization through their manipulation to beneficial clinical application. Cardiology. 2012;122(2):104-12. doi: 10.1159/000339271. Epub 2012 Jul 3. | https://go.drugbank.com/articles/A178429 || reference-A235850: Wiysonge CS, Bradley HA, Volmink J, Mayosi BM: Cochrane corner: beta-blockers for hypertension. Heart. 2018 Feb;104(4):282-283. doi: 10.1136/heartjnl-2017-311585. Epub 2017 Jul 29. | https://go.drugbank.com/articles/A235850 || reference-A235855: Wiysonge C, Bradley H, Volmink J, Mayosi B, Opie L: Beta‐blockers for hypertension Cochrane Database of Systematic Reviews. | https://go.drugbank.com/articles/A235855 || reference-A235860: Carlberg B, Samuelsson O, Lindholm LH: Atenolol in hypertension: is it a wise choice? Lancet. 2004 Nov 6-12;364(9446):1684-9. doi: 10.1016/S0140-6736(04)17355-8. | https://go.drugbank.com/articles/A235860 || reference-A235865: Kuyper LM, Khan NA: Atenolol vs nonatenolol beta-blockers for the treatment of hypertension: a meta-analysis. Can J Cardiol. 2014 May;30(5 Suppl):S47-53. doi: 10.1016/j.cjca.2014.01.006. Epub 2014 Jan 15. | https://go.drugbank.com/articles/A235865 || reference-T116: Thomas C. Westfall; Heather Macarthur; David P. Westfall (2018). 12. In Goodman & Gilman's: The Pharmacological Basis of Therapeutics (13th ed.). McGraw-Hill Education. [ISBN:978-1-25-958473-2] | https://www.google.com/search?tbo=p&tbm=bks&q=978-1-25-958473-2 || reference-L6313: LactMed: Atenolol | http://toxnet.nlm.nih.gov/cgi-bin/sis/search2/r?dbs+lactmed:@term+@DOCNO+283 || reference-L6316: ChemIDplus: Atenolol | https://chem.nlm.nih.gov/chemidplus/rn/29122-68-7 || reference-L12804: FDA Approved Products: Tenormin (atenolol) oral tablets | https://www.accessdata.fda.gov/drugsatfda_docs/label/2012/018240s032lbl.pdf"
diuretics,,,,,,,,,,,,,,
amlodipine,DB00381,Amlodipine is a calcium channel blocker used to treat hypertension and angina.,Amlodipine may be used alone or in combination with other antihypertensive and antianginal agents for the treatment of the following conditions <ref>Label</ref>: • Hypertension • Coronary artery disease • Chronic stable angina • Vasospastic angina (Prinzmetal’s or Variant angina) • Angiographically documented coronary artery disease in patients without heart failure or an ejection fraction < 40%,"Mechanism of action on blood pressure
Amlodipine is considered a peripheral arterial vasodilator that exerts its action directly on vascular smooth muscle to lead to a reduction in peripheral vascular resistance, causing a decrease in blood pressure. Amlodipine is a dihydropyridine calcium antagonist (calcium ion antagonist or slow-channel blocker) that inhibits the influx of calcium ions into both vascular smooth muscle and cardiac muscle. Experimental studies imply that amlodipine binds to both dihydropyridine and nondihydropyridine binding sites, located on cell membranes. The contraction of cardiac muscle and vascular smooth muscle are dependent on the movement of extracellular calcium ions into these cells by specific ion channels. Amlodipine blocks calcium ion influx across cell membranes with selectivity. A stronger effect of amlodipine is exerted on vascular smooth muscle cells than on cardiac muscle cells <ref>Label</ref>. Direct actions of amlodipine on vascular smooth muscle result in reduced blood pressure <ref><ref>10</ref></ref>.
Mechanism of action in angina
The exact mechanism by which amlodipine relieves the symptoms of angina have not been fully elucidated to this date, however, the mechanism of action is likely twofold:
Amlodipine has a dilating effect on peripheral arterioles, reducing the total peripheral resistance (afterload) against which the cardiac muscle functions. Since the heart rate remains stable during amlodipine administration, the reduced work of the heart reduces both myocardial energy use and oxygen requirements <ref><ref>10</ref></ref>.
Dilatation of the main coronary arteries and coronary arterioles, both in healthy and ischemic areas, is another possible mechanism of amlodipine reduction of blood pressure. The dilatation causes an increase in myocardial oxygen delivery in patients experiencing coronary artery spasm (Prinzmetal's or variant angina) and reduces coronary vasoconstriction caused by smoking <ref><ref>10</ref></ref>.","General pharmacodynamic effects
Amlodipine has a strong affinity for cell membranes, modulating calcium influx by inhibiting selected membrane calcium channels. This drug's unique binding properties allow for its long-acting action and less frequent dosing regimen <ref>1</ref>, <ref><ref><ref>Label</ref></ref></ref>.
Hemodynamic effects
After the administration of therapeutic doses of amlodipine to patients diagnosed with hypertension, amlodipine causes vasodilation, which results in a reduction of supine and standing blood pressure. During these blood pressure reductions, there are no clinically significant changes in heart rate or plasma catecholamine levels with long-term use. Acute intravenous administration of amlodipine reduces arterial blood pressure and increases heart rate in patients with chronic stable angina, however, chronic oral administration of amlodipine in clinical studies did not cause clinically significant alterations in heart rate or blood pressures in patients diagnosed with angina and normal blood pressure. With long-term, once daily oral administration, antihypertensive effectiveness is maintained for at least 24 hours <ref><ref><ref>Label</ref></ref></ref>.
Electrophysiologic effects
Amlodipine does not change sinoatrial (SA) nodal function or atrioventricular (AV) conduction in animals or humans. In patients who were diagnosed with chronic stable angina, the intravenous administration of <ref>1</ref>0 mg of amlodipine did not cause clinically significant alterations A-H and H-V conduction and sinus node recovery time after cardiac pacing. Patients administered amlodipine with concomitant beta-blockers produced similar results. In clinical trials in which amlodipine was given in combination with beta-blockers to patients diagnosed with hypertension or angina, no adverse effects on electrocardiographic parameters were noted. In clinical studies comprised of angina patients alone, amlodipine did not change electrocardiographic intervals or produce high degrees of AV block <ref><ref><ref>Label</ref></ref></ref>.
Effects on angina
Amlodipine relieves the symptoms of chest pain associated with angina. In patients diagnosed with angina, daily administration of a single amlodipine dose increases total exercise time, the time to angina onset, and the time to <ref>1</ref> mm ST-segment depression on ECG studies, decreases anginal attack frequency, and decreases the requirement for nitroglycerin tablets <ref>1</ref>0.",Amlodipine absorbed slowly and almost completely from the gastrointestinal tract. Peak plasma concentrations are achieved 6-12 hours after oral administration. The estimated bioavailability of amlodipine is 64-90%. Steady-state plasma amlodipine levels are achieved after 7-8 days of consecutive daily dosing. Absorption is not affected by food <ref>Label</ref>.,"21 L/kg <ref>5</ref>, <ref>6</ref>.","About 98% <ref>5</ref>, <ref>6</ref>.","Amlodipine is heavily (approximately 90%) converted to inactive metabolites via hepatic breakdown with 10% of the parent compound and 60% of the metabolites found excreted in the urine. Ex vivo studies have shown that about 93% of the circulating drug is bound to plasma proteins in hypertensive patients <ref>Label</ref>. Characteristics that add to amlodipine's unique pharmacologic profile include nearly complete absorption, late-peak plasma concentrations, high bioavailability, and slow hepatic breakdown <ref>2</ref>.
Hover over products below to view reaction partners
Amlodipine
Pyridine derivative
Pyridine derivatives","Elimination from the plasma occurs in a biphasic with a terminal elimination half-life of about 30–50 hours. Steady-state plasma levels of amlodipine are reached after 7-8 days of consecutive daily dosing <ref><ref>Label</ref></ref>. Amlodipine is <ref>10</ref>% excreted as unchanged drug in the urine. Amlodipine can be initiated at normal doses in patients diagnosed with renal failure <ref>10</ref>, <ref><ref>Label</ref></ref>.","The terminal elimination half-life of about 30–50 hours <ref><ref>Label</ref></ref>.
Plasma elimination half-life is 56 hours in patients with impaired hepatic function, titrate slowly when administering this drug to patients with severe hepatic impairment <ref><ref>Label</ref></ref>.","Total body clearance (CL) has been calculated as 7 ± 1.3 ml/min/kg (0.42 ± 0.078 L/ h/kg) in healthy volunteers <ref>5</ref>, <ref>6</ref>.
Elderly patients show a reduced clearance of amlodipine with an AUC (area under the curve) increase of about 40–<ref>6</ref>0%, and a lower initial dose may be required <ref>Label</ref>.","Acute oral toxicity (LD50): 37 mg/kg (mouse) <ref>MSDS</ref>.
Overdose
An overdose of amlodipine could result in a high degree of peripheral vasodilatation with a possibility of reflex tachycardia. Significant and prolonged hypotension leading to shock and fatal outcomes have been reported <ref><ref><ref><ref><ref><ref>Label</ref></ref></ref></ref></ref></ref>.
Carcinogenesis, mutagenesis, impairment of fertility
Rats and mice treated with amlodipine maleate in the diet on a long-term basis for up to 2 years demonstrated no evidence of a carcinogenic effect of the drug. For the mouse, the highest dose was comparable to the maximum recommended human dose of <ref>10</ref> mg amlodipine per day. For the rat, the highest dose was measured to be about twice the maximum recommended human dose <ref><ref><ref><ref><ref><ref>Label</ref></ref></ref></ref></ref></ref>.
Mutagenicity studies using amlodipine maleate showed no drug-related gene or chromosomal effects <ref><ref><ref><ref><ref><ref>Label</ref></ref></ref></ref></ref></ref>.
There was no impact on the fertility of rats given oral amlodipine maleate (males for 64 days and females for 14 days before mating) at doses up to <ref>10</ref> mg amlodipine/kg/day (8 times the maximum recommended human dose) <ref><ref><ref><ref><ref><ref>Label</ref></ref></ref></ref></ref></ref>.
Use in pregnancy
The safety of amlodipine in human pregnancy or lactation has not been proven. Amlodipine is therefore considered a pregnancy category C drug <ref>10</ref>. Use amlodipine only if the potential benefit justifies the potential risk <ref><ref><ref><ref><ref><ref>Label</ref></ref></ref></ref></ref></ref>.
Use in nursing
Discontinue when administering amlodipine <ref><ref><ref><ref><ref><ref>Label</ref></ref></ref></ref></ref></ref>.","reference-A573: Nayler WG, Gu XH: The unique binding properties of amlodipine: a long-acting calcium antagonist. J Hum Hypertens. 1991 Aug;5 Suppl 1:55-9. | https://go.drugbank.com/articles/A573 || reference-A574: van Zwieten PA: Amlodipine: an overview of its pharmacodynamic and pharmacokinetic properties. Clin Cardiol. 1994 Sep;17(9 Suppl 3):III3-6. | https://go.drugbank.com/articles/A574 || reference-A175321: Fares H, DiNicolantonio JJ, O'Keefe JH, Lavie CJ: Amlodipine in hypertension: a first-line agent with efficacy for improving blood pressure and patient outcomes. Open Heart. 2016 Sep 28;3(2):e000473. doi: 10.1136/openhrt-2016-000473. eCollection 2016. | https://go.drugbank.com/articles/A175321 || reference-A175324: Flynn JT, Nahata MC, Mahan JD Jr, Portman RJ: Population pharmacokinetics of amlodipine in hypertensive children and adolescents. J Clin Pharmacol. 2006 Aug;46(8):905-16. doi: 10.1177/0091270006289844. | https://go.drugbank.com/articles/A175324 || reference-A175327: Meredith PA, Elliott HL: Clinical pharmacokinetics of amlodipine. Clin Pharmacokinet. 1992 Jan;22(1):22-31. doi: 10.2165/00003088-199222010-00003. | https://go.drugbank.com/articles/A175327 || reference-A175336: Faulkner JK, McGibney D, Chasseaud LF, Perry JL, Taylor IW: The pharmacokinetics of amlodipine in healthy volunteers after single intravenous and oral doses and after 14 repeated oral doses given once daily. Br J Clin Pharmacol. 1986 Jul;22(1):21-5. | https://go.drugbank.com/articles/A175336 || reference-L9314: FDA Approved Drug Products: Amlodipine Oral Tablets | https://www.accessdata.fda.gov/drugsatfda_docs/label/2017/019787s062lbl.pdf || reference-L9317: FDA Approved Drug Products: Amlodipine Oral Suspension | https://www.accessdata.fda.gov/drugsatfda_docs/label/2019/211340s000lbl.pdf || reference-L53028: FDA Approved Drug Products: WIDAPLIK (telmisartan, amlodipine and indapamide) tablets, for oral use (June 2025) | https://www.accessdata.fda.gov/drugsatfda_docs/label/2025/219423s000lbl.pdf || reference-F3757: Apo amlodipine tablets, MedSafe NZ | https://s3-us-west-2.amazonaws.com/drugbank/cite_this/attachments/files/000/003/757/original/ApoAmlodipinetab_MedSafe_NZ.pdf?1551474087"
benazepril,DB00542,Benazepril is an ACE inhibitor prodrug used to treat hypertension.,Benazepril is indicated for the treatment of hypertension<ref>5</ref>. It may be used alone or in combination with thiazide diuretics<ref>Label</ref>.,"Benazeprilat, the active metabolite of Benazepril, competes with angiotensin I for binding at the angiotensin-converting enzyme, blocking the conversion of angiotensin I to angiotensin II<ref><ref><ref>Label</ref></ref></ref>. Inhibition of ACE results in decreased plasma angiotensin II<ref><ref><ref>Label</ref></ref></ref>. As angiotensin II is a vasoconstrictor and a negative-feedback mediator for renin activity, lower concentrations result in a decrease in blood pressure and stimulation of baroreceptor reflex mechanisms, which leads to decreased vasopressor activity and to decreased aldosterone secretion<ref><ref><ref>Label</ref></ref></ref>.","Benazepril, an angiotensin-converting enzyme (ACE) inhibitor, is a prodrug which, when hydrolyzed by esterases to its active Benazeprilat<ref>1</ref>, is used to treat hypertension and heart failure, to reduce proteinuria and renal disease in patients with nephropathies, and to prevent stroke, myocardial infarction, and cardiac death in high-risk patients<ref>5</ref>,<ref>3</ref>,<ref>2</ref>. Benazepril and Benazeprilat inhibit angiotensin-converting enzyme (ACE) in human subjects and animals5,<ref>1</ref>. ACE is a peptidyl dipeptidase that catalyzes the conversion of angiotensin I to the vasoconstrictor substance, angiotensin II<ref><ref>Label</ref></ref>. Angiotensin II also stimulates aldosterone secretion by the adrenal cortex<ref><ref>Label</ref></ref>.",Bioavailability of oral dosing is 3% to 4% in horses<ref>6</ref>. In humans at least 3<ref>7</ref>% of oral benazepril is absorbed and reaches peak plasma concentration in 0.5 hours to <ref>1</ref> hour<ref>7</ref>. Other studies have shown a peak plasma concentration at a median of <ref>1</ref>.5 hours<ref>1</ref>.,The final population pharmacokinetic model in one study estimated the volume of distribution to be 203±69.9L<ref>11</ref>.,Benazepril is 96.7% protein bound while benazeprilat is 95.3% protein bound<ref>Label</ref>.,"Cleavage of the ester group (primarily in the liver) converts benazepril to its active metabolite, benazeprilat<ref><ref>Label</ref></ref>. Benazepril and benazeprilat are conjugated to glucuronic acid prior to urinary excretion<ref><ref>Label</ref></ref>.
Hover over products below to view reaction partners
Benazepril
Benazeprilat","Benazepril and benazeprilat are cleared predominantly by renal excretion in healthy subjects with normal renal function<ref><ref>Label</ref></ref>. Nonrenal (i.e., biliary) excretion accounts for approximately 11%-12% of benazeprilat excretion in healthy subjects<ref><ref>Label</ref></ref>.",The half life of the prodrug benazepril is 2.7±8.5h<ref><ref>1</ref></ref>. The half life of the active metabolite benazeprilat is 22.3±9.2h<ref><ref>1</ref></ref> The accumulation half life of benazepril is <ref><ref>1</ref></ref>0 to <ref><ref>1</ref></ref><ref><ref>1</ref></ref> hours<ref>Label</ref><ref><ref>1</ref></ref>.,The final population pharmacokinetic model of one study estimates the clearance to be 129±30.0L<ref>11</ref>.,"The most common adverse effects include headache, dizziness, fatigue, somnolence, postural dizziness, nausea, and cough<ref><ref>Label</ref></ref>,<ref>4</ref>.
The most likely symptom of overdosage is severe hypotension<ref>Label</ref>.","reference-A836: Gengo FM, Brady E: The pharmacokinetics of benazepril relative to other ACE inhibitors. Clin Cardiol. 1991 Aug;14(8 Suppl 4):IV44-50; discussion IV51-5. | https://go.drugbank.com/articles/A836 || reference-A837: Hou FF, Zhang X, Zhang GH, Xie D, Chen PY, Zhang WR, Jiang JP, Liang M, Wang GB, Liu ZR, Geng RW: Efficacy and safety of benazepril for advanced chronic renal insufficiency. N Engl J Med. 2006 Jan 12;354(2):131-40. | https://go.drugbank.com/articles/A837 || reference-A838: Ishimitsu T, Akashiba A, Kameda T, Takahashi T, Ohta S, Yoshii M, Minami J, Ono H, Numabe A, Matsuoka H: Benazepril slows progression of renal dysfunction in patients with non-diabetic renal disease. Nephrology (Carlton). 2007 Jun;12(3):294-8. | https://go.drugbank.com/articles/A838 || reference-A839: MacNab M, Mallows S: Safety profile of benazepril in essential hypertension. Clin Cardiol. 1991 Aug;14(8 Suppl 4):IV33-7; discussion IV51-5. | https://go.drugbank.com/articles/A839 || reference-A840: Szekacs B, Vajo Z, Dachman W: Effect of ACE inhibition by benazepril, enalapril and captopril on chronic and post exercise proteinuria. Acta Physiol Hung. 1996;84(4):361-7. | https://go.drugbank.com/articles/A840 || reference-A176450: Serrano-Rodriguez JM, Gomez-Diez M, Esgueva M, Castejon-Riber C, Mena-Bravo A, Priego-Capote F, Ayala N, Caballero JMS, Munoz A: Pharmacokinetic/pharmacodynamic modeling of benazepril and benazeprilat after administration of intravenous and oral doses of benazepril in healthy horses. Res Vet Sci. 2017 Oct;114:117-122. doi: 10.1016/j.rvsc.2017.03.016. Epub 2017 Mar 28. | https://go.drugbank.com/articles/A176450 || reference-A176453: Balfour JA, Goa KL: Benazepril. A review of its pharmacodynamic and pharmacokinetic properties, and therapeutic efficacy in hypertension and congestive heart failure. Drugs. 1991 Sep;42(3):511-39. doi: 10.2165/00003495-199142030-00008. | https://go.drugbank.com/articles/A176453 || reference-L12009: FDA Approved Drug Products: Lotensin Benazepril Oral Tablets | https://www.accessdata.fda.gov/drugsatfda_docs/label/2019/019851s054lbl.pdf || reference-L33454: FDA Approved Drug Products: Lotensin HCT (lotensin hydrochloride/hydrochlorothiazide) tablets for oral use | https://www.accessdata.fda.gov/drugsatfda_docs/label/2020/020033s063lbl.pdf || reference-L36390: FDA Approved Drug Products: LOTREL (amlodipine and benazepril hydrochloride) capsules | https://www.accessdata.fda.gov/drugsatfda_docs/label/2021/020364Orig1s068lbl.pdf || reference-F4169: FDA Clinical Pharmacology and Biopharmaceutics Review: Lotensin | https://s3-us-west-2.amazonaws.com/drugbank/cite_this/attachments/files/000/004/169/original/019851s028_benazepril_Lotensin_ClinPharmReview.pdf?1553893301"
enalapril,DB00584,Enalapril is a prodrug of an ACE inhibitor used to treat hypertension and congestive heart failure.,"Indicated for the management of essential or renovascular hypertension <ref>10</ref> as monotherapy or in combination with other antihypertensive agents, such as thiazide diuretics, for an additive effect.<ref><ref><ref>Label</ref></ref></ref> Indicated for the treatment of symptomatic congestive heart failure, usually in combination with diuretics and digitalis.<ref><ref><ref>Label</ref></ref></ref> Indicated for the management of asymptomatic left ventricular dysfunction in patients with an ejection fraction of ≤ to 35 percent to decrease the rate of development of overt heart failure and the incidence of hospitalization for heart failure.<ref><ref><ref>Label</ref></ref></ref>","The renin-angiotensin-aldosterone system (RAAS) is a signaling pathway that works in synergism with the sympathetic system to regulate blood pressure and fluid and electrolyte homeostasis. Activation of this system upon stimulation by different factors, such as low blood pressure and nerve impulses, leads to increased release of norepinephrine (NE) from sympathetic nerve terminals and effects on the vascular growth, vasoconstriction, and salt retention in the kidneys.<ref><ref><ref>9</ref></ref></ref> Renin is released from Renin acts on the precursor prottein angiotensinogen, which is a plasma globulin synthesized from the liver, to produce cleaved peptide hormone angiotensin I.<ref><ref><ref>9</ref></ref></ref> Angiotensin I then can be further cleaved by ACE to produce angiotensin II, a vasoconstrictive peptide hormone.<ref><ref><ref><ref>Label</ref></ref></ref></ref> Present in different isoforms, angiotensin converting enzyme (ACE) is peptidyl dipeptidase enzyme expressed in various tissues, including the vascular tissues, such as the heart, brain, and kidneys.<ref><ref><ref>9</ref></ref></ref> ACE also plays a role in inactivation of bradykinin, a potent vasodepressor peptide.<ref><ref><ref>9</ref></ref></ref>,<ref><ref><ref><ref>Label</ref></ref></ref></ref> Angiotensin II mediates various actions on the body by working on its G-protein coupled receptors, AT1 and AT2.<ref><ref><ref>9</ref></ref></ref> It causes direct vasoconstriction of precapillary arterioles and postcapillary venules, inhibits the reuptake of NE thereby increasing available levels, stimulates the release of catecholamines from the adrenal medulla, reduces urinary excretion of sodium ions and water by promoting proximal tubular reabsorption, stimulates synthesis and release of aldosterone from the adrenal cortex, and stimulates hypertrophy of both vascular smooth muscle cells and cardiac myocytes.<ref>11</ref>
Enalapril is a pharmacologically inactive prodrug that requires hepatic biotransformation to form enalaprilat, its active metabolite that works on the RAAS to inhibit ACE.<ref><ref><ref><ref>Label</ref></ref></ref></ref> Biotransformation is critial for the therapeutic actions of the drug, as enalapril itself is only a weak inhibitor of ACE.<ref>4</ref> ACE inhibition results in reduced production and plasma levels of angiotensin II, increased plasma renin activity due to the loss of feedback inhibition by angiotensin II, and decreased aldosterone secretion.<ref>10</ref> However, plasma aldosterone levels usually return to normal during long-term administration of enalapril.<ref>7</ref> Decreased levels of angiotensin II subsequently leads to the dilatation of peripheral vessles and reduced vascular resistance which in turn lower blood pressure.<ref>7</ref> While inhibition of ACE leading to suppression of RAAS is thought to be the primary mechanism of action of enalapril, the drug was shown to still exert antihypertensive effects on individuals with low-renin hypertension. It is suggested that enalapril may mediate its pharmacological actions via other modes of action that are not fully understood.<ref><ref><ref><ref>Label</ref></ref></ref></ref> As ACE is structurally similar to kininase I, which is a carboxypeptidase that degrades bradykinin, whether increased levels of bradykinin play a role in the therapeutic effects of enalapril remains to be elucidated.<ref><ref><ref><ref>Label</ref></ref></ref></ref>","Enalapril is an antihypertensive agent that exhibits natriuretic and uricosuric properties. Enalapril lowers blood pressure in all grades of essential and renovascular hypertension, and peripheral vascular resistance without causing an increase in heart rate.<ref><ref><ref>6</ref></ref></ref> Individuals with low-renin hypertensive population were still responsive to enalapril.<ref>Label</ref> The duration of hypertensive effect in the systolic and diastolic blood pressure persists for at least <ref>2</ref>4 hours following initial administration of a single oral dose, and repeated daily administration of enalapril confers an additional reduction in blood pressure and a steady-state antihypertensive response may take several weeks.<ref>7</ref> In patients with severe congestive heart failure and inadequate clinical response to conventional antihypertensive therapies, treatment with enalapril resulted in improvements in cardiac performance as observed by a reduction in both preload and afterload, and improved clinical status long-term.<ref><ref><ref>6</ref></ref></ref> Furthermore, enalapril was shown to increase cardiac output and stroke volume while decreasing pulmonary capillary wedge pressure in patients with congestive heart failure refractory to conventional treatment with digitalis and diuretics. In clinical studies, enalapril reduced left ventricular mass, and did not affect cardiac function or myocardial perfusion during exercise.<ref><ref>5</ref></ref> Enalapril is not highly associated with the risk of bradycardia unlike most diuretics and beta-blockers <ref><ref><ref>6</ref></ref></ref> and it does not produce rebound hypertension upon discontinuation of therapy.<ref><ref>5</ref></ref>
Enalapril is not reported to produce hypokalaemia, hyperglycaemia, hyperuricaemia or hypercholesterolaemia. In the kidneys, enalapril was shown to increase renal blood flow and decrease renal vascular resistance. It also augmented the glomerular filtration rate in patients with a glomerular filtration rate less than 80 mL/min.<ref><ref>5</ref></ref> When used in combination, enalapril was shown to attenuate the extent of drug-induced hypokalemia caused by hydrochlorothiazide <ref><ref><ref>6</ref></ref></ref> and the antihypertensive effects of both drugs were potentiated.<ref>2</ref>","Following oral administration, the peak plasma concentrations (Cmax) of enalapril is achieved within <ref>1</ref> hour post dosing while the Cmax of enalaprilat occurs at three to four hours post dosing.<ref><ref>Label</ref></ref> The steady-state is achieved by the fourth daily dose and there is no accumulation with repeated dosing.<ref>5</ref> However, accumulation of enalaprilat may occur in patients with creatinine clearance less than 30 mL/min.<ref>4</ref> Food intake is reported to have a minimal effect on drug absorption.<ref>1</ref> Following oral administration, about 60% of enalapril was absorbed.<ref><ref>Label</ref></ref> Bioavailability of enalapril averaged about <ref>4</ref>0% when intravenous enalaprilat was used as a reference standard.<ref>2</ref>","The volume of distribution of enalapril has not been established. Enalaprilat is shown to penetrate into most tissuesm, in particular the kidneys and vascular tissuem, although penetration of the blood-brain barrier has not been demonstrated after administration at therapeutic doses.<ref>7</ref> In dog studies, enalapril and enalaprilat cross the blood-brain barrier poorly.<ref>10</ref> Minimal penetration occurs into breast milk but significant fetal transfer occurs.<ref>7</ref> The drug crosses the placental barrier in rats and hamsters.<ref>10</ref>","It is reported that less than 50% of enalaprilat is bound to human plasma proteins, based on limited data from binding studies of enalaprilat in human plasma both by equilibrium dialysis and by ultrafiltration.<ref>2</ref>,<ref>7</ref>","About 60% of the absorbed dose is extensively hydrolyzed to enalaprilat via de-esterification mediated by hepatic esterases.<ref>Label</ref> In humans, metabolism beyond bioactivation to enalaprilat is not observed.<ref>5</ref>
Hover over products below to view reaction partners
Enalapril
Enalaprilat","Enalapril is mainly eliminated through renal excretion, where approximately 94% of the total dose is excreted via urine or feces as either enalaprilat or unchanged parent compound.<ref><ref>Label</ref></ref> About 61% and 33% of the total dose can be recovered in the urine and feces, respectively.<ref>7</ref> In the urine, about 40% of the recovered dose is in the form of enalaprilat.<ref><ref>Label</ref></ref>",The average terminal half life of enalaprilat is 3<ref>5</ref>-38 hours. The effective half life following multiple doses is 11-14 hours. The prolonged terminal half-life is due to the binding of enalaprilat to ACE.<ref>5</ref>,"Following oral administration in healthy male volunteers, the renal clearance was approximately 15<ref>8</ref> ± 47 mL/min.<ref>8</ref> It is reported that enalapril and enalaprilat are undetectable in the plasma by 4 hours post-dosing.<ref>3</ref>","LD50 and Overdose
Oral LD50 in rats is 2973 mg/kg.<ref>MSDS</ref> Lethality was observed with single oral doses of enalapril above <ref><ref>10</ref></ref>00 mg/kg in mice and greater than or equal to 1775 mg/kg in rats. Serum enalaprilat levels <ref><ref>10</ref></ref>0- and 200-fold higher than usually seen after therapeutic doses have been reported after ingestion of 300 mg and 440 mg of enalapril, respectively.<ref><ref>10</ref></ref> While there is limited data about enalapril overdose in humans, overdosage may result in marked hypotension and stupor based on the pharmacological properties of the drug. Most common adverse effects of enalapril include cough, hypotension, stupor, headache, dizziness and fatigue. If hypotension is seen, usual treatment of intravenous infusion of normal saline solution is recommended. Enalaprilat may be removed from systemic circulation with the use of hemodialysis. It has been removed from neonatal circulation by peritoneal dialysis.<ref><ref><ref><ref>Label</ref></ref></ref></ref>
Nonclinical toxicology
Maternal and fetal toxicity occudred in some rabbits treated with enalapril at doses of 1 mg/kg/day or more. There was no fetotoxicity, expressed as a decrease in average fetal weight, or teratogenicity in rats treated with enalapril at doses up to 200 mg/kg/day, which is about 333 times the maximum human dose.<ref><ref>10</ref></ref> In mice and rats receiving enalapril at doses ranging from 90 to 180 mg/kg/day, there was no evidence of a tumorigenic effect. Neither enalapril or its active metabolite were shown to be mutagenic or genotoxic in in vitro and in vivo studies. There were no adverse effects on reproductive performance of male and female rats treated with up to 90 mg/kg/day of enalapril. <ref><ref><ref><ref>Label</ref></ref></ref></ref>
Use in special populations
Caution is warranted in patients who are concurrently using another ACE inhibitors with enalapril, as there have been incidences of agranulocytosis with the use of captopril, which is another ACE inhibitor. This adverse event may be particularly significant in patients with renal impairment or collagen vascular disease.<ref><ref><ref><ref>Label</ref></ref></ref></ref> As enalapril and enalaprilat were shown to be secreted in human milk in trace amounts, the use of enalaprilat in nursing women is not recommended.<ref><ref>10</ref></ref> Significant fetal transfer occurs with enalapril and enalaprilat thus the use of the drug in pregnant women should be strongly avoided. Caution is advised when enalapril is used in patients who are elderly or with renal impairment, as dosage adjustments may be appropriate. The antihypertensive effect of angiotensin converting enzyme inhibitors is generally lower in individuals of African descent, usually a low-renin hypertensive population.<ref><ref><ref><ref>Label</ref></ref></ref></ref>","reference-A179119: Swanson BN, Vlasses PH, Ferguson RK, Bergquist PA, Till AE, Irvin JD, Harris K: Influence of food on the bioavailability of enalapril. J Pharm Sci. 1984 Nov;73(11):1655-7. | https://go.drugbank.com/articles/A179119 || reference-A18459: Davies RO, Gomez HJ, Irvin JD, Walker JF: An overview of the clinical pharmacology of enalapril. Br J Clin Pharmacol. 1984;18 Suppl 2:215S-229S. | https://go.drugbank.com/articles/A18459 || reference-A179128: MacFadyen RJ, Meredith PA, Elliott HL: Enalapril clinical pharmacokinetics and pharmacokinetic-pharmacodynamic relationships. An overview. Clin Pharmacokinet. 1993 Oct;25(4):274-82. doi: 10.2165/00003088-199325040-00003. | https://go.drugbank.com/articles/A179128 || reference-A179131: Vlasses PH, Larijani GE, Conner DP, Ferguson RK: Enalapril, a nonsulfhydryl angiotensin-converting enzyme inhibitor. Clin Pharm. 1985 Jan-Feb;4(1):27-40. | https://go.drugbank.com/articles/A179131 || reference-A179134: Gomez HJ, Cirillo VJ, Irvin JD: Enalapril: a review of human pharmacology. Drugs. 1985;30 Suppl 1:13-24. doi: 10.2165/00003495-198500301-00004. | https://go.drugbank.com/articles/A179134 || reference-A179137: Todd PA, Heel RC: Enalapril. A review of its pharmacodynamic and pharmacokinetic properties, and therapeutic use in hypertension and congestive heart failure. Drugs. 1986 Mar;31(3):198-248. doi: 10.2165/00003495-198631030-00002. | https://go.drugbank.com/articles/A179137 || reference-A179140: Todd PA, Goa KL: Enalapril. A reappraisal of its pharmacology and therapeutic use in hypertension. Drugs. 1992 Mar;43(3):346-81. doi: 10.2165/00003495-199243030-00005. | https://go.drugbank.com/articles/A179140 || reference-A179146: Ulm EH, Hichens M, Gomez HJ, Till AE, Hand E, Vassil TC, Biollaz J, Brunner HR, Schelling JL: Enalapril maleate and a lysine analogue (MK-521): disposition in man. Br J Clin Pharmacol. 1982 Sep;14(3):357-62. doi: 10.1111/j.1365-2125.1982.tb01991.x. | https://go.drugbank.com/articles/A179146 || reference-T28: 22. (2012). In Rang and Dale's Pharmacology (7th ed., pp. 270-271). Edinburgh: Elsevier/Churchill Livingstone. [ISBN:978-0-7020-3471-8] | https://www.google.com/search?tbo=p&tbm=bks&q=978-0-7020-3471-8 || reference-L6586: Enalapril Oral Tablets - Product Monograph | https://pdf.hres.ca/dpd_pm/00035279.PDF || reference-L6619: Angiotensin Converting Enzyme Inhibitors (ACEI) - StatPearls | https://www.ncbi.nlm.nih.gov/books/NBK431051/ || reference-L10734: FDA Approved Drug Products: VASOTEC (enalapril maleate) tablets | https://www.accessdata.fda.gov/drugsatfda_docs/label/2018/018998s083lbl.pdf || reference-L36508: FDA Approved Drug Products: EPANED (enalapril maleate) solution | https://www.accessdata.fda.gov/drugsatfda_docs/label/2017/208686s002lbl.pdf || reference-L36523: FDA Approved Drug Products: LEXXEL (enalapril maleate and felodipine) tablets | https://www.accessdata.fda.gov/drugsatfda_docs/label/2005/020668s005lbl.pdf || reference-L36533: FDA Approved Drug Products: VASERETIC (enalapril maleate and hydrochlorothiazide) tablets | https://www.accessdata.fda.gov/drugsatfda_docs/label/2020/019221s050lbl.pdf"
apixaban,DB06605,"Apixaban is an anticoagulant used for the prophylaxis of stroke and systemic embolism in nonvalvular atrial fibrillation, and deep vein thrombosis(DVT) leading to pulmonary embolism(PE), including in patients after a hip or knee replacement surgery.","Apixaban is indicated for reducing the risk of stroke and systemic embolism in patients who have nonvalvular atrial fibrillation, prophylaxis of deep vein thrombosis(DVT) leading to pulmonary embolism(PE) in patients after a hip or knee replacement surgery, and treatment of DVT and PE to reduce the risk of recurrence<ref>Label</ref>,<ref>1</ref>,<ref>2</ref>.","Apixaban selectively inhibits factor Xa in its free and bound forms, independant of antithrombin III<ref><ref><ref>Label</ref></ref></ref>. Apixaban also inhibits prothrominase<ref><ref><ref>Label</ref></ref></ref>. These effects prevent the formation of a thrombus<ref><ref><ref>Label</ref></ref></ref>.","Apixaban selectively inhibits factor Xa in its free and bound forms, independant of antithrombin III<ref><ref><ref>Label</ref></ref></ref>. Apixaban also inhibits prothrominase<ref><ref><ref>Label</ref></ref></ref>. These effects prevent the formation of a thrombus<ref><ref><ref>Label</ref></ref></ref>.",Apixaban is approximately 50% bioavailable<ref>Label</ref> though other studies report 43-46% oral bioavailability<ref>1</ref>.,Approximately 21L<ref>Label</ref>.,92-94%<ref>Label</ref>.,"50% of the orally administered dose is excreted as the unchanged parent compound, however 25% of the dose is excreted as O-demethyl apixaban sulfate<ref><ref>Label</ref></ref>,<ref>1</ref>. All apixaban metabolites account for approximately 32% of the excreted dose though the structure of all metabolites are not well defined<ref>1</ref>. Apixaban is mainly metabolized by cytochrome p450(CYP)3A4 and to a lesser extent by CYP<ref>1</ref>A2, CYP2C8, CYP2C9, CYP2C<ref>1</ref>9, and CYP2J2<ref>Label</ref>.
Hover over products below to view reaction partners
Apixaban
Apixaban M2 metabolite","56% of an orally administered dose is recovered in the feces and 24.5-28.8% of the dose is recovered in the urine<ref>Label</ref>,<ref>1</ref>,<ref>2</ref>. 83-88% of the dose recovered in the urine was the unchanged parent compound<ref>1</ref>.","12.7±8.55h<ref>Label</ref>,<ref>1</ref>,<ref>2</ref>.",3.3L/h<ref>Label</ref> though other studies report 4876mL/h<ref>1</ref>.,"Animal studies have shown an increased risk of maternal bleeding during pregnancy but no increase in fetal malformations or fetal or maternal deaths<ref><ref><ref><ref><ref><ref><ref><ref><ref><ref><ref><ref>Label</ref></ref></ref></ref></ref></ref></ref></ref></ref></ref></ref></ref>. It is unknown if this animal data also translates to humans so apixaban should only be used in pregnancy if the benefits outweigh the risks<ref><ref><ref><ref><ref><ref><ref><ref><ref><ref><ref><ref>Label</ref></ref></ref></ref></ref></ref></ref></ref></ref></ref></ref></ref>. It is not know whether apixaban is safe and effective in labor and during birth, though animal studies have shown an increased rate of maternal bleeding<ref><ref><ref><ref><ref><ref><ref><ref><ref><ref><ref><ref>Label</ref></ref></ref></ref></ref></ref></ref></ref></ref></ref></ref></ref>. Animal studies in rats show apixaban excreted in milk, though it is not know if this also applies to humans<ref><ref><ref><ref><ref><ref><ref><ref><ref><ref><ref><ref>Label</ref></ref></ref></ref></ref></ref></ref></ref></ref></ref></ref></ref>. Nursing mothers should either stop breastfeeding or stop taking apixaban depending on the risk and benefit of each option<ref><ref><ref><ref><ref><ref><ref><ref><ref><ref><ref><ref>Label</ref></ref></ref></ref></ref></ref></ref></ref></ref></ref></ref></ref>. Studies to determine safety and effectiveness in pediatric patients have yet to be performed<ref><ref><ref><ref><ref><ref><ref><ref><ref><ref><ref><ref>Label</ref></ref></ref></ref></ref></ref></ref></ref></ref></ref></ref></ref>. Studies that involved geriatric patients (at least 75 years old) saw no difference in safety or effectiveness compared to younger patients, though geriatric patients at an especially advanced age may be more susceptible to adverse effects<ref><ref><ref><ref><ref><ref><ref><ref><ref><ref><ref><ref>Label</ref></ref></ref></ref></ref></ref></ref></ref></ref></ref></ref></ref>. Dosage adjustments for patients with end stage renal disease(ESRD) are based on estimates of pharmacokinetic principles and not clinical study<ref><ref><ref><ref><ref><ref><ref><ref><ref><ref><ref><ref>Label</ref></ref></ref></ref></ref></ref></ref></ref></ref></ref></ref></ref>. Patients with ESRD may experience pharmacodynamics similar to those seen in well controlled studies but it may not lead to the same clinical effects<ref><ref><ref><ref><ref><ref><ref><ref><ref><ref><ref><ref>Label</ref></ref></ref></ref></ref></ref></ref></ref></ref></ref></ref></ref>. Dosage adjustments are not necessary in mild hepatic impairment<ref><ref><ref><ref><ref><ref><ref><ref><ref><ref><ref><ref>Label</ref></ref></ref></ref></ref></ref></ref></ref></ref></ref></ref></ref>. In moderate hepatic impairment patients may already experience abnormalities in coagulation and so no dose recommendations are possible<ref><ref><ref><ref><ref><ref><ref><ref><ref><ref><ref><ref>Label</ref></ref></ref></ref></ref></ref></ref></ref></ref></ref></ref></ref>. Apixaban is not recommended for patients with severe hepatic impairment<ref><ref><ref><ref><ref><ref><ref><ref><ref><ref><ref><ref>Label</ref></ref></ref></ref></ref></ref></ref></ref></ref></ref></ref></ref>.","reference-A177565: Raghavan N, Frost CE, Yu Z, He K, Zhang H, Humphreys WG, Pinto D, Chen S, Bonacorsi S, Wong PC, Zhang D: Apixaban metabolism and pharmacokinetics after oral administration to humans. Drug Metab Dispos. 2009 Jan;37(1):74-81. doi: 10.1124/dmd.108.023143. Epub 2008 Oct 2. | https://go.drugbank.com/articles/A177565 || reference-A6897: Granger CB, Alexander JH, McMurray JJ, Lopes RD, Hylek EM, Hanna M, Al-Khalidi HR, Ansell J, Atar D, Avezum A, Bahit MC, Diaz R, Easton JD, Ezekowitz JA, Flaker G, Garcia D, Geraldes M, Gersh BJ, Golitsyn S, Goto S, Hermosillo AG, Hohnloser SH, Horowitz J, Mohan P, Jansky P, Lewis BS, Lopez-Sendon JL, Pais P, Parkhomenko A, Verheugt FW, Zhu J, Wallentin L: Apixaban versus warfarin in patients with atrial fibrillation. N Engl J Med. 2011 Sep 15;365(11):981-92. doi: 10.1056/NEJMoa1107039. Epub 2011 Aug 27. | https://go.drugbank.com/articles/A6897 || reference-L6043: FDA Drug Approval Package: Apixaban | https://www.accessdata.fda.gov/drugsatfda_docs/nda/2012/202155orig1s000toc.cfm"
carvedilol,DB01136,"Carvedilol is a non selective beta-adrenergic antagonist used to treat mild to severe chronic heart failure, hypertension, and left ventricular dysfunction following myocardial infarction in clinically stable patients.","Carvedilol is indicated to treat mild to severe heart failure, left ventricular dysfunction after myocardial infarction with ventricular ejection fraction ≤40%, or hypertension.<ref>5</ref>,<ref>6</ref>","Carvedilol inhibits exercise induced tachycardia through its inhibition of beta adrenoceptors.<ref>4</ref> Carvedilol's action on alpha-<ref>1</ref> adrenergic receptors relaxes smooth muscle in vasculature, leading to reduced peripheral vascular resistance and an overall reduction in blood pressure.<ref>1</ref>,<ref>4</ref> At higher doses, calcium channel blocking and antioxidant activity can also be seen.<ref>1</ref> The antioxidant activity of carvedilol prevents oxidation of low density lipoprotein and its uptake into coronary circulation.<ref>1</ref>","Carvedilol reduces tachycardia through beta adrenergic antagonism and lowers blood pressure through alpha-1 adrenergic antagonism.<ref>5</ref>,<ref>6</ref> It has a long duration of action as it is generally taken once daily and has a broad therapeutic index as patients generally take 10-80mg daily.<ref>5</ref>,<ref>6</ref> Patients taking carvedilol should not abruptly stop taking this medication as this may exacerbate coronary artery disease.<ref>5</ref>,<ref>6</ref>","Carvedilol has a bioavailability of 25-35%.<ref><ref><ref><ref><ref>4</ref></ref></ref></ref></ref>,<ref>5</ref>,<ref>6</ref> Carvedilol has a Tmax of 1 to 2 hours.<ref><ref><ref><ref>4</ref></ref></ref></ref> Taking carvedilol with a meal increases Tmax without increasing AUC.<ref><ref><ref><ref>4</ref></ref></ref></ref> Carvedilol doses of 50mg lead to a Cmax of 122-262µg/L and an AUC of 717-1600µg/L*h.<ref><ref><ref><ref>4</ref></ref></ref></ref> Carvedilol doses of 25mg lead to a Cmax of 2<ref><ref><ref><ref>4</ref></ref></ref></ref>-151µg/L and an AUC of 272-9<ref><ref><ref><ref>4</ref></ref></ref></ref>7µg/L*h.<ref><ref><ref><ref>4</ref></ref></ref></ref> Carvedilol doses of 12.5mg lead to a Cmax of 58-69µg/L and an AUC of 208-225µg/L*h.<ref><ref><ref><ref>4</ref></ref></ref></ref>",Carvedilol has a volume of distribution of 1.5-2L/kg<ref>4</ref> or 115L.<ref>6</ref>,"Carvedilol is 98% protein bound in plasma.<ref>5</ref>,<ref>6</ref> 95% of carvedilol is bound to serum albumin.<ref>4</ref>","Carvedilol can be hydroxlated at the 1 position by CYP<ref><ref>2</ref></ref>D6, CYP1A<ref><ref>2</ref></ref>, or CYP1A1 to form 1-hydroxypheylcarvedilol; at the 4 position by CYP<ref><ref>2</ref></ref>D6, CYP<ref><ref>2</ref></ref>E1, CYP<ref><ref>2</ref></ref>C9, or CYP<ref>3</ref>A4 to form 4'-hydroxyphenylcarvedilol; at the 5 position by CYP<ref><ref>2</ref></ref>D6, CYP<ref><ref>2</ref></ref>C9, or CYP<ref>3</ref>A4 to form 5'-hydroxyphenylcarvedilol; and at the 8 position by CYP1A<ref><ref>2</ref></ref>, CYP<ref>3</ref>A4, and CYP1A1 to form 8-hydroxycarbazolylcarvedilol.<ref><ref>2</ref></ref> Carvedilol can also be demethylated by CYP<ref><ref>2</ref></ref>C9, CYP<ref><ref>2</ref></ref>D6, CYP1A<ref><ref>2</ref></ref>, or CYP<ref><ref>2</ref></ref>E1 to form O-desmethylcarvedilol.<ref><ref>2</ref></ref> Carvedilol and its metabolites may undergo further sulfate conjugation or glucuronidation before elimination.<ref><ref>2</ref></ref> Carvedilol can be O-glucuronidated by UGT1A1, UGT<ref><ref>2</ref></ref>B4, and UGT<ref><ref>2</ref></ref>B7 to form carvedilol glucuronide.<ref>3</ref>
Hover over products below to view reaction partners
Carvedilol
8-Hydroxycarbazolylcarvedilol
4'-Hydroxyphenylcarvedilol
5'-Hydroxyphenylcarvedilol
O-Desmethylcarvedilol
1-Hydroxyphenylcarvedilol
Carvedilol Glucuronide","16% of carvedilol is excreted in the urine with <2% excreted as unmetabolized drug.<ref>4</ref> Carvedilol is primarily excreted in the bile and feces.<ref>5</ref>,<ref>6</ref>","The half life of carvedilol is between 7-10 hours, though significantly shorter half lives have also been reported.<ref>4</ref>,<ref>5</ref>,<ref>6</ref>","The plasma clearance of carvedilol has been reported as 0.52L/kg<ref>4</ref> or 500-700mL/min.<ref>5</ref>,<ref>6</ref>","Patients experiencing an overdose may present with hypotension, bradycardia, cardiac insufficiency, cardiogenic shock, and cardiac arrest.<ref>5</ref>,<ref>6</ref> Patients should remain in a supine position and may be given atropine for bradycardia and glucagon followed by sympathomimetics to support cardiovascular function.<ref>5</ref>,<ref>6</ref>","reference-A1929: Vanderhoff BT, Ruppel HM, Amsterdam PB: Carvedilol: the new role of beta blockers in congestive heart failure. Am Fam Physician. 1998 Nov 1;58(7):1627-34, 1641-2. | https://go.drugbank.com/articles/A1929 || reference-A39000: Oldham HG, Clarke SE: In vitro identification of the human cytochrome P450 enzymes involved in the metabolism of R(+)- and S(-)-carvedilol. Drug Metab Dispos. 1997 Aug;25(8):970-7. | https://go.drugbank.com/articles/A39000 || reference-A182303: Takekuma Y, Yagisawa K, Sugawara M: Mutual inhibition between carvedilol enantiomers during racemate glucuronidation mediated by human liver and intestinal microsomes. Biol Pharm Bull. 2012;35(2):151-63. doi: 10.1248/bpb.35.151. | https://go.drugbank.com/articles/A182303 || reference-A182306: Morgan T: Clinical pharmacokinetics and pharmacodynamics of carvedilol. Clin Pharmacokinet. 1994 May;26(5):335-46. doi: 10.2165/00003088-199426050-00002. | https://go.drugbank.com/articles/A182306 || reference-L7889: FDA Approved Drug Products: Carvedilol Oral Tablets | https://www.accessdata.fda.gov/drugsatfda_docs/label/2017/020297s038lbl.pdf || reference-L7892: FDA Approved Drug Products: Carvedilol Oral Extended Release Capsules | https://www.accessdata.fda.gov/drugsatfda_docs/label/2017/022012s022lbl.pdf"
hydralazine / isosorbide dinitrate,,,,,,,,,,,,,,
telmisartan,DB00966,"Telmisartan is an ARB used to treat hypertension, diabetic nephropathy, and congestive heart failure.","Used alone or in combination with other classes of antihypertensives for the treatment of hypertension.<ref>5</ref>[L<ref>5</ref>3028]. Also used in the treatment of diabetic nephropathy in hypertensive patients with type 2 diabetes mellitus, as well as the treatment of congestive heart failure (only in patients who cannot tolerate ACE inhibitors).<ref>4</ref>","Telmisartan interferes with the binding of angiotensin II to the angiotensin II AT1-receptor by binding reversibly and selectively to the receptors in vascular smooth muscle and the adrenal gland. As angiotensin II is a vasoconstrictor, which also stimulates the synthesis and release of aldosterone, blockage of its effects results in decreases in systemic vascular resistance. Telmisartan does not inhibit the angiotensin converting enzyme, other hormone receptors, or ion channels.<ref>5</ref> Studies also suggest that telmisartan is a partial agonist of PPARγ, which is an established target for antidiabetic drugs. This suggests that telmisartan can improve carbohydrate and lipid metabolism, as well as control insulin resistance without causing the side effects that are associated with full PPARγ activators.<ref>3</ref>","Telmisartan is an orally active nonpeptide angiotensin II antagonist that acts on the AT1 receptor subtype. It has the highest affinity for the AT1 receptor among commercially available ARBs and has minimal affinity for the AT2 receptor.<ref>5</ref> New studies suggest that telmisartan may also have PPARγ agonistic properties that could potentially confer beneficial metabolic effects, as PPARγ is a nuclear receptor that regulates specific gene transcription, and whose target genes are involved in the regulation of glucose and lipid metabolism, as well as anti-inflammatory responses. This observation is currently being explored in clinical trials.<ref>3</ref> Angiotensin II is formed from angiotensin I in a reaction catalyzed by angiotensin-converting enzyme (ACE, kininase II). Angiotensin II is the principal pressor agent of the renin-angiotensin system, with effects that include vasoconstriction, stimulation of synthesis and release of aldosterone, cardiac stimulation, and renal reabsorption of sodium. Telmisartan works by blocking the vasoconstrictor and aldosterone secretory effects of angiotensin II.2,<ref>5</ref>","Oral telmisartan follows nonlinear pharmacokinetics over the dose range of 20 mg to 160 mg. Both Cmax and AUC present greater than proportional increases at higher doses. With once-daily dosing, telmisartan has trough plasma concentrations of about 10% to 2<ref>5</ref>% of peak plasma concentrations. The absolute bioavailability of telmisartan depends on the dosage. At 40 mg and 160 mg, the bioavailability was 42% and <ref>5</ref>8%, respectively. Food slightly decreases bioavailability. For instance, when the 40 mg dose is administered with food, a decrease of about 6% is seen, and with the 160 mg dose, there is a decrease of about 20%.<ref>5</ref>",Telmisartan has a volume of distribution of approximately <ref>5</ref>00 liters.<ref>5</ref>,"Telmisartan is highly bound to plasma proteins (>99.<ref>5</ref>%), mainly albumin and alpha 1-acid glycoprotein. Binding is not dose-dependent.<ref>5</ref>","Minimally metabolized by conjugation to form a pharmacologically inactive acyl-glucuronide, the glucuronide of the parent compound is the only metabolite that has been identified in human plasma and urine. The cytochrome P4<ref>5</ref>0 isoenzymes are not involved in the metabolism of telmisartan.<ref>5</ref>","Following either intravenous or oral administration of 14C-labeled telmisartan, most of the administered dose (>97%) was eliminated unchanged in feces via biliary excretion; only minute amounts were found in the urine (0.91% and 0.49% of total radioactivity, respectively).<ref>5</ref>",Telmisartan displays bi-exponential decay kinetics with a terminal elimination half-life of approximately 24 hours.<ref>5</ref>,Telmisartan has a total plasma clearance of >800 mL/min.<ref>5</ref>,"Intravenous LD<ref>5</ref>0 in rats is 1<ref>5</ref>0-200 mg/kg in males and 200 to 2<ref>5</ref>0 mg/kg in females. Acute oral toxicity is low: no deaths and no changes occurred in rats or dogs at 2000 mg/kg, the highest dose tested.<ref>6</ref> Limited data are available with regard to overdosage in humans. The most likely manifestations of overdosage with telmisartan would be hypotension, dizziness and tachycardia; bradycardia could occur from parasympathetic (vagal) stimulation. Supportive treatment should be instituted if symptomatic hypotension occurs. Telmisartan is not removed by hemofiltration and is not dialyzable.<ref>5</ref>","reference-A1489: Sharpe M, Jarvis B, Goa KL: Telmisartan: a review of its use in hypertension. Drugs. 2001;61(10):1501-29. | https://go.drugbank.com/articles/A1489 || reference-A1490: Smith DH: Treatment of hypertension with an angiotensin II-receptor antagonist compared with an angiotensin-converting enzyme inhibitor: a review of clinical studies of telmisartan and enalapril. Clin Ther. 2002 Oct;24(10):1484-501. | https://go.drugbank.com/articles/A1490 || reference-A1492: Galzerano D, Capogrosso C, Di Michele S, Galzerano A, Paparello P, Lama D, Gaudio C: New standards in hypertension and cardiovascular risk management: focus on telmisartan. Vasc Health Risk Manag. 2010 Mar 24;6:113-33. | https://go.drugbank.com/articles/A1492 || reference-A255892: Balakumar P, Bishnoi HK, Mahadevan N: Telmisartan in the management of diabetic nephropathy: a contemporary view. Curr Diabetes Rev. 2012 May;8(3):183-90. doi: 10.2174/157339912800563972. | https://go.drugbank.com/articles/A255892 || reference-L44652: FDA Approved Drug Products: MICARDIS (telmisartan) tablets for oral use | https://www.accessdata.fda.gov/drugsatfda_docs/label/2022/020850s045lbl.pdf || reference-L44662: McKesson: Telmisartan SDS | https://imgcdn.mckesson.com/CumulusWeb/Click_and_learn/MSDS_9BEHGI_MICARDIS_HCT.pdf"
tacrolimus,DB00864,Tacrolimus is a calcineurin inhibitor used to prevent organ transplant rejection and to treat moderate to severe atopic dermatitis.,"Immediate-release formulations of tacrolimus are indicated for the prophylaxis of organ rejection in adult and pediatric patients receiving allogeneic liver, kidney, heart, or lung transplants, in combination with other immunosuppressants.<ref>7</ref> Extended-release formulations of tacrolimus are indicated for the prophylaxis of organ rejection in adult and pediatric patients receiving kidney transplants, in combination with other immunosuppressants,<ref>8</ref>,<ref>9</ref> and may be used in patients converted from immediate-release formulations.<ref>9</ref> Topical tacrolimus ointment is indicated as second-line therapy for short-term and non-continuous treatment of moderate-to-severe atopic dermatitis in non-immunocompromised adults and children who have failed to respond adequately to other topical treatments or for whom alternative treatments are not advisable.<ref>10</ref> Both available strengths are indicated in adult patients, while only the lower strength (0.03%) formulation is indicated in pediatric patients between 2 and 15 years of age.<ref>10</ref>","The mechanism of action of tacrolimus in atopic dermatitis is not known. While the following have been observed, the clinical significance of these observations in atopic dermatitis is not known. It has been demonstrated that tacrolimus inhibits T-lymphocyte activation by first binding to an intracellular protein, FKBP-12. A complex of tacrolimus-FKBP-12, calcium, calmodulin, and calcineurin is then formed and the phosphatase activity of calcineurin is inhibited. This prevents the dephosphorylation and translocation of nuclear factor of activated T-cells (NF-AT), a nuclear component thought to initiate gene transcription for the formation of lymphokines. Tacrolimus also inhibits the transcription for genes which encode IL-3, IL-4, IL-5, GM-CSF, and TNF-, all of which are involved in the early stages of T-cell activation. Additionally, tacrolimus has been shown to inhibit the release of pre-formed mediators from skin mast cells and basophils, and to downregulate the expression of FceRI on Langerhans cells.","Tacrolimus acts by reducing peptidyl-prolyl isomerase activity by binding to the immunophilin FKBP-12 (FK506 binding protein) creating a new complex. This inhibits both T-lymphocyte signal transduction and IL-2 transcription. Tacrolimus has similar activity to cyclosporine but rates of rejection are lower with tacrolimus. Tacrolimus has also been shown to be effective in the topical treatment of eczema, particularly atopic eczema. It suppresses inflammation in a similar way to steroids, but is not as powerful. An important dermatological advantage of tacrolimus is that it can be used directly on the face; topical steroids cannot be used on the face, as they thin the skin dramatically there. On other parts of the body, topical steroid are generally a better treatment.","Absorption of tacrolimus from the gastrointestinal tract after oral administration is incomplete and variable. The absolute bioavailability in adult kidney transplant patients is 17±10%; in adults liver transplant patients is 22±6%; in healthy subjects is 18±5%. The absolute bioavailability in pediatric liver transplant patients was 31±24%. Tacrolimus maximum blood concentrations (Cmax) and area under the curve (AUC) appeared to increase in a dose-proportional fashion in 18 fasted healthy volunteers receiving a single oral dose of 3, 7, and 10 mg. When given without food, the rate and extent of absorption were the greatest. The time of the meal also affected bioavailability. When given immediately after a meal, mean Cmax was reduced 71%, and mean AUC was reduced 39%, relative to the fasted condition. When administered 1.5 hours following the meal, mean Cmax was reduced 63%, and mean AUC was reduced 39%, relative to the fasted condition.","2.6 ± 2.1 L/kg [pediatric liver transplant patients]
1.07 ± 0.20 L/kg [patients with renal impairment, 0.02 mg/kg/4 hr dose, IV]
3.1 ± 1.6 L/kg [Mild Hepatic Impairment, 0.02 mg/kg/4 hr dose, IV]
3.7 ± 4.7 L/kg [Mild Hepatic Impairment, 7.7 mg dose, PO]
3.9 ± 1.0 L/kg [Severe hepatic impairment, 0.02 mg/kg/4 hr dose, IV]
3.1 ± 3.4 L/kg [Severe hepatic impairment, 8 mg dose, PO]","~99% bound to human plasma protein, primarily to albumin and alpha-1-acid glycoprotein. This is independent of concentration over a range of 5-50 ng/mL.","The metabolism of tacrolimus is predominantly mediated by CYP3A4 and secondarily by CYP3A5.<ref>6</ref>,<ref><ref>7</ref></ref> Tacrolimus is metabolized into 8 metabolites: 13-demethyl tacrolimus, 31-demethyl tacrolimus, 15-demethyl tacrolimus, 12-hydroxy tacrolimus, 15,31-didemethyl tacrolimus, 13,31-didemethyl tacrolimus, 13,15-didemethyl tacrolimus, and a final metabolite involving O-demethylation and the formation of a fused ring.<ref>6</ref> The major metabolite identified in incubations with human liver microsomes is 13-demethyl tacrolimus.<ref>7</ref> In in vitro studies, a 31-demethyl metabolite has been reported to have the same activity as tacrolimus.<ref>7</ref>
Hover over products below to view reaction partners
Tacrolimus
31-O-Demethyltacrolimus
13-demethyl tacrolimus
13-O-Desmethyltacrolimus
15-O-Desmethyltacrolimus","In man, less than 1% of the dose administered is excreted unchanged in urine. When administered IV, fecal elimination accounted for 92.6±30.7%, urinary elimination accounted for 2.3±1.1%.","The elimination half life in adult healthy volunteers, kidney transplant patients, liver transplants patients, and heart transplant patients are approximately 35, 19, 12, 24 hours, respectively. The elimination half life in pediatric liver transplant patients was 11.5±3.8 hours, in pediatric kidney transplant patients was 10.2±5.0 (range 3.4-25) hours.","0.040 L/hr/kg [healthy subjects, IV]
0.172 ± 0.088 L/hr/kg [healthy subjects, oral]
0.083 L/hr/kg [adult kidney transplant patients, IV]
0.053 L/hr/kg [adult liver transplant patients, IV]
0.051 L/hr/kg [adult heart transplant patients, IV]
0.138 ± 0.071 L/hr/kg [pediatric liver transplant patients]
0.12 ± 0.04 (range 0.06-0.17) L/hr/kg [pediatric kidney transplant patients]
0.038 ± 0.014 L/hr/kg [patients with renal impairment, 0.02 mg/kg/4 hr dose, IV]
0.042 ± 0.02 L/hr/kg [Mild Hepatic Impairment, 0.02 mg/kg/4 hr dose, IV]
0.034 ± 0.019 L/hr/kg [Mild Hepatic Impairment, 7.7 mg dose, PO]
0.017 ± 0.013 L/hr/kg [Severe hepatic impairment, 0.02 mg/kg/4 hr dose, IV]
0.016 ± 0.011 L/hr/kg [Severe hepatic impairment, 8 mg dose, PO]","Side effects can be severe and include blurred vision, liver and kidney problems (it is nephrotoxic), seizures, tremors, hypertension, hypomagnesemia, diabetes mellitus, hyperkalemia, itching, insomnia, confusion. LD50=134-194 mg/kg (rat).","reference-A1292: Kino T, Hatanaka H, Hashimoto M, Nishiyama M, Goto T, Okuhara M, Kohsaka M, Aoki H, Imanaka H: FK-506, a novel immunosuppressant isolated from a Streptomyces. I. Fermentation, isolation, and physico-chemical and biological characteristics. J Antibiot (Tokyo). 1987 Sep;40(9):1249-55. | https://go.drugbank.com/articles/A1292 || reference-A1293: Pritchard DI: Sourcing a chemical succession for cyclosporin from parasites and human pathogens. Drug Discov Today. 2005 May 15;10(10):688-91. | https://go.drugbank.com/articles/A1293 || reference-A1294: Liu J, Farmer JD Jr, Lane WS, Friedman J, Weissman I, Schreiber SL: Calcineurin is a common target of cyclophilin-cyclosporin A and FKBP-FK506 complexes. Cell. 1991 Aug 23;66(4):807-15. | https://go.drugbank.com/articles/A1294 || reference-A1295: Fukatsu S, Fukudo M, Masuda S, Yano I, Katsura T, Ogura Y, Oike F, Takada Y, Inui K: Delayed effect of grapefruit juice on pharmacokinetics and pharmacodynamics of tacrolimus in a living-donor liver transplant recipient. Drug Metab Pharmacokinet. 2006 Apr;21(2):122-5. | https://go.drugbank.com/articles/A1295 || reference-A1296: Hanifin JM, Paller AS, Eichenfield L, Clark RA, Korman N, Weinstein G, Caro I, Jaracz E, Rico MJ: Efficacy and safety of tacrolimus ointment treatment for up to 4 years in patients with atopic dermatitis. J Am Acad Dermatol. 2005 Aug;53(2 Suppl 2):S186-94. | https://go.drugbank.com/articles/A1296 || reference-A38786: Iwasaki K: Metabolism of tacrolimus (FK506) and recent topics in clinical pharmacokinetics. Drug Metab Pharmacokinet. 2007 Oct;22(5):328-35. | https://go.drugbank.com/articles/A38786 || reference-L8162: FDA Approved Drug Products: Prograf (tacrolimus) capsules/granules for oral use and injection for intravenous administration | https://www.accessdata.fda.gov/drugsatfda_docs/label/2019/050708s050,050709s042,210115s002lbl.pdf || reference-L20034: FDA Approved Drug Products: Astagraf XL (tacrolimus) extended-release capsules for oral administration | https://www.accessdata.fda.gov/drugsatfda_docs/label/2020/204096s009lbl.pdf || reference-L41005: FDA Approved Drug Products: Envarsus XR (tacrolimus) extended-release tablets for oral use | https://www.accessdata.fda.gov/drugsatfda_docs/label/2020/206406s008lbl.pdf || reference-L3935: FDA Approved Drug Products: Protopic (tacrolimus) topical ointment | https://www.accessdata.fda.gov/drugsatfda_docs/label/2011/050777s018lbl.pdf"
ramipril,DB00178,Ramipril is an ACE inhibitor used for the management of hypertension and the reduction of cardiovascular mortality following myocardial infarction in hemodynamically stable patients with clinical signs of congestive heart failure.,"For the management of mild to severe hypertension. May be used to reduce cardiovascular mortality following myocardial infarction in hemodynamically stable individuals who develop clinical signs of congestive heart failure within a few days following myocardial infarction. <ref>Label</ref> To reduce the rate of death, myocardial infarction and stroke in individuals at high risk of cardiovascular events. May be used to slow the progression of renal disease in individuals with hypertension, diabetes mellitus and microalubinuria or overt nephropathy. <ref>5</ref>","Ramipril inhibits the RAAS system by binding to and inhibiting ACE thereby preventing the conversion of angiotensin I to angiotensin II. <ref><ref><ref>5</ref></ref></ref> As plasma levels of angiotensin II fall, less activation of the G-protein coupled receptors angiotensin receptor I (AT1R) and angiotensin receptor II (AT2R) occurs.
AT1R mediates vasoconstriction, inflammation, fibrosis, and oxidative stress through a variety of signaling pathways. <ref><ref><ref>5</ref></ref></ref> These include Gq coupling to the inositol triphosphate pathway, activation of phospholipases C, A2, and D which contribute to eicosanoid production, activation of Ca2+-dependent and MAP kinases, Gi and G12/13, and eventual activation of the Jak/STAT pathway leading to cell growth and production of extracellular matrix components. AT1R activation also leads to increased activity of membrane-bound NADH/NADPH oxidase which contributes to production of reactive oxygen species. Decreased activation of this receptor mediates the renoprotective, antihypertensive, and cardioprotective effects of ramipril by reducing inflammation and vasoconstriction.
AT2R acts in opposition to the effects of AT1R by activating phosphotyrosine phosphatases which inhibit MAP kinases, inhibiting Ca2+ channel opening, and stimulating cGMP and nitric oxide production leading to vasodilation. <ref><ref><ref>5</ref></ref></ref> These counteracting effects are shared by the Mas receptor which is activated by Ang(1-7), a subtype of angiotensin produced by plasma esterases from AngI or by ACE2 from AngII produced through a secondary pathway by tonin and cathepsin G. Ang(1-7) also activates AT2R although the bulk of its effect is mediated by MasR.
ACE is also responsible for the breakdown of bradykinin. <ref><ref><ref>5</ref></ref></ref> The resulting buildup of bradykinin due to ACE inhibition is thought to mediate the characteristic dry-cough as a side effect of ACE inhibitor medications.","Ramipril is an ACE inhibitor similar to benazepril, fosinopril and quinapril. <ref>5</ref> It is an inactive prodrug that is converted to ramiprilat in the liver, the main site of activation, and kidneys. Ramiprilat confers blood pressure lowing effects by antagonizing the effect of the RAAS. The RAAS is a homeostatic mechanism for regulating hemodynamics, water and electrolyte balance. During sympathetic stimulation or when renal blood pressure or blood flow is reduced, renin is released from the granular cells of the juxtaglomerular apparatus in the kidneys. In the blood stream, renin cleaves circulating angiotensinogen to ATI, which is subsequently cleaved to ATII by ACE. ATII increases blood pressure using a number of mechanisms. First, it stimulates the secretion of aldosterone from the adrenal cortex. Aldosterone travels to the distal convoluted tubule (DCT) and collecting tubule of nephrons where it increases sodium and water reabsorption by increasing the number of sodium channels and sodium-potassium ATPases on cell membranes. Second, ATII stimulates the secretion of vasopressin (also known as antidiuretic hormone or ADH) from the posterior pituitary gland. ADH stimulates further water reabsorption from the kidneys via insertion of aquaporin-2 channels on the apical surface of cells of the DCT and collecting tubules. Third, ATII increases blood pressure through direct arterial vasoconstriction. Stimulation of the Type 1 ATII receptor on vascular smooth muscle cells leads to a cascade of events resulting in myocyte contraction and vasoconstriction. In addition to these major effects, ATII induces the thirst response via stimulation of hypothalamic neurons. ACE inhibitors inhibit the rapid conversion of ATI to ATII and antagonize RAAS-induced increases in blood pressure. ACE (also known as kininase II) is also involved in the enzymatic deactivation of bradykinin, a vasodilator. Inhibiting the deactivation of bradykinin increases bradykinin levels and may sustain the effects of ramiprilat by causing increased vasodilation and decreased blood pressure.","The extent of absorption is at least 50-60%.<ref>Label</ref>. Food decreases the rate of absorption from the GI tract without affecting the extent of absorption. The absolute bioavailabilities of ramipril and ramiprilat were 28% and 44%, respectively, when oral administration was compared to intravenous administration. The serum concentration of ramiprilat was unchanged when capsules were opened and the contents dissolved in water, dissolved in apple juice, or suspended in apple sauce.",Not Available,Protein binding of ramipril is about 73% and that of ramiprilat about 56%.<ref>Label</ref> Protein binding is independent of concentration over the range of 0.1μg/mL-10μg/mL,"Hepatic metabolism accounts for 75% of total ramipril metabolism.<ref>Label</ref> 25% of hepatic metabolism produces the active metabolite ramiprilat via liver esterase enzymes. 100% of renal metabolism converts ramipril to ramiprilat. Other metabolites, diketopiperazine ester, the diketopiperazine acid, and the glucuronides of ramipril and ramiprilat, are inactive.
Hover over products below to view reaction partners
Ramipril
Diketopiperazine acid
Diketopiperazine ester
Ramiprilat","Following oral administration, about <ref>6</ref>0% of the dose is eliminated in the urine as unchanged ramipril (<2%) and its metabolites. About 40% of the dose is found in the feces, representing both unabsorbed drug and drugs and metabolites eliminated via biliary excretion. The urinary excretion of ramipril may be reduced in patients with impaired renal function.<ref>6</ref>","Plasma concentrations of ramiprilat decline in a triphasic manner.<ref>Label</ref> Initial rapid decline represents distribution into tissues and has a half life of 2-4 hours. The half life of the apparent elimination phase is 9-18 hours, which is thought to represent clearance of free drug. The half-life of the terminal elimination phase is > 50 hours and thought to represent clearance of drug bound to ACE due to its slow dissociation. The half life of ramiprilat after multiple daily doses (MDDs) is dose-dependent, ranging from 13-17 hours with 5-10 mg MDDs to 27-36 hours for 2.5 mg MDDs.","The renal clearance of ramipril and ramiprilat was reported to be 7.2 and 77.<ref>4</ref> mL/min/1.73m2. <ref>4</ref> The mean renal clearance of ramipril and ramiprilat is reported to be 10.7 and 126.8 mL/min in healthy elderly patients with normal renal function, additionally the Cmax of ramiprilat is approximately 20% higher in this population. While the pharmacokinetics of ramipril appear unaffected by reduced renal function, the plasma concentration and half-life of ramiprilat are increased. In patient's with hepatic failure the concentration of ramipril is initially increased while the tmax of ramiprilat is prolonged due to a reduced ability to metabolize the drug. However, steady state concentrations of ramiprilat are the same in hepatic failure as in healthy patients.","Symptoms of overdose may include excessive peripheral vasodilation (with marked hypotension and shock), bradycardia, electrolyte disturbances, and renal failure. Cases of ACE inhibitor induced hepatotoxicity have been reported in humans and presented as acute jaundice and elevated liver enzymes.<ref>3</ref> Removal of the ACE inhbitor resulted in a decline in liver enzymes and re-challenge produced a subsequent increase.
There were no observed tumerogenic effects at chronic doses up to 500mg/kg/day to rats for 24 months or at doses up to 1000mg/kg/day to mice for 18 months. For both species doses were administered by gavage and equivalent to 200 time the maximum recommended human exposure based on body surface area.
No mutagenic activity was detected in the Ames test in bacteria, the micronucleus test in mice, unscheduled DNA synthesis in a human cell line, or a forward gene-mutation assay in a Chinese hamster ovary cell line. Several metabolites of ramipril also produced negative results in the Ames test.
No effects on fertility were seen in rats at doses up to 500mg/kg/day. No teratogenicity was observed in rats and cynomolgus monkeys at doses 400 times the maximum recommended human exposure nor in rabbites at 2 times the maximum recommended human exposure.
LD50 10 g/kg (rat).<ref><ref><ref>MSDS</ref></ref></ref> LD50 10.5 g/kg (mouse).<ref><ref><ref>MSDS</ref></ref></ref> LD50 1 g/kg (dog).<ref><ref><ref>MSDS</ref></ref></ref>","reference-A251: Cacciapuoti F, Capasso A, Mirra G, De Nicola A, Minicucci F, Gentile S: Prevention of left ventricular hypertrophy by ACE-inhibitor, ramipril in comparison with calcium-channel antagonist, felodipine. Int J Cardiol. 1998 Jan 31;63(2):175-8. | https://go.drugbank.com/articles/A251 || reference-A252: Kleinert S: HOPE for cardiovascular disease prevention with ACE-inhibitor ramipril. Heart Outcomes Prevention Evaluation. Lancet. 1999 Sep 4;354(9181):841. | https://go.drugbank.com/articles/A252 || reference-A174280: Douros A, Kauffmann W, Bronder E, Klimpel A, Garbe E, Kreutz R: Ramipril-induced liver injury: case report and review of the literature. Am J Hypertens. 2013 Sep;26(9):1070-5. doi: 10.1093/ajh/hpt090. Epub 2013 Jun 8. | https://go.drugbank.com/articles/A174280 || reference-A174595: Meisel S, Shamiss A, Rosenthal T: Clinical pharmacokinetics of ramipril. Clin Pharmacokinet. 1994 Jan;26(1):7-15. doi: 10.2165/00003088-199426010-00002. | https://go.drugbank.com/articles/A174595 || reference-T116: Hilal-Dandan R (2018). 26. In Goodman & Gilman's: The Pharmacological Basis of Therapeutics (13th ed.). McGraw-Hill Education. [ISBN:978-1-25-958473-2] | https://www.google.com/search?tbo=p&tbm=bks&q=978-1-25-958473-2 || reference-L12798: FDA Approved Products: Altace (ramipril) oral capsules | https://www.accessdata.fda.gov/drugsatfda_docs/label/2013/019901s060lbl.pdf"
"Ace Inhibitors, Plain",,,,,,,,,,,,,,
clopidogrel,DB00758,"Clopidogrel is an antiplatelet agent used to prevent blood clots in peripheral vascular disease, coronary artery disease, and cerebrovascular disease.","Clopidogrel is indicated to reduce the risk of myocardial infarction for patients with non-ST elevated acute coronary syndrome (ACS), patients with ST-elevated myocardial infarction, and in recent MI, stroke, or established peripheral arterial disease,<ref>9</ref>","Clopidogrel is activated via a 2 steps reaction to an active thiol-containing metabolite.<ref>3</ref> This active form is a platelet inhibitor that irreversibly binds to P2Y12 ADP receptors on platelets.<ref>9</ref> This binding prevents ADP binding to P2Y12 receptors, activation of the glycoprotein GPIIb/IIIa complex, and platelet aggregation.<ref>9</ref>","Clopidogrel is a prodrug of a platelet inhibitor used to reduce the risk of myocardial infarction and stroke.<ref>3</ref>,<ref>9</ref> It has a long duration of action as it is taken once daily and a large therapeutic window as it is given in doses of 75-300mg daily.<ref>9</ref>","A 7<ref>5</ref>mg oral dose of clopidogrel is <ref>5</ref>0% absorbed from the intestine.<ref><ref><ref>9</ref></ref></ref> Clopidogrel can be taken with or without food.<ref><ref><ref>9</ref></ref></ref> A meal decreases the AUC of the active metabolite by <ref>5</ref>7%.<ref><ref><ref>9</ref></ref></ref> The active metabolite of clopidogrel reaches a maximum concentration after 30-<ref>6</ref>0 minutes.<ref><ref><ref>9</ref></ref></ref> Clopidogrel reached a Cmax of 2.04±2.0ng/mL in 1.40±1.07h.<ref>5</ref>
The AUC for a 300mg oral dose of clopidogrel was 4<ref>5</ref>.1±1<ref>6</ref>.2ng*h/mL for poor metabolizers, <ref>6</ref><ref>5</ref>.<ref>6</ref>±1<ref><ref><ref>9</ref></ref></ref>.1ng*h/mL for intermediate metabolizers, and 104.3±<ref>5</ref>7.3ng*h/mL for extensive metabolizers.<ref>6</ref> The Cmax was 31.3±13ng/mL for poor metabolizers, 43.<ref><ref><ref>9</ref></ref></ref>±14ng/mL for intermediate metabolizers, and <ref>6</ref>0.8±34.3ng/mL for extensive metabolizers.<ref>6</ref>","The apparent volume of distribution of clopidogrel is 39,240±33,<ref>5</ref>20L.<ref>5</ref>",Both the active and inactive metabolites of clopidogrel are 98% protein bound in plasma.<ref>1</ref> Studies in cows show clopidogrel 7<ref>1</ref>-85.5% bound to serum albumin.<ref>2</ref>,"85-90% of an oral dose undergoes first pass metabolism by carboxylesterase 1 in the liver to an inactive carboxylic acid metabolite.<ref><ref>4</ref></ref> about 2% of clopidogrel is oxidized to 2-oxoclopidogrel.<ref><ref>4</ref></ref> This conversion is <ref>3</ref>5.8% by CYP1A2, 19.<ref><ref>4</ref></ref>% by CYP2B6, and <ref><ref>4</ref></ref><ref><ref>4</ref></ref>.9% by CYP2C19<ref><ref>4</ref></ref> though other studies suggest CYP<ref>3</ref>A<ref><ref>4</ref></ref>, CYP<ref>3</ref>A5, and CYP2C9 also contribute.<ref>3</ref> 2-oxoclopidogrel is further metabolized to the active metabolite.<ref>3</ref>,<ref><ref>4</ref></ref> This conversion is <ref>3</ref>2.9% by CYP2B6, 6.79% by CYP2C9, 20.6% by CYP2C19, and <ref>3</ref>9.8% by CYP<ref>3</ref>A<ref><ref>4</ref></ref>.<ref>3</ref>,<ref><ref>4</ref></ref>
Hover over products below to view reaction partners
Clopidogrel
2-Oxoclopidogrel
Active Metabolite of Clopidogrel
Clopidogrel carboxylic acid derivative","An oral dose of radiolabelled clopidogrel is excreted 50% in the urine and 46% in the feces over 5 days.<ref>9</ref> The remainder of clopidogrel is irreversibly bound to platelets for their lifetime, or approximately 8-11 days.<ref>7</ref>",That half life of clopidogrel is approximately 6 hours following a 75mg oral dose while the half life of the active metabolite is approximately 30 minutes.<ref>9</ref>,"The clearance of a 7<ref>5</ref>mg oral dose was 18,960±1<ref>5</ref>,890L/h and for a 300mg oral dose was 16,980±10,410L/h.<ref>5</ref>","A single dose of clopidogrel at 1500-2000mg/kg was lethal to mice and rats while 3000mg/kg was lethal to baboons.<ref><ref><ref>9</ref></ref></ref> Symptoms of overdose include vomiting, breathing difficulty, gastrointestinal hemorrhage, and prostration.<ref><ref><ref>9</ref></ref></ref> Clopidogrel is irreversibly bound to platelets for their lifetime, which is approximately 11 days.<ref><ref><ref>9</ref></ref></ref> Overdoses of clopidogrel can be treated with platelet transfusions to restore clotting ability.<ref><ref><ref>9</ref></ref></ref>","reference-A180511: Ganesan S, Williams C, Maslen CL, Cherala G: Clopidogrel variability: role of plasma protein binding alterations. Br J Clin Pharmacol. 2013 Jun;75(6):1468-77. doi: 10.1111/bcp.12017. | https://go.drugbank.com/articles/A180511 || reference-A180514: Mostafizar M, Haque P, Mazid A, Shohel M, Shazly G, Kazi M, Reza HM: CHARACTERIZATION OF BINDING SITES OF CLOPIDOGREL AND INTERFERENCE OF LINOLEIC ACID AT THE BINDING SITE ON BOVINE SERUM ALBUMIN. Acta Pol Pharm. 2017 Jan;74(1):119-125. | https://go.drugbank.com/articles/A180514 || reference-A180508: Zhang YJ, Li MP, Tang J, Chen XP: Pharmacokinetic and Pharmacodynamic Responses to Clopidogrel: Evidences and Perspectives. Int J Environ Res Public Health. 2017 Mar 14;14(3). pii: ijerph14030301. doi: 10.3390/ijerph14030301. | https://go.drugbank.com/articles/A180508 || reference-A180535: Jiang XL, Samant S, Lesko LJ, Schmidt S: Clinical pharmacokinetics and pharmacodynamics of clopidogrel. Clin Pharmacokinet. 2015 Feb;54(2):147-66. doi: 10.1007/s40262-014-0230-6. | https://go.drugbank.com/articles/A180535 || reference-A180538: Karazniewicz-Lada M, Danielak D, Burchardt P, Kruszyna L, Komosa A, Lesiak M, Glowka F: Clinical pharmacokinetics of clopidogrel and its metabolites in patients with cardiovascular diseases. Clin Pharmacokinet. 2014 Feb;53(2):155-64. doi: 10.1007/s40262-013-0105-2. | https://go.drugbank.com/articles/A180538 || reference-A180541: Umemura K, Iwaki T: The Pharmacokinetics and Pharmacodynamics of Prasugrel and Clopidogrel in Healthy Japanese Volunteers. Clin Pharmacol Drug Dev. 2016 Nov;5(6):480-487. doi: 10.1002/cpdd.259. Epub 2016 Apr 25. | https://go.drugbank.com/articles/A180541 || reference-A180544: Frelinger AL 3rd, Barnard MR, Fox ML, Michelson AD: The Platelet Activity After Clopidogrel Termination (PACT) study. Circ Cardiovasc Interv. 2010 Oct;3(5):442-9. doi: 10.1161/CIRCINTERVENTIONS.110.937961. Epub 2010 Aug 24. | https://go.drugbank.com/articles/A180544 || reference-A180547: Plosker GL, Lyseng-Williamson KA: Clopidogrel: a review of its use in the prevention of thrombosis. Drugs. 2007;67(4):613-46. doi: 10.2165/00003495-200767040-00013. | https://go.drugbank.com/articles/A180547 || reference-L7213: FDA Approved Drug Products: Clopidogrel Oral Tablets | https://www.accessdata.fda.gov/drugsatfda_docs/label/2019/020839s072lbl.pdf"
rosuvastatin,DB01098,Rosuvastatin is an HMG-CoA reductase inhibitor used to lower lipid levels and reduce the risk of cardiovascular disease including myocardial infarction and stroke.,"The FDA monograph states that rosuvastatin is indicated as an adjunct to diet in the treatment of triglyceridemia, Primary Dysbetalipoproteinemia (Type III Hyperlipoproteinemia), and Homozygous Familial Hypercholesterolemia.<ref>46</ref> The Health Canada monograph for rosuvastatin further specifies that rosuvastatin is indicated for the reduction of elevated total cholesterol (Total-C), LDL-C, ApoB, the Total-C/HDL-C ratio and triglycerides (TG) and for increasing HDL-C in hyperlipidemic and dyslipidemic conditions when response to diet and exercise alone has been inadequate. It is also indicated for the prevention of major cardiovascular events (including risk of myocardial infarction, nonfatal stroke, and coronary artery revascularization) in adult patients without documented history of cardiovascular or cerebrovascular events, but with at least two conventional risk factors for cardiovascular disease.<ref>47</ref> Prescribing of statin medications is considered standard practice following any cardiovascular events and for people with a moderate to high risk of development of CVD. Statin-indicated conditions include diabetes mellitus, clinical atherosclerosis (including myocardial infarction, acute coronary syndromes, stable angina, documented coronary artery disease, stroke, trans ischemic attack (TIA), documented carotid disease, peripheral artery disease, and claudication), abdominal aortic aneurysm, chronic kidney disease, and severely elevated LDL-C levels.<ref>15</ref>,<ref>21</ref>","Rosuvastatin is a statin medication and a competitive inhibitor of the enzyme HMG-CoA (<ref>3</ref>-hydroxy-<ref>3</ref>-methylglutaryl coenzyme A) reductase, which catalyzes the conversion of HMG-CoA to mevalonate, an early rate-limiting step in cholesterol biosynthesis.<ref>24</ref> Rosuvastatin acts primarily in the liver, where decreased hepatic cholesterol concentrations stimulate the upregulation of hepatic low density lipoprotein (LDL) receptors which increases hepatic uptake of LDL. Rosuvastatin also inhibits hepatic synthesis of very low density lipoprotein (VLDL).<ref>4<ref>6</ref></ref> The overall effect is a decrease in plasma LDL and VLDL.
In vitro and in vivo animal studies also demonstrate that rosuvastatin exerts vasculoprotective effects independent of its lipid-lowering properties, also known as the pleiotropic effects of statins.<ref>25</ref> This includes improvement in endothelial function, enhanced stability of atherosclerotic plaques, reduced oxidative stress and inflammation, and inhibition of the thrombogenic response.
Statins have also been found to bind allosterically to β2 integrin function-associated antigen-<ref>1</ref> (LFA-<ref>1</ref>), which plays an important role in leukocyte trafficking and in T cell activation.<ref><ref>3</ref>9</ref>
Rosuvastatin exerts an anti-inflammatory effect on rat mesenteric microvascular endothelium by attenuating leukocyte rolling, adherence and transmigration.<ref><ref>1</ref><ref>1</ref></ref> The drug also modulates nitric oxide synthase (NOS) expression and reduces ischemic-reperfusion injuries in rat hearts.<ref>1</ref> Rosuvastatin increases the bioavailability of nitric oxide<ref><ref>1</ref><ref>1</ref></ref>,7,<ref>1</ref> by upregulating NOS<ref>3</ref> and by increasing the stability of NOS through post-transcriptional polyadenylation.<ref>6</ref> It is unclear as to how rosuvastatin brings about these effects though they may be due to decreased concentrations of mevalonic acid.","Rosuvastatin is a synthetic, enantiomerically pure antilipemic agent. It is used to lower total cholesterol, low density lipoprotein-cholesterol (LDL-C), apolipoprotein B (apoB), non-high density lipoprotein-cholesterol (non-HDL-C), and trigleride (TG) plasma concentrations while increasing HDL-C concentrations. High LDL-C, low HDL-C and high TG concentrations in the plasma are associated with increased risk of atherosclerosis and cardiovascular disease. The total cholesterol to HDL-C ratio is a strong predictor of coronary artery disease and high ratios are associated with higher risk of disease. Increased levels of HDL-C are associated with lower cardiovascular risk. By decreasing LDL-C and TG and increasing HDL-C, rosuvastatin reduces the risk of cardiovascular morbidity and mortality.<ref>15</ref>,<ref>21</ref>
Elevated cholesterol levels, and in particular, elevated low-density lipoprotein (LDL) levels, are an important risk factor for the development of CVD.<ref>15</ref> Use of statins to target and reduce LDL levels has been shown in a number of landmark studies to significantly reduce the risk of development of CVD and all-cause mortality.<ref>16</ref>,<ref>17</ref>,<ref>18</ref>,<ref>26</ref>,<ref>31</ref> Statins are considered a cost-effective treatment option for CVD due to their evidence of reducing all-cause mortality including fatal and non-fatal CVD as well as the need for surgical revascularization or angioplasty following a heart attack.<ref>15</ref>,<ref>21</ref> Evidence has shown that even for low-risk individuals (with <10% risk of a major vascular event occurring within 5 years) statins cause a 20%-22% relative reduction in major cardiovascular events (heart attack, stroke, coronary revascularization, and coronary death) for every 1 mmol/L reduction in LDL without any significant side effects or risks.<ref>19</ref>,<ref>20</ref>
Skeletal Muscle Effects
Cases of myopathy and rhabdomyolysis with acute renal failure secondary to myoglobinuria have been reported with HMG-CoA reductase inhibitors, including rosuvastatin. These risks can occur at any dose level, but are increased at the highest dose (<ref>40</ref> mg). Rosuvastatin should be prescribed with caution in patients with predisposing factors for myopathy (e.g., age ≥ 65 years, inadequately treated hypothyroidism, renal impairment).
The risk of myopathy during treatment with rosuvastatin may be increased with concurrent administration of some other lipid-lowering therapies (such as fenofibrate or niacin), gemfibrozil, cyclosporine, atazanavir/ritonavir, lopinavir/ritonavir, or simeprevir. Cases of myopathy, including rhabdomyolysis, have been reported with HMG-CoA reductase inhibitors, including rosuvastatin, coadministered with colchicine, and caution should therefore be exercised when prescribing these two medications together.<ref><ref>46</ref></ref>
Real-world data from observational studies has suggested that 10-<ref>15</ref>% of people taking statins may experience muscle aches at some point during treatment.<ref>41</ref>
Liver Enzyme Abnormalities
Increases in serum transaminases have been reported with HMG-CoA reductase inhibitors, including rosuvastatin. In most cases, the elevations were transient and resolved or improved on continued therapy or after a brief interruption in therapy. There were two cases of jaundice, for which a relationship to rosuvastatin therapy could not be determined, which resolved after discontinuation of therapy. There were no cases of liver failure or irreversible liver disease in these trials.<ref><ref>46</ref></ref>
Endocrine Effects
Increases in HbA1c and fasting serum glucose levels have been reported with HMG-CoA reductase inhibitors, including rosuvastatin calcium tablets. Based on clinical trial data with rosuvastatin, in some instances these increases may exceed the threshold for the diagnosis of diabetes mellitus.<ref><ref>46</ref></ref>
An in vitro study found that atorvastatin, pravastatin, rosuvastatin, and pitavastatin exhibited a dose-dependent cytotoxic effect on human pancreas islet β cells, with reductions in cell viability of 32, <ref>41</ref>, 34 and 29%, respectively, versus control]. Moreover, insulin secretion rates were decreased by 34, 30, 27 and 19%, respectively, relative to control.<ref>40</ref>
HMG-CoA reductase inhibitors interfere with cholesterol synthesis and lower cholesterol levels and, as such, might theoretically blunt adrenal or gonadal steroid hormone production. Rosuvastatin demonstrated no effect upon nonstimulated cortisol levels and no effect on thyroid metabolism as assessed by TSH plasma concentration. In rosuvastatin treated patients, there was no impairment of adrenocortical reserve and no reduction in plasma cortisol concentrations. Clinical studies with other HMG-CoA reductase inhibitors have suggested that these agents do not reduce plasma testosterone concentration. The effects of HMG-CoA reductase inhibitors on male fertility have not been studied. The effects, if any, on the pituitarygonadal axis in premenopausal women are unknown.<ref><ref>47</ref></ref>
Cardiovascular
Ubiquinone levels were not measured in rosuvastatin clinical trials, however significant decreases in circulating ubiquinone levels in patients treated with other statins have been observed. The clinical significance of a potential long-term statin-induced deficiency of ubiquinone has not been established. It has been reported that a decrease in myocardial ubiquinone levels could lead to impaired cardiac function in patients with borderline congestive heart failure.<ref><ref>47</ref></ref>
Lipoprotein A
In some patients, the beneficial effect of lowered total cholesterol and LDL-C levels may be partly blunted by a concomitant increase in the Lipoprotein(a) [Lp(a)] concentrations. Present knowledge suggests the importance of high Lp(a) levels as an emerging risk factor for coronary heart disease. It is thus desirable to maintain and reinforce lifestyle changes in high-risk patients placed on rosuvastatin therapy.<ref><ref>47</ref></ref> Further studies have demonstrated statins affect Lp(a) levels differently in patients with dyslipidemia depending on their apo(a) phenotype; statins increase Lp(a) levels exclusively in patients with the low molecular weight apo(a) phenotype.<ref>23</ref>","In a study of healthy white male volunteers, the absolute oral bioavailability of rosuvastatin was found to be approximately 20% while absorption was estimated to be 50%, which is consistent with a substantial first-pass effect after oral dosing.<ref>27</ref>,<ref>28</ref> Another study in healthy volunteers found that the peak plasma concentration (Cmax) of rosuvastatin was 6.06ng/mL and was reached at a median of 5 hours following oral dosing.<ref>30</ref> Both Cmax and AUC increased in approximate proportion to dose. Neither food nor evening versus morning administration was shown to have an effect on the AUC of rosuvastatin.<ref>46</ref>,<ref>47</ref> Many statins are known to interact with hepatic uptake transporters and thus reach high concentrations at their site of action in the liver.
Breast Cancer Resistance Protein (BCRP) is a membrane-bound protein that plays an important role in the absorption of rosuvastatin, particularly as CYP3A4 has minimal involvement in its metabolism.<ref>29</ref> Evidence from pharmacogenetic studies of c.421C>A single nucleotide polymorphisms (SNPs) in the gene for BCRP has demonstrated that individuals with the 421AA genotype have reduced functional activity and 2.4-fold higher AUC and Cmax values for rosuvastatin compared to study individuals with the control 421CC genotype. This has important implications for the variation in response to the drug in terms of efficacy and toxicity, particularly as the BCRP c.421C>A polymorphism occurs more frequently in Asian populations than in Caucasians.<ref>32</ref>,<ref>33</ref> Other statin drugs impacted by this polymorphism include fluvastatin and atorvastatin.<ref>32</ref>
Genetic differences in the OATP1B1 (organic-anion-transporting polypeptide 1B1) hepatic transporter have also been shown to impact rosuvastatin pharmacokinetics. Evidence from pharmacogenetic studies of the c.521T>C SNP showed that rosuvastatin AUC was increased 1.62-fold for individuals homozygous for 521CC compared to homozygous 521TT individuals.<ref>36</ref> Other statin drugs impacted by this polymorphism include simvastatin, pitavastatin, atorvastatin, and pravastatin.<ref>29</ref>
For patients known to have the above-mentioned c.421AA BCRP or c.521CC OATP1B1 genotypes, a maximum daily dose of 20mg of rosuvastatin is recommended to avoid adverse effects from the increased exposure to the drug, such as muscle pain and risk of rhabdomyolysis.<ref>47</ref>","Rosuvastatin undergoes first-pass extraction in the liver, which is the primary site of cholesterol synthesis and LDL-C clearance. The mean volume of distribution at steady-state of rosuvastatin is approximately 134 litres.<ref>46</ref>,<ref>47</ref>","Rosuvastatin is 88% bound to plasma proteins, mostly albumin. This binding is reversible and independent of plasma concentrations.<ref>46</ref>,<ref>47</ref>","Rosuvastatin is not extensively metabolized, as demonstrated by the small amount of radiolabeled dose that is recovered as a metabolite (~10%). Cytochrome P450 (CYP) 2C9 is primarily responsible for the formation of rosuvastatin's major metabolite, N-desmethylrosuvastatin, which has approximately 20-50% of the pharmacological activity of its parent compound in vitro.<ref>46</ref>,<ref>47</ref> However, this metabolic pathway isn't deemed to be clinically significant as there were no observable effects found on rosuvastatin pharmacokinetics when rosuvastatin was coadministered with fluconazole, a potent CYP2C9 inhibitor.<ref>34</ref>
In vitro and in vivo data indicate that rosuvastatin has no clinically significant cytochrome P450 interactions (as substrate, inhibitor or inducer). Consequently, there is little potential for drug-drug interactions upon coadministration with agents that are metabolized by cytochrome P450.<ref>47</ref>
Hover over products below to view reaction partners
Rosuvastatin
N-Desmethylrosuvastatin
Rosuvastatin 5 S-lactone","Rosuvastatin is not extensively metabolized; approximately 10% of a radiolabeled dose is recovered as metabolite. Following oral administration, rosuvastatin and its metabolites are primarily excreted in the feces (90%). After an intravenous dose, approximately 28% of total body clearance was via the renal route, and 72% by the hepatic route.<ref>46</ref>,<ref>47</ref>,<ref>27</ref>
A study in healthy adult male volunteers found that approximately 90% of the rosuvastatin dose was recovered in feces within 72 hours after dose, while the remaining 10% was recovered in urine. The drug was completely excreted from the body after 10 days of dosing. They also found that approximately 76.8% of the excreted dose was unchanged from the parent compound, with the remaining dose recovered as the metabolites n-desmethyl rosuvastatin and rosuvastatin-5S-lactone.<ref>30</ref>
Renal tubular secretion is responsible for >90% of total renal clearance, and is believed to be mediated primarily by the uptake transporter OAT3 (Organic anion transporter 1), while OAT1 had minimal involvement.<ref>35</ref>","The elimination half-life (t½) of rosuvastatin is approximately 19 hours and does not increase with increasing doses.<ref>46</ref>,<ref>47</ref>",Not Available,"Generally well-tolerated. Side effects may include myalgia, constipation, asthenia, abdominal pain, and nausea. Other possible side effects include myotoxicity (myopathy, myositis, rhabdomyolysis) and hepatotoxicity. To avoid toxicity in Asian patients, lower doses should be considered. Pharmacokinetic studies show an approximately two-fold increase in peak plasma concentration and AUC in Asian patients (Philippino, Chinese, Japanese, Korean, Vietnamese, or Asian-Indian descent) compared to Caucasian patients.","reference-A1787: Di Napoli P, Taccardi AA, Grilli A, De Lutiis MA, Barsotti A, Felaco M, De Caterina R: Chronic treatment with rosuvastatin modulates nitric oxide synthase expression and reduces ischemia-reperfusion injury in rat hearts. Cardiovasc Res. 2005 Jun 1;66(3):462-71. Epub 2005 Mar 2. | https://go.drugbank.com/articles/A1787 || reference-A1789: Everett BM, Glynn RJ, MacFadyen JG, Ridker PM: Rosuvastatin in the prevention of stroke among men and women with elevated levels of C-reactive protein: justification for the Use of Statins in Prevention: an Intervention Trial Evaluating Rosuvastatin (JUPITER). Circulation. 2010 Jan 5;121(1):143-50. doi: 10.1161/CIRCULATIONAHA.109.874834. Epub 2009 Dec 21. | https://go.drugbank.com/articles/A1789 || reference-A1791: Jones SP, Gibson MF, Rimmer DM 3rd, Gibson TM, Sharp BR, Lefer DJ: Direct vascular and cardioprotective effects of rosuvastatin, a new HMG-CoA reductase inhibitor. J Am Coll Cardiol. 2002 Sep 18;40(6):1172-8. | https://go.drugbank.com/articles/A1791 || reference-A1793: Jones PH, Davidson MH, Stein EA, Bays HE, McKenney JM, Miller E, Cain VA, Blasetto JW: Comparison of the efficacy and safety of rosuvastatin versus atorvastatin, simvastatin, and pravastatin across doses (STELLAR* Trial). Am J Cardiol. 2003 Jul 15;92(2):152-60. | https://go.drugbank.com/articles/A1793 || reference-A1795: Kilic E, Kilic U, Matter CM, Luscher TF, Bassetti CL, Hermann DM: Aggravation of focal cerebral ischemia by tissue plasminogen activator is reversed by 3-hydroxy-3-methylglutaryl coenzyme A reductase inhibitor but does not depend on endothelial NO synthase. Stroke. 2005 Feb;36(2):332-6. Epub 2004 Dec 29. | https://go.drugbank.com/articles/A1795 || reference-A1796: Kosmidou I, Moore JP, Weber M, Searles CD: Statin treatment and 3' polyadenylation of eNOS mRNA. Arterioscler Thromb Vasc Biol. 2007 Dec;27(12):2642-9. Epub 2007 Oct 4. | https://go.drugbank.com/articles/A1796 || reference-A1799: Laufs U, Gertz K, Dirnagl U, Bohm M, Nickenig G, Endres M: Rosuvastatin, a new HMG-CoA reductase inhibitor, upregulates endothelial nitric oxide synthase and protects from ischemic stroke in mice. Brain Res. 2002 Jun 28;942(1-2):23-30. | https://go.drugbank.com/articles/A1799 || reference-A1801: McKillop T: The statin wars. Lancet. 2003 Nov 1;362(9394):1498. | https://go.drugbank.com/articles/A1801 || reference-A1803: McTaggart F, Buckett L, Davidson R, Holdgate G, McCormick A, Schneck D, Smith G, Warwick M: Preclinical and clinical pharmacology of Rosuvastatin, a new 3-hydroxy-3-methylglutaryl coenzyme A reductase inhibitor. Am J Cardiol. 2001 Mar 8;87(5A):28B-32B. | https://go.drugbank.com/articles/A1803 || reference-A1805: Nissen SE, Nicholls SJ, Sipahi I, Libby P, Raichlen JS, Ballantyne CM, Davignon J, Erbel R, Fruchart JC, Tardif JC, Schoenhagen P, Crowe T, Cain V, Wolski K, Goormastic M, Tuzcu EM: Effect of very high-intensity statin therapy on regression of coronary atherosclerosis: the ASTEROID trial. JAMA. 2006 Apr 5;295(13):1556-65. Epub 2006 Mar 13. | https://go.drugbank.com/articles/A1805 || reference-A1807: Stalker TJ, Lefer AM, Scalia R: A new HMG-CoA reductase inhibitor, rosuvastatin, exerts anti-inflammatory effects on the microvascular endothelium: the role of mevalonic acid. Br J Pharmacol. 2001 Jun;133(3):406-12. | https://go.drugbank.com/articles/A1807 || reference-A1810: Authors unspecified: The statin wars: why AstraZeneca must retreat. Lancet. 2003 Oct 25;362(9393):1341. | https://go.drugbank.com/articles/A1810 || reference-A1811: Ho RH, Tirona RG, Leake BF, Glaeser H, Lee W, Lemke CJ, Wang Y, Kim RB: Drug and bile acid transporters in rosuvastatin hepatic uptake: function, expression, and pharmacogenetics. Gastroenterology. 2006 May;130(6):1793-806. Epub 2006 Mar 6. | https://go.drugbank.com/articles/A1811 || reference-A181084: Kreatsoulas C, Anand SS: The impact of social determinants on cardiovascular disease. Can J Cardiol. 2010 Aug-Sep;26 Suppl C:8C-13C. doi: 10.1016/s0828-282x(10)71075-8. | https://go.drugbank.com/articles/A181084 || reference-A181087: Anderson TJ, Gregoire J, Pearson GJ, Barry AR, Couture P, Dawes M, Francis GA, Genest J Jr, Grover S, Gupta M, Hegele RA, Lau DC, Leiter LA, Lonn E, Mancini GB, McPherson R, Ngui D, Poirier P, Sievenpiper JL, Stone JA, Thanassoulis G, Ward R: 2016 Canadian Cardiovascular Society Guidelines for the Management of Dyslipidemia for the Prevention of Cardiovascular Disease in the Adult. Can J Cardiol. 2016 Nov;32(11):1263-1282. doi: 10.1016/j.cjca.2016.07.510. Epub 2016 Jul 25. | https://go.drugbank.com/articles/A181087 || reference-A181090: Authors unspecified: Prevention of cardiovascular events and death with pravastatin in patients with coronary heart disease and a broad range of initial cholesterol levels. N Engl J Med. 1998 Nov 5;339(19):1349-57. doi: 10.1056/NEJM199811053391902. | https://go.drugbank.com/articles/A181090 || reference-A181093: Cannon CP, Braunwald E, McCabe CH, Rader DJ, Rouleau JL, Belder R, Joyal SV, Hill KA, Pfeffer MA, Skene AM: Intensive versus moderate lipid lowering with statins after acute coronary syndromes. N Engl J Med. 2004 Apr 8;350(15):1495-504. doi: 10.1056/NEJMoa040583. Epub 2004 Mar 8. | https://go.drugbank.com/articles/A181093 || reference-A181096: Ridker PM, Danielson E, Fonseca FA, Genest J, Gotto AM Jr, Kastelein JJ, Koenig W, Libby P, Lorenzatti AJ, MacFadyen JG, Nordestgaard BG, Shepherd J, Willerson JT, Glynn RJ: Rosuvastatin to prevent vascular events in men and women with elevated C-reactive protein. N Engl J Med. 2008 Nov 20;359(21):2195-207. doi: 10.1056/NEJMoa0807646. Epub 2008 Nov 9. | https://go.drugbank.com/articles/A181096 || reference-A181397: Mihaylova B, Emberson J, Blackwell L, Keech A, Simes J, Barnes EH, Voysey M, Gray A, Collins R, Baigent C: The effects of lowering LDL cholesterol with statin therapy in people at low risk of vascular disease: meta-analysis of individual data from 27 randomised trials. Lancet. 2012 Aug 11;380(9841):581-90. doi: 10.1016/S0140-6736(12)60367-5. Epub 2012 May 17. | https://go.drugbank.com/articles/A181397 || reference-A181403: Taylor F, Huffman MD, Macedo AF, Moore TH, Burke M, Davey Smith G, Ward K, Ebrahim S: Statins for the primary prevention of cardiovascular disease. Cochrane Database Syst Rev. 2013 Jan 31;(1):CD004816. doi: 10.1002/14651858.CD004816.pub5. | https://go.drugbank.com/articles/A181403 || reference-A181406: Grundy SM, Stone NJ: 2018 American Heart Association/American College of Cardiology Multisociety Guideline on the Management of Blood Cholesterol: Primary Prevention. JAMA Cardiol. 2019 Apr 10. pii: 2730287. doi: 10.1001/jamacardio.2019.0777. | https://go.drugbank.com/articles/A181406 || reference-A181409: Adams SP, Sekhon SS, Wright JM: Lipid-lowering efficacy of rosuvastatin. Cochrane Database Syst Rev. 2014 Nov 21;(11):CD010254. doi: 10.1002/14651858.CD010254.pub2. | https://go.drugbank.com/articles/A181409 || reference-A181418: Yahya R, Berk K, Verhoeven A, Bos S, van der Zee L, Touw J, Erhart G, Kronenberg F, Timman R, Sijbrands E, Roeters van Lennep J, Mulder M: Statin treatment increases lipoprotein(a) levels in subjects with low molecular weight apolipoprotein(a) phenotype. Atherosclerosis. 2019 Jul 3. pii: S0021-9150(19)31392-9. doi: 10.1016/j.atherosclerosis.2019.07.001. | https://go.drugbank.com/articles/A181418 || reference-A181421: Moghadasian MH: Clinical pharmacology of 3-hydroxy-3-methylglutaryl coenzyme A reductase inhibitors. Life Sci. 1999;65(13):1329-37. doi: 10.1016/s0024-3205(99)00199-x. | https://go.drugbank.com/articles/A181421 || reference-A181424: Liao JK, Laufs U: Pleiotropic effects of statins. Annu Rev Pharmacol Toxicol. 2005;45:89-118. doi: 10.1146/annurev.pharmtox.45.120403.095748. | https://go.drugbank.com/articles/A181424 || reference-A181427: Nicholls SJ, Ballantyne CM, Barter PJ, Chapman MJ, Erbel RM, Libby P, Raichlen JS, Uno K, Borgman M, Wolski K, Nissen SE: Effect of two intensive statin regimens on progression of coronary disease. N Engl J Med. 2011 Dec 1;365(22):2078-87. doi: 10.1056/NEJMoa1110874. Epub 2011 Nov 15. | https://go.drugbank.com/articles/A181427 || reference-A181451: Martin PD, Warwick MJ, Dane AL, Brindley C, Short T: Absolute oral bioavailability of rosuvastatin in healthy white adult male volunteers. Clin Ther. 2003 Oct;25(10):2553-63. | https://go.drugbank.com/articles/A181451 || reference-A181454: Birmingham BK, Bujac SR, Elsby R, Azumaya CT, Zalikowski J, Chen Y, Kim K, Ambrose HJ: Rosuvastatin pharmacokinetics and pharmacogenetics in Caucasian and Asian subjects residing in the United States. Eur J Clin Pharmacol. 2015 Mar;71(3):329-40. doi: 10.1007/s00228-014-1800-0. Epub 2015 Jan 30. | https://go.drugbank.com/articles/A181454 || reference-A181460: Elsby R, Hilgendorf C, Fenner K: Understanding the critical disposition pathways of statins to assess drug-drug interaction risk during drug development: it's not just about OATP1B1. Clin Pharmacol Ther. 2012 Nov;92(5):584-98. doi: 10.1038/clpt.2012.163. Epub 2012 Oct 10. | https://go.drugbank.com/articles/A181460 || reference-A181463: Martin PD, Warwick MJ, Dane AL, Hill SJ, Giles PB, Phillips PJ, Lenz E: Metabolism, excretion, and pharmacokinetics of rosuvastatin in healthy adult male volunteers. Clin Ther. 2003 Nov;25(11):2822-35. | https://go.drugbank.com/articles/A181463 || reference-A181475: Authors unspecified: MRC/BHF Heart Protection Study of cholesterol lowering with simvastatin in 20,536 high-risk individuals: a randomised placebo-controlled trial. Lancet. 2002 Jul 6;360(9326):7-22. doi: 10.1016/S0140-6736(02)09327-3. | https://go.drugbank.com/articles/A181475 || reference-A181478: Keskitalo JE, Zolk O, Fromm MF, Kurkinen KJ, Neuvonen PJ, Niemi M: ABCG2 polymorphism markedly affects the pharmacokinetics of atorvastatin and rosuvastatin. Clin Pharmacol Ther. 2009 Aug;86(2):197-203. doi: 10.1038/clpt.2009.79. Epub 2009 May 27. | https://go.drugbank.com/articles/A181478 || reference-A181487: Lee E, Ryan S, Birmingham B, Zalikowski J, March R, Ambrose H, Moore R, Lee C, Chen Y, Schneck D: Rosuvastatin pharmacokinetics and pharmacogenetics in white and Asian subjects residing in the same environment. Clin Pharmacol Ther. 2005 Oct;78(4):330-41. doi: 10.1016/j.clpt.2005.06.013. | https://go.drugbank.com/articles/A181487 || reference-A34483: Cooper KJ, Martin PD, Dane AL, Warwick MJ, Schneck DW, Cantarini MV: The effect of fluconazole on the pharmacokinetics of rosuvastatin. Eur J Clin Pharmacol. 2002 Nov;58(8):527-31. doi: 10.1007/s00228-002-0508-8. Epub 2002 Oct 3. | https://go.drugbank.com/articles/A34483 || reference-A181490: Windass AS, Lowes S, Wang Y, Brown CD: The contribution of organic anion transporters OAT1 and OAT3 to the renal uptake of rosuvastatin. J Pharmacol Exp Ther. 2007 Sep;322(3):1221-7. doi: 10.1124/jpet.107.125831. Epub 2007 Jun 21. | https://go.drugbank.com/articles/A181490 || reference-A181493: Pasanen MK, Fredrikson H, Neuvonen PJ, Niemi M: Different effects of SLCO1B1 polymorphism on the pharmacokinetics of atorvastatin and rosuvastatin. Clin Pharmacol Ther. 2007 Dec;82(6):726-33. doi: 10.1038/sj.clpt.6100220. Epub 2007 May 2. | https://go.drugbank.com/articles/A181493 || reference-A181523: Kostapanos MS, Milionis HJ, Elisaf MS: Rosuvastatin-associated adverse effects and drug-drug interactions in the clinical setting of dyslipidemia. Am J Cardiovasc Drugs. 2010;10(1):11-28. doi: 10.2165/13168600-000000000-00000. | https://go.drugbank.com/articles/A181523 || reference-A181553: Kannel WB, Castelli WP, Gordon T, McNamara PM: Serum cholesterol, lipoproteins, and the risk of coronary heart disease. The Framingham study. Ann Intern Med. 1971 Jan;74(1):1-12. doi: 10.7326/0003-4819-74-1-1. | https://go.drugbank.com/articles/A181553 || reference-A181559: Weitz-Schmidt G, Welzenbach K, Brinkmann V, Kamata T, Kallen J, Bruns C, Cottens S, Takada Y, Hommel U: Statins selectively inhibit leukocyte function antigen-1 by binding to a novel regulatory integrin site. Nat Med. 2001 Jun;7(6):687-92. doi: 10.1038/89058. | https://go.drugbank.com/articles/A181559 || reference-A182012: Zhao W, Zhao SP: Different effects of statins on induction of diabetes mellitus: an experimental study. Drug Des Devel Ther. 2015 Nov 24;9:6211-23. doi: 10.2147/DDDT.S87979. eCollection 2015. | https://go.drugbank.com/articles/A182012 || reference-A182258: Harper CR, Jacobson TA: The broad spectrum of statin myopathy: from myalgia to rhabdomyolysis. Curr Opin Lipidol. 2007 Aug;18(4):401-8. doi: 10.1097/MOL.0b013e32825a6773. | https://go.drugbank.com/articles/A182258 || reference-A181538: Authors unspecified: Randomised trial of cholesterol lowering in 4444 patients with coronary heart disease: the Scandinavian Simvastatin Survival Study (4S) Lancet. 1994 Nov 19;344(8934):1383-9. | https://go.drugbank.com/articles/A181538 || reference-L4275: Crestor (Rosuvastatin Calcium) FDA Label | https://www.accessdata.fda.gov/drugsatfda_docs/label/2010/021366s016lbl.pdf || reference-L48867: FDA Approved Drug Products: Crestor (rosuvastatin) tablets for oral use (July 2023) | https://www.accessdata.fda.gov/drugsatfda_docs/label/2023/021366s045lbl.pdf || reference-L48872: FDA Approved Drug Products: Ezallor Sprinkle (rosuvastatin) capsules for oral use | https://www.accessdata.fda.gov/drugsatfda_docs/label/2023/208647s006s007s008s009s010s011lbl.pdf || reference-F4649: FDA Label - Rosuvastatin | https://s3-us-west-2.amazonaws.com/drugbank/cite_this/attachments/files/000/004/649/original/FDA_Label_-_Rosuvastatin.pdf?1563989473 || reference-F4652: Health Canada Monograph - Rosuvastatin | https://s3-us-west-2.amazonaws.com/drugbank/cite_this/attachments/files/000/004/652/original/Health_Canada_Label_-_Rosuvastatin.PDF?1563989610"
simvastatin,DB00641,Simvastatin is an HMG-CoA reductase inhibitor used to lower lipid levels and reduce the risk of cardiovascular events including myocardial infarction and stroke.,"Simvastatin is indicated for the treatment of hyperlipidemia to reduce elevated total cholesterol (total-C), low-density lipoprotein cholesterol (LDL‑C), apolipoprotein B (Apo B), and triglycerides (TG), and to increase high-density lipoprotein cholesterol (HDL-C).<ref>29</ref>,<ref>30</ref> This includes the treatment of primary hyperlipidemia (Fredrickson type IIa, heterozygous familial and nonfamilial), mixed dyslipidemia (Fredrickson type IIb), hypertriglyceridemia (Fredrickson type IV hyperlipidemia), primary dysbetalipoproteinemia (Fredrickson type III hyperlipidemia), homozygous familial hypercholesterolemia (HoFH) as an adjunct to other lipid-lowering treatments, as well as adolescent patients with Heterozygous Familial Hypercholesterolemia (HeFH).<ref>29</ref>,<ref>30</ref> Simvastatin is also indicated to reduce the risk of cardiovascular morbidity and mortality including myocardial infarction, stroke, and the need for revascularization procedures. It is primarily used in patients at high risk of coronary events because of existing coronary heart disease, diabetes, peripheral vessel disease, history of stroke or other cerebrovascular disease.<ref>29</ref>,<ref>30</ref> Prescribing of statin medications is considered standard practice following any cardiovascular events and for people with a moderate to high risk of development of CVD. Statin-indicated conditions include diabetes mellitus, clinical atherosclerosis (including myocardial infarction, acute coronary syndromes, stable angina, documented coronary artery disease, stroke, trans ischemic attack (TIA), documented carotid disease, peripheral artery disease, and claudication), abdominal aortic aneurysm, chronic kidney disease, and severely elevated LDL-C levels.<ref>3</ref>,<ref>4</ref>","Simvastatin is a prodrug in which the 6-membered lactone ring of simvastatin is hydrolyzed in vivo to generate the beta,delta-dihydroxy acid, an active metabolite structurally similar to HMG-CoA (hydroxymethylglutaryl CoA). Once hydrolyzed, simvastatin competes with HMG-CoA for HMG-CoA reductase, a hepatic microsomal enzyme, which catalyzes the conversion of HMG-CoA to mevalonate, an early rate-limiting step in cholesterol biosynthesis.<ref>2</ref> Simvastatin acts primarily in the liver, where decreased hepatic cholesterol concentrations stimulate the upregulation of hepatic low density lipoprotein (LDL) receptors which increases hepatic uptake of LDL. Simvastatin also inhibits hepatic synthesis of very low density lipoprotein (VLDL).<ref>2</ref>9,<ref>30</ref> The overall effect is a decrease in plasma LDL and VLDL.
At therapeutic doses, the HMG-CoA enzyme is not completely blocked by simvastatin activity, thereby allowing biologically necessary amounts of mevalonate to remain available. As mevalonate is an early step in the biosynthetic pathway for cholesterol, therapy with simvastatin would also not be expected to cause any accumulation of potentially toxic sterols. In addition, HMG-CoA is metabolized readily back to acetyl-CoA, which participates in many biosynthetic processes in the body.<ref>30</ref>
In vitro and in vivo animal studies also demonstrate that simvastatin exerts vasculoprotective effects independent of its lipid-lowering properties, also known as the pleiotropic effects of statins.<ref>15</ref> This includes improvement in endothelial function, enhanced stability of atherosclerotic plaques, reduced oxidative stress and inflammation, and inhibition of the thrombogenic response.
Statins have also been found to bind allosterically to β<ref>2</ref> integrin function-associated antigen-1 (LFA-1), which plays an important role in leukocyte trafficking and in T cell activation.<ref>17</ref>","Simvastatin is an oral antilipemic agent which inhibits HMG-CoA reductase. It is used to lower total cholesterol, low density lipoprotein-cholesterol (LDL-C), apolipoprotein B (apoB), non-high density lipoprotein-cholesterol (non-HDL-C), and trigleride (TG) plasma concentrations while increasing HDL-C concentrations. High LDL-C, low HDL-C and high TG concentrations in the plasma are associated with increased risk of atherosclerosis and cardiovascular disease. The total cholesterol to HDL-C ratio is a strong predictor of coronary artery disease and high ratios are associated with higher risk of disease. Increased levels of HDL-C are associated with lower cardiovascular risk. By decreasing LDL-C and TG and increasing HDL-C, rosuvastatin reduces the risk of cardiovascular morbidity and mortality.<ref>3</ref>,<ref>4</ref>
Elevated cholesterol levels, and in particular, elevated low-density lipoprotein (LDL) levels, are an important risk factor for the development of CVD.<ref>3</ref> Use of statins to target and reduce LDL levels has been shown in a number of landmark studies to significantly reduce the risk of development of CVD and all-cause mortality.<ref>6</ref>,<ref>7</ref>,<ref>8</ref>,<ref>9</ref>,<ref>10</ref> Statins are considered a cost-effective treatment option for CVD due to their evidence of reducing all-cause mortality including fatal and non-fatal CVD as well as the need for surgical revascularization or angioplasty following a heart attack.<ref>3</ref>,<ref>4</ref> Evidence has shown that even for low-risk individuals (with <<ref>10</ref>% risk of a major vascular event occurring within 5 years) statins cause a 20%-22% relative reduction in major cardiovascular events (heart attack, stroke, coronary revascularization, and coronary death) for every 1 mmol/L reduction in LDL without any significant side effects or risks.<ref>11</ref>,<ref>12</ref>
Skeletal Muscle Effects
Simvastatin occasionally causes myopathy manifested as muscle pain, tenderness or weakness with creatine kinase (CK) above ten times the upper limit of normal (ULN). Myopathy sometimes takes the form of rhabdomyolysis with or without acute renal failure secondary to myoglobinuria, and rare fatalities have occurred. Predisposing factors for myopathy include advanced age (≥65 years), female gender, uncontrolled hypothyroidism, and renal impairment. Chinese patients may also be at increased risk for myopathy. In most cases, muscle symptoms and CK increases resolved when treatment was promptly discontinued.<ref>29</ref>,<ref>3</ref>0
In a clinical trial database of 41,41<ref>3</ref> patients, the incidence of myopathy was approximately 0.0<ref>3</ref>% and 0.08% at 20 and 40 mg/day, respectively, while the risk of myopathy with simvastatin 80 mg (0.61%) was disproportionately higher than that observed at the lower doses. It's therefore recommended that the 80mg dose of simvastatin should be used only in patients who have been taking simvastatin 80 mg chronically (e.g., for 12 months or more) without evidence of muscle toxicity. As well, patients already stabilized on simvastatin 80mg should be monitored closely for evidence of muscle toxicity; if they need to be initiated on an interacting drug that is contraindicated or is associated with a dose cap for simvastatin, that patient should be switched to an alternative statin with less potential for the drug-drug interaction.<ref>29</ref>,<ref>3</ref>0
The risk of myopathy during treatment with simvastatin may be increased with concurrent administration of interacting drugs such as fenofibrate, niacin, gemfibrozil, cyclosporine, and strong inhibitors of the CYP<ref>3</ref>A4 enzyme. Cases of myopathy, including rhabdomyolysis, have been reported with HMG-CoA reductase inhibitors coadministered with colchicine, and caution should therefore be exercised when prescribing these two medications together.<ref>29</ref>,<ref>3</ref>0
Liver Enzyme Abnormalities
Persistent increases (to more than <ref>3</ref>X the ULN) in serum transaminases have occurred in approximately 1% of patients who received simvastatin in clinical studies. When drug treatment was interrupted or discontinued in these patients, the transaminase levels usually fell slowly to pretreatment levels. The increases were not associated with jaundice or other clinical signs or symptoms. <ref>29</ref>,<ref>3</ref>0
In the Scandinavian Simvastatin Survival Study (4S),<ref>14</ref> the number of patients with more than one transaminase elevation to ><ref>3</ref> times the ULN, over the course of the study, was not significantly different between the simvastatin and placebo groups (<ref>14</ref> [0.7%] vs. 12 [0.6%]). The frequency of single elevations of ALT to <ref>3</ref> times the ULN was significantly higher in the simvastatin group in the first year of the study (20 vs. 8, p=0.02<ref>3</ref>), but not thereafter. In the HPS (Heart Protection Study),<ref>10</ref> in which 20,5<ref>3</ref>6 patients were randomized to receive simvastatin 40 mg/day or placebo, the incidences of elevated transaminases (><ref>3</ref>X ULN confirmed by repeat test) were 0.21% (n=21) for patients treated with simvastatin and 0.09% (n=9) for patients treated with placebo.<ref>29</ref>,<ref>3</ref>0
Endocrine Effects
Increases in HbA1c and fasting serum glucose levels have been reported with HMG-CoA reductase inhibitors, including simvastatin.<ref>29</ref>
Although cholesterol is the precursor of all steroid hormones, studies with simvastatin have suggested that this agent has no clinical effect on steroidogenesis. Simvastatin caused no increase in biliary lithogenicity and, therefore, would not be expected to increase the incidence of gallstones.<ref>3</ref><ref>0</ref>","Peak plasma concentrations of both active and total inhibitors were attained within 1.3 to 2.4 hours post-dose. While the recommended therapeutic dose range is 10 to 40 mg/day, there was no substantial deviation from linearity of AUC with an increase in dose to as high as 1<ref>20</ref> mg. Relative to the fasting state, the plasma profile of inhibitors was not affected when simvastatin was administered immediately before a test meal.<ref>29</ref>,<ref><ref><ref>30</ref></ref></ref>
In a pharmacokinetic study of 17 healthy Chinese volunteers, the major PK parameters were as follows: Tmax 1.44 hours, Cmax 9.83 ug/L, t1/2 4.85 hours, and AUC 40.32ug·h/L.<ref>19</ref>
Simvastatin undergoes extensive first-pass extraction in the liver, the target organ for the inhibition of HMG-CoA reductase and the primary site of action. This tissue selectivity (and consequent low systemic exposure) of orally administered simvastatin has been shown to be far greater than that observed when the drug is administered as the enzymatically active form, i.e. as the open hydroxyacid.<ref><ref>30</ref></ref>
In animal studies, after oral dosing, simvastatin achieved substantially higher concentrations in the liver than in non-target tissues. However, because simvastatin undergoes extensive first-pass metabolism, the bioavailability of the drug in the systemic system is low. In a single-dose study in nine healthy subjects, it was estimated that less than 5% of an oral dose of simvastatin reached the general circulation in the form of active inhibitors.<ref><ref>30</ref></ref>
Genetic differences in the OATP1B1 (Organic-Anion-Transporting Polypeptide 1B1) hepatic transporter encoded by the SCLCO1B1 gene (Solute Carrier Organic Anion Transporter family member 1B1) have been shown to impact simvastatin pharmacokinetics. Evidence from pharmacogenetic studies of the c.5<ref>21</ref>T>C single nucleotide polymorphism (SNP) showed that simvastatin plasma concentrations were increased on average 3.2-fold for individuals homozygous for 5<ref>21</ref>CC compared to homozygous 5<ref>21</ref>TT individuals.<ref>22</ref>,<ref>21</ref> The 5<ref>21</ref>CC genotype is also associated with a marked increase in the risk of developing myopathy, likely secondary to increased systemic exposure.<ref>23</ref> Other statin drugs impacted by this polymorphism include rosuvastatin, pitavastatin, atorvastatin, lovastatin, and pravastatin.<ref>20</ref>
For patients known to have the above-mentioned c.5<ref>21</ref>CC OATP1B1 genotype, a maximum daily dose of <ref>20</ref>mg of simvastatin is recommended to avoid adverse effects from the increased exposure to the drug, such as muscle pain and risk of rhabdomyolysis.<ref><ref>30</ref></ref>
Evidence has also been obtained with other statins such as rosuvastatin that concurrent use of statins and inhibitors of Breast Cancer Resistance Protein (BCRP) such as elbasvir and grazoprevir increased the plasma concentration of these statins. Further evidence is needed, however a dose adjustment of simvastatin may be necessary. Other statin drugs impacted by this polymorphism include fluvastatin and atorvastatin.<ref>21</ref>","Rat studies indicate that when radiolabeled simvastatin was administered, simvastatin-derived radioactivity crossed the blood-brain barrier.<ref>29</ref>","Both simvastatin and its β-hydroxyacid metabolite are highly bound (approximately 95%) to human plasma proteins.<ref>29</ref>,<ref>30</ref>","Simvastatin is administered as the inactive lactone derivative that is then metabolically activated to its β-hydroxyacid form by a combination of spontaneous chemical conversion and enzyme-mediated hydrolysis by nonspecific carboxyesterases in the intestinal wall, liver, and plasma. Oxidative metabolism in the liver is primarily mediated by CYP3A4 and CYP3A5, with the remaining metabolism occurring through CYP2C8 and CYP2C9.<ref>25</ref>
The major active metabolites of simvastatin are β-hydroxyacid metabolite and its 6'-hydroxy, 6'-hydroxymethyl, and 6'-exomethylene derivatives.<ref>29</ref>,<ref>30</ref>
Polymorphisms in the CYP3A5 gene have been shown to affect the disposition of simvastatin and may provide a plausible explanation for interindividual variability of simvastatin disposition and pharmacokinetics.<ref>24</ref>
Hover over products below to view reaction partners
Simvastatin
simvastatin hydroxy acid
6'-beta-Hydroxysimvastatin
3', 5'-Dihydrodiol
6'-exomethylene","Following an oral dose of 14C-labeled simvastatin in man, 13% of the dose was excreted in urine and 60% in feces.<ref>29</ref>,<ref>30</ref>",4.85 hours<ref>19</ref>,Not Available,Not Available,"reference-A972: Wolozin B, Wang SW, Li NC, Lee A, Lee TA, Kazis LE: Simvastatin is associated with a reduced incidence of dementia and Parkinson's disease. BMC Med. 2007 Jul 19;5:20. | https://go.drugbank.com/articles/A972 || reference-A181421: Moghadasian MH: Clinical pharmacology of 3-hydroxy-3-methylglutaryl coenzyme A reductase inhibitors. Life Sci. 1999;65(13):1329-37. doi: 10.1016/s0024-3205(99)00199-x. | https://go.drugbank.com/articles/A181421 || reference-A181087: Anderson TJ, Gregoire J, Pearson GJ, Barry AR, Couture P, Dawes M, Francis GA, Genest J Jr, Grover S, Gupta M, Hegele RA, Lau DC, Leiter LA, Lonn E, Mancini GB, McPherson R, Ngui D, Poirier P, Sievenpiper JL, Stone JA, Thanassoulis G, Ward R: 2016 Canadian Cardiovascular Society Guidelines for the Management of Dyslipidemia for the Prevention of Cardiovascular Disease in the Adult. Can J Cardiol. 2016 Nov;32(11):1263-1282. doi: 10.1016/j.cjca.2016.07.510. Epub 2016 Jul 25. | https://go.drugbank.com/articles/A181087 || reference-A181406: Grundy SM, Stone NJ: 2018 American Heart Association/American College of Cardiology Multisociety Guideline on the Management of Blood Cholesterol: Primary Prevention. JAMA Cardiol. 2019 Apr 10. pii: 2730287. doi: 10.1001/jamacardio.2019.0777. | https://go.drugbank.com/articles/A181406 || reference-A181084: Kreatsoulas C, Anand SS: The impact of social determinants on cardiovascular disease. Can J Cardiol. 2010 Aug-Sep;26 Suppl C:8C-13C. doi: 10.1016/s0828-282x(10)71075-8. | https://go.drugbank.com/articles/A181084 || reference-A181090: Authors unspecified: Prevention of cardiovascular events and death with pravastatin in patients with coronary heart disease and a broad range of initial cholesterol levels. N Engl J Med. 1998 Nov 5;339(19):1349-57. doi: 10.1056/NEJM199811053391902. | https://go.drugbank.com/articles/A181090 || reference-A181093: Cannon CP, Braunwald E, McCabe CH, Rader DJ, Rouleau JL, Belder R, Joyal SV, Hill KA, Pfeffer MA, Skene AM: Intensive versus moderate lipid lowering with statins after acute coronary syndromes. N Engl J Med. 2004 Apr 8;350(15):1495-504. doi: 10.1056/NEJMoa040583. Epub 2004 Mar 8. | https://go.drugbank.com/articles/A181093 || reference-A181096: Ridker PM, Danielson E, Fonseca FA, Genest J, Gotto AM Jr, Kastelein JJ, Koenig W, Libby P, Lorenzatti AJ, MacFadyen JG, Nordestgaard BG, Shepherd J, Willerson JT, Glynn RJ: Rosuvastatin to prevent vascular events in men and women with elevated C-reactive protein. N Engl J Med. 2008 Nov 20;359(21):2195-207. doi: 10.1056/NEJMoa0807646. Epub 2008 Nov 9. | https://go.drugbank.com/articles/A181096 || reference-A181427: Nicholls SJ, Ballantyne CM, Barter PJ, Chapman MJ, Erbel RM, Libby P, Raichlen JS, Uno K, Borgman M, Wolski K, Nissen SE: Effect of two intensive statin regimens on progression of coronary disease. N Engl J Med. 2011 Dec 1;365(22):2078-87. doi: 10.1056/NEJMoa1110874. Epub 2011 Nov 15. | https://go.drugbank.com/articles/A181427 || reference-A181475: Authors unspecified: MRC/BHF Heart Protection Study of cholesterol lowering with simvastatin in 20,536 high-risk individuals: a randomised placebo-controlled trial. Lancet. 2002 Jul 6;360(9326):7-22. doi: 10.1016/S0140-6736(02)09327-3. | https://go.drugbank.com/articles/A181475 || reference-A181397: Mihaylova B, Emberson J, Blackwell L, Keech A, Simes J, Barnes EH, Voysey M, Gray A, Collins R, Baigent C: The effects of lowering LDL cholesterol with statin therapy in people at low risk of vascular disease: meta-analysis of individual data from 27 randomised trials. Lancet. 2012 Aug 11;380(9841):581-90. doi: 10.1016/S0140-6736(12)60367-5. Epub 2012 May 17. | https://go.drugbank.com/articles/A181397 || reference-A181403: Taylor F, Huffman MD, Macedo AF, Moore TH, Burke M, Davey Smith G, Ward K, Ebrahim S: Statins for the primary prevention of cardiovascular disease. Cochrane Database Syst Rev. 2013 Jan 31;(1):CD004816. doi: 10.1002/14651858.CD004816.pub5. | https://go.drugbank.com/articles/A181403 || reference-A181535: Pedersen TR, Faergeman O, Kastelein JJ, Olsson AG, Tikkanen MJ, Holme I, Larsen ML, Bendiksen FS, Lindahl C, Szarek M, Tsai J: High-dose atorvastatin vs usual-dose simvastatin for secondary prevention after myocardial infarction: the IDEAL study: a randomized controlled trial. JAMA. 2005 Nov 16;294(19):2437-45. doi: 10.1001/jama.294.19.2437. | https://go.drugbank.com/articles/A181535 || reference-A181538: Authors unspecified: Randomised trial of cholesterol lowering in 4444 patients with coronary heart disease: the Scandinavian Simvastatin Survival Study (4S) Lancet. 1994 Nov 19;344(8934):1383-9. | https://go.drugbank.com/articles/A181538 || reference-A181424: Liao JK, Laufs U: Pleiotropic effects of statins. Annu Rev Pharmacol Toxicol. 2005;45:89-118. doi: 10.1146/annurev.pharmtox.45.120403.095748. | https://go.drugbank.com/articles/A181424 || reference-A181553: Kannel WB, Castelli WP, Gordon T, McNamara PM: Serum cholesterol, lipoproteins, and the risk of coronary heart disease. The Framingham study. Ann Intern Med. 1971 Jan;74(1):1-12. doi: 10.7326/0003-4819-74-1-1. | https://go.drugbank.com/articles/A181553 || reference-A181559: Weitz-Schmidt G, Welzenbach K, Brinkmann V, Kamata T, Kallen J, Bruns C, Cottens S, Takada Y, Hommel U: Statins selectively inhibit leukocyte function antigen-1 by binding to a novel regulatory integrin site. Nat Med. 2001 Jun;7(6):687-92. doi: 10.1038/89058. | https://go.drugbank.com/articles/A181559 || reference-A1793: Jones PH, Davidson MH, Stein EA, Bays HE, McKenney JM, Miller E, Cain VA, Blasetto JW: Comparison of the efficacy and safety of rosuvastatin versus atorvastatin, simvastatin, and pravastatin across doses (STELLAR* Trial). Am J Cardiol. 2003 Jul 15;92(2):152-60. | https://go.drugbank.com/articles/A1793 || reference-A181571: Zhou Q, Ruan ZR, Jiang B, Yuan H, Zeng S: Simvastatin pharmacokinetics in healthy Chinese subjects and its relations with CYP2C9, CYP3A5, ABCB1, ABCG2 and SLCO1B1 polymorphisms. Pharmazie. 2013 Feb;68(2):124-8. | https://go.drugbank.com/articles/A181571 || reference-A181460: Elsby R, Hilgendorf C, Fenner K: Understanding the critical disposition pathways of statins to assess drug-drug interaction risk during drug development: it's not just about OATP1B1. Clin Pharmacol Ther. 2012 Nov;92(5):584-98. doi: 10.1038/clpt.2012.163. Epub 2012 Oct 10. | https://go.drugbank.com/articles/A181460 || reference-A181478: Keskitalo JE, Zolk O, Fromm MF, Kurkinen KJ, Neuvonen PJ, Niemi M: ABCG2 polymorphism markedly affects the pharmacokinetics of atorvastatin and rosuvastatin. Clin Pharmacol Ther. 2009 Aug;86(2):197-203. doi: 10.1038/clpt.2009.79. Epub 2009 May 27. | https://go.drugbank.com/articles/A181478 || reference-A34995: Pasanen MK, Neuvonen M, Neuvonen PJ, Niemi M: SLCO1B1 polymorphism markedly affects the pharmacokinetics of simvastatin acid. Pharmacogenet Genomics. 2006 Dec;16(12):873-9. doi: 10.1097/01.fpc.0000230416.82349.90. | https://go.drugbank.com/articles/A34995 || reference-A34994: Link E, Parish S, Armitage J, Bowman L, Heath S, Matsuda F, Gut I, Lathrop M, Collins R: SLCO1B1 variants and statin-induced myopathy--a genomewide study. N Engl J Med. 2008 Aug 21;359(8):789-99. doi: 10.1056/NEJMoa0801936. Epub 2008 Jul 23. | https://go.drugbank.com/articles/A34994 || reference-A181577: Kim KA, Park PW, Lee OJ, Kang DK, Park JY: Effect of polymorphic CYP3A5 genotype on the single-dose simvastatin pharmacokinetics in healthy subjects. J Clin Pharmacol. 2007 Jan;47(1):87-93. doi: 10.1177/0091270006295063. | https://go.drugbank.com/articles/A181577 || reference-A181580: Tubic-Grozdanis M, Hilfinger JM, Amidon GL, Kim JS, Kijek P, Staubach P, Langguth P: Pharmacokinetics of the CYP 3A substrate simvastatin following administration of delayed versus immediate release oral dosage forms. Pharm Res. 2008 Jul;25(7):1591-600. doi: 10.1007/s11095-007-9519-6. Epub 2008 Jan 24. | https://go.drugbank.com/articles/A181580 || reference-A38719: Kitzmiller JP, Mikulik EB, Dauki AM, Murkherjee C, Luzum JA: Pharmacogenomics of statins: understanding susceptibility to adverse effects. Pharmgenomics Pers Med. 2016 Oct 3;9:97-106. doi: 10.2147/PGPM.S86013. eCollection 2016. | https://go.drugbank.com/articles/A38719 || reference-A181409: Adams SP, Sekhon SS, Wright JM: Lipid-lowering efficacy of rosuvastatin. Cochrane Database Syst Rev. 2014 Nov 21;(11):CD010254. doi: 10.1002/14651858.CD010254.pub2. | https://go.drugbank.com/articles/A181409 || reference-L10583: FDA Approved Drug Products: Zocor (simvastatin) oral tablets | https://www.accessdata.fda.gov/drugsatfda_docs/label/2022/019766s099lbl.pdf || reference-F4655: FDA Label - Simvastatin | https://s3-us-west-2.amazonaws.com/drugbank/cite_this/attachments/files/000/004/655/original/FDA_Label_-_simvastatin.pdf?1564075804 || reference-F4658: Health Canada Monograph - Simvastatin | https://s3-us-west-2.amazonaws.com/drugbank/cite_this/attachments/files/000/004/658/original/Health_Canada_Monograph_-_Simvastatin.PDF?1564075821"
Beta Blocking Agents,,,,,,,,,,,,,,
salmeterol,DB00938,Salmeterol is a long-acting beta-2 adrenergic receptor agonist used to treat asthma and COPD.,"Salmeterol is indicated in the treatment of asthma with an inhaled corticosteroid, prevention of exercise induced bronchospasm, and the maintenance of airflow obstruction and prevention of exacerbations of chronic obstructive pulmonary disease.<ref>8</ref>,<ref>9</ref>,<ref>10</ref>,<ref>11</ref>,<ref>12</ref>","Beta-2 adrenoceptor stimulation causes relaxation of bronchial smooth muscle, bronchodilation, and increased airflow.<ref><ref><ref>1</ref></ref></ref>
Salmeterol is hypothesized to bind to 2 sites on the beta-2 adrenoceptor.<ref><ref><ref>1</ref></ref></ref> The saligenin moiety binds to the active site of the beta-2 adrenoceptor.<ref><ref><ref>1</ref></ref></ref> The hydrophilic tail of salmeterol binds to leucine residues in the exo-site of the beta-2 adrenoceptor almost irreversibly, allowing salmeterol to persist in the active site, which is responsible for it's long duration of action.<ref><ref><ref>1</ref></ref></ref>,<ref>3</ref>
Another hypothesis is that the lipophilic drug diffuses into lipid bilayer of smooth muscle cells and provides a depot of drug to the cells over a longer period of time.<ref><ref><ref>1</ref></ref></ref>","Salmeterol is a long acting beta-2 adrenergic receptor agonist that binds to both the active and exo sites of the beta-2 adrenergic receptor.<ref>1</ref> Salmeterol has a longer duration of action than other beta-2 agonists like salbutamol.<ref>5</ref> Patients should be counselled regarding the risks of long acting beta agonist (LABA) monotherapy, hypokalemia, hypoglycemia, and not to take this drug with another LABA.8,9,<ref>1</ref>0,<ref>1</ref><ref>1</ref>,<ref>1</ref><ref>2</ref>","In asthmatic patients, a <ref>5</ref>0µg dose of inhaled salmeterol powder reaches a Cmax of 47.897pg/mL, with a Tmax of 0.240h, and an AUC of 1<ref>5</ref>6.041pg/mL/h.<ref>5</ref>","In asthmatic patients, the volume of distribution of the central compartment is 177L and the volume of distribution of the peripheral compartment is 3160L.<ref>5</ref>",Salmeterol is 96%<ref>8</ref> protein bound in plasma to albumin and alpha-<ref>1</ref>-acid glycoprotein.<ref>1</ref>,"Salmeterol is predominantly metabolized by CYP3A4 to alpha-hydroxysalmeterol,<ref>1</ref> and minorly by an unknown mechanism to an O-dealkylated metabolite.<ref>2</ref>
Hover over products below to view reaction partners
Salmeterol
alpha-hydroxysalmeterol
Salmeterol O-dealkylated Metabolite",Salmeterol is 57.4% eliminated in the feces<ref>9</ref> and 23% in the urine.<ref>1</ref> Less than 5% of a dose is eliminated in the urine as unchanged salmeterol.<ref>1</ref>,The half life of salmeterol is 5.5h.<ref>1</ref>,"The average clearance of salmeterol in a group of asthmatic patients was 392L/h.<ref>5</ref> Further data regarding the clearance of salmeterol is not readily available.<ref>8</ref>,<ref>9</ref>,<ref>10</ref>,<ref>11</ref>,<ref>12</ref>","Patients experiencing an overdose have presented with metabolic acidosis, hyperlactatemia, anxiety, palpitations, chest pain, sinus tachycardia, ST depression, hypokalemia, hypophosphatemia.<ref>4</ref> Though patients may also present with seizures, angina, hypertension or hypotension, arrhythmia, headache, tremor, muscle cramps, dry mouth, nausea, dizziness, fatigue, malaise, insomnia, and hyperglycemia.<ref>9</ref> Patients should be given symptomatic and supportive treatment which may include intravenous fluids, potassium supplementation, a cardioselective beta-blocker, and cardiac monitoring.<ref>4</ref>,<ref>9</ref>
Data regarding the LD50 of salmeterol is not readily available.<ref>13</ref>","reference-A183737: Cazzola M, Testi R, Matera MG: Clinical pharmacokinetics of salmeterol. Clin Pharmacokinet. 2002;41(1):19-30. doi: 10.2165/00003088-200241010-00003. | https://go.drugbank.com/articles/A183737 || reference-A190438: Manchee GR, Barrow A, Kulkarni S, Palmer E, Oxford J, Colthup PV, Maconochie JG, Tarbit MH: Disposition of salmeterol xinafoate in laboratory animals and humans. Drug Metab Dispos. 1993 Nov-Dec;21(6):1022-8. | https://go.drugbank.com/articles/A190438 || reference-A190444: Prentice B, Jaffe A, Thomas P: Beta2 Receptor Agonists Parnham M. (eds) Compendium of Inflammatory Diseases. | https://go.drugbank.com/articles/A190444 || reference-A190450: Manara A, Hantson P, Vanpee D, Thys F: Lactic acidosis following intentional overdose by inhalation of salmeterol and fluticasone. CJEM. 2012 Nov;14(6):378-81. doi: 10.2310/8000.2012.110581. | https://go.drugbank.com/articles/A190450 || reference-A190459: Soulele K, Macheras P, Karalis V: Pharmacokinetic analysis of inhaled salmeterol in asthma patients: Evidence from two dry powder inhalers. Biopharm Drug Dispos. 2017 Oct;38(7):407-419. doi: 10.1002/bdd.2077. Epub 2017 Jul 12. | https://go.drugbank.com/articles/A190459 || reference-A190477: Ullman A, Svedmyr N: Salmeterol, a new long acting inhaled beta 2 adrenoceptor agonist: comparison with salbutamol in adult asthmatic patients. Thorax. 1988 Sep;43(9):674-8. doi: 10.1136/thx.43.9.674. | https://go.drugbank.com/articles/A190477 || reference-L11542: FDA Approved Drug Products: Serevent Salmeterol Xinafoate Inhaled Metered Aerosol (Discontinued) | https://www.accessdata.fda.gov/scripts/cder/daf/index.cfm?event=overview.process&ApplNo=020236 || reference-L11545: FDA Approved Drug Products: Wixela Inhub Fluticasone and Salmeterol Inhalation Powder | https://www.accessdata.fda.gov/drugsatfda_docs/label/2019/208891Orig1s000lbl.pdf || reference-L11548: FDA Approved Drug Products: Serevent Diskus Salmeterol Inhalation Powder | https://www.accessdata.fda.gov/drugsatfda_docs/label/2019/020692s047lbl.pdf || reference-L11551: FDA Approved Drug Products: Airduo Respiclick Fluticasone and Salmeterol Inhalation Powder | https://www.accessdata.fda.gov/drugsatfda_docs/label/2018/208799s001lbl.pdf || reference-L11554: FDA Approved Drug Products: Advair HFA Fluticasone and Salmeterol Inhalation Aerosol | https://www.accessdata.fda.gov/drugsatfda_docs/label/2019/021254s028lbl.pdf || reference-L11557: FDA Approved Drug Products: Advair Diskus Fluticasone and Salmeterol Inhalation Powder | https://www.accessdata.fda.gov/drugsatfda_docs/label/2019/021077s061lbl.pdf || reference-L11569: Cayman Chemical: Salmeterol MSDS | https://www.caymanchem.com/msdss/16009m.pdf"
salbutamol,DB01001,"Albuterol is a beta-2 adrenergic receptor agonist used to treat asthma, bronchitis, COPD, as well as prevent exercise induced bronchospasms.","Salbutamol is indicated for (i) the symptomatic relief and prevention of bronchospasm due to bronchial asthma, chronic bronchitis, reversible obstructive airway disease, and other chronic bronchopulmonary disorders in which bronchospasm is a complicating factor, and/or (ii) the acute prophylaxis against exercise-induced bronchospasm and other stimuli known to induce bronchospasm.<ref>Label</ref>,<ref>4</ref>,<ref>5</ref>","In vitro studies and in vivo pharmacologic studies have shown that salbutamol has a preferential effect on beta2-adrenergic receptors compared with isoproterenol.<ref>Label</ref>,<ref>4</ref>,<ref>5</ref> Although beta2­ adrenoceptors are the predominant adrenergic receptors in bronchial smooth muscle and beta1 adrenoceptors are the predominant receptors in the heart, there are also beta2-adrenoceptors in the human heart comprising 10% to 50% of the total beta-adrenoceptors.<ref>Label</ref>,<ref>4</ref>,<ref>5</ref> The precise function of these receptors has not been established, but their presence raises the possibility that even selective beta2-agonists may have cardiac effects.<ref>Label</ref>,<ref>4</ref>,<ref>5</ref>
Activation of beta2-adrenergic receptors on airway smooth muscle leads to the activation of adenyl cyclase and to an increase in the intracellular concentration of cyclic-3′,5′-adenosine monophosphate (cyclic AMP).<ref>Label</ref>,<ref>4</ref>,<ref>5</ref> This increase of cyclic AMP leads to the activation of protein kinase A, which inhibits the phosphorylation of myosin and lowers intracellular ionic calcium concentrations, resulting in relaxation.<ref>Label</ref>,<ref>4</ref>,<ref>5</ref> Salbutamol relaxes the smooth muscles of all airways, from the trachea to the terminal bronchioles.<ref>Label</ref>,<ref>4</ref>,<ref>5</ref> Salbutamol acts as a functional antagonist to relax the airway irrespective of the spasmogen involved, thus protecting against all bronchoconstrictor challenges.<ref>Label</ref>,<ref>4</ref>,<ref>5</ref> Increased cyclic AMP concentrations are also associated with the inhibition of release of mediators from mast cells in the airway.<ref>Label</ref>,<ref>4</ref>,<ref>5</ref>
Salbutamol has been shown in most controlled clinical trials to have more effect on the respiratory tract, in the form of bronchial smooth muscle relaxation, than isoproterenol at comparable doses while producing fewer cardiovascular effects.<ref>Label</ref>,<ref>4</ref>,<ref>5</ref> Controlled clinical studies and other clinical experience have shown that inhaled albuterol, like other beta-adrenergic agonist drugs, can produce a significant cardiovascular effect in some patients, as measured by pulse rate, blood pressure, symptoms, and/or electrocardiographic changes.<ref>Label</ref>,<ref>4</ref>,<ref>5</ref>
A measurable decrease in airway resistance is typically observed within 5 to 15 minutes after inhalation of salbutamol.<ref>Label</ref>,<ref>4</ref>,<ref>5</ref> The maximum improvement in pulmonary function usually occurs 60 to 90 minutes after salbutamol treatment, and significant bronchodilator activity has been observed to persist for 3 to 6 hours.<ref>Label</ref>,<ref>4</ref>,<ref>5</ref>","Salbutamol (INN) or albuterol (USAN), a moderately selective beta(<ref>2</ref>)-receptor agonist similar in structure to terbutaline, is widely used as a bronchodilator to manage asthma and other chronic obstructive airway diseases.<ref>Label</ref>,<ref>4</ref>,<ref>5</ref> The R-isomer, levalbuterol, is responsible for bronchodilation while the S-isomer increases bronchial reactivity.<ref>2</ref> The R-enantiomer is available and sold in its pure form as levalbuterol and subsequently may produce fewer side-effects with only the R-enantiomer present - although this has not been formally demonstrated.<ref>2</ref>
After oral and parenteral administration, stimulation of the beta receptors in the body, both beta-1 and beta-<ref>2</ref>, occurs because (a) beta-<ref>2</ref> selectivity is not absolute, and (b) higher concentrations of salbutamol occur in the regions of these receptors with these modes of administration.<ref>Label</ref>,<ref>4</ref>,<ref>5</ref> This results in the beta-1 effect of cardiac stimulation, though not so much as with isoprenaline, and beta-<ref>2</ref> effects of peripheral vasodilatation and hypotension, skeletal muscle tremor, and uterine muscle relaxation.<ref>Label</ref>,<ref>4</ref>,<ref>5</ref>
Metabolic effects such as hyperinsulinemia and hyperglycemia also may occur, although it is not known whether these effects are mediated by beta-1 or beta-<ref>2</ref> receptors.<ref>Label</ref>,<ref>4</ref>,<ref>5</ref> The serum potassium levels have a tendency to fall.<ref>4</ref>","Following inhalation, salbutamol acts topically on bronchial smooth muscle and the drug is initially undetectable in the blood.<ref>4</ref> After 2 to 3 hours low concentrations are seen, due presumably to the portion of the dose which is swallowed and absorbed in the gut.<ref>4</ref>
In particular, the systemic levels of salbutamol are low after inhalation of recommended doses.<ref><ref><ref>Label</ref></ref></ref> A trial conducted in 12 healthy male and female subjects using a higher dose (1,<ref>080</ref> mcg of albuterol base) showed that mean peak plasma concentrations of approximately 3 ng/mL occurred after dosing when salbutamol was delivered using propellant HFA-13<ref>4</ref>a.<ref><ref><ref>Label</ref></ref></ref> The mean time to peak concentrations (Tmax) was delayed after administration of VENTOLIN (salbutamol) HFA (Tmax = 0.<ref>4</ref>2 hours) as compared with CFC-propelled salbutamol inhaler (Tmax = 0.17 hours).<ref><ref><ref>Label</ref></ref></ref>",The volume of distribution recorded for intravenously administered salbutamol has been recorded as <ref>1</ref>56 +/- 38 L.<ref>1</ref>,Salbutamol is only weakly bound to plasma proteins.<ref>5</ref>,"Salbutamol is not metabolized in the lung but is converted in the liver to the 4'-o-sulphate (salbutamol 4'-O-sulfate) ester, which has negligible pharmacologic activity.<ref>4</ref>,<ref>5</ref> It may also be metabolized by oxidative deamination and/or conjugation with glucuronide.<ref>4</ref>,<ref>5</ref> Salbutamol is ultimately excreted in the urine as free drug and as the metabolite.<ref>4</ref>,<ref>5</ref>
Hover over products below to view reaction partners
Albuterol
Salbutamol 4-O-sulfate","After oral administration, 58-78% of the dose is excreted in the urine in 24 hours, approximately 60% as metabolites.<ref>4</ref>,<ref>5</ref> A small fraction is excreted in the feces.<ref>4</ref>,<ref>5</ref>","The elimination half-life of inhaled or oral salbutamol has been recorded as being between 2.7 and 5 hours while the apparent terminal plasma half-life of albuterol has been documented as being approximately 4.6 hours.<ref>4</ref>,<ref>Label</ref>","The renal clearance of salbutamol has been documented as 272 +/- 38 ml/min after oral administration and 29<ref>1</ref> +/- 70 ml/min after intravenous administration.<ref>1</ref> Furthermore, the renal clearance of the predominant sulfate conjugate metabolite was recorded as 98.5 +/- 23.5 ml/min following oral administration.<ref>1</ref>","The expected signs and symptoms with overdosage of albuterol are those of excessive beta-adrenergic stimulation and/or occurrence or exaggeration of any of the signs and symptoms of beta-adrenergic stimulation (e.g., seizures, angina, hypertension or hypotension, tachycardia with rates up to 200 beats/min, arrhythmias, nervousness, headache, tremor, muscle cramps, dry mouth, palpitation, nausea, dizziness, fatigue, malaise, insomnia, hyperglycemia, hypokalemia, metabolic acidosis).<ref><ref><ref><ref><ref><ref><ref><ref><ref><ref><ref><ref><ref><ref><ref><ref>Label</ref></ref></ref></ref></ref></ref></ref></ref></ref></ref></ref></ref></ref></ref></ref></ref> In particular, the signs of salbutamol overdosage are significant tachycardia and/or significant muscle tremor.<ref><ref>4</ref></ref>,<ref>5</ref>
Hypokalaemia may occur following overdosage with salbutamol.<ref>4</ref> Serum potassium levels should be monitored.<ref>4</ref>
Lactic acidosis has been reported in association with high therapeutic doses as well as overdoses of short-acting beta-agonist therapy, therefore monitoring for elevated serum lactate and consequent metabolic acidosis (particularly if there is persistence or worsening of tachypnea despite resolution of other signs of bronchospasm such as wheezing) may be indicated in the setting of overdose.<ref><ref>4</ref></ref>,<ref>5</ref>
Salbutamol is categorized as Pregnancy Category C.<ref><ref><ref><ref><ref><ref><ref><ref><ref><ref><ref><ref><ref><ref><ref><ref>Label</ref></ref></ref></ref></ref></ref></ref></ref></ref></ref></ref></ref></ref></ref></ref></ref> There are no adequate and well-controlled trials with salbutamolc or albuterol sulfate in pregnant women.<ref><ref><ref><ref><ref><ref><ref><ref><ref><ref><ref><ref><ref><ref><ref><ref>Label</ref></ref></ref></ref></ref></ref></ref></ref></ref></ref></ref></ref></ref></ref></ref></ref> During worldwide marketing experience, various congenital anomalies, including cleft palate and limb defects, have been reported in the offspring of patients being treated with salbutamol.<ref><ref><ref><ref><ref><ref><ref><ref><ref><ref><ref><ref><ref><ref><ref><ref>Label</ref></ref></ref></ref></ref></ref></ref></ref></ref></ref></ref></ref></ref></ref></ref></ref> Some of the mothers were taking multiple medications during their pregnancies.<ref><ref><ref><ref><ref><ref><ref><ref><ref><ref><ref><ref><ref><ref><ref><ref>Label</ref></ref></ref></ref></ref></ref></ref></ref></ref></ref></ref></ref></ref></ref></ref></ref> No consistent pattern of defects can be discerned, and a relationship between salbutamol use and congenital anomalies has not been established.<ref><ref><ref><ref><ref><ref><ref><ref><ref><ref><ref><ref><ref><ref><ref><ref>Label</ref></ref></ref></ref></ref></ref></ref></ref></ref></ref></ref></ref></ref></ref></ref></ref> Animal reproduction studies in mice and rabbits revealed evidence of teratogenicity.<ref><ref><ref><ref><ref><ref><ref><ref><ref><ref><ref><ref><ref><ref><ref><ref>Label</ref></ref></ref></ref></ref></ref></ref></ref></ref></ref></ref></ref></ref></ref></ref></ref> Salbutamol should be used during pregnancy only if the potential benefit justifies the potential risk to the fetus<ref><ref><ref><ref><ref><ref><ref><ref><ref><ref><ref><ref><ref><ref><ref><ref>Label</ref></ref></ref></ref></ref></ref></ref></ref></ref></ref></ref></ref></ref></ref></ref></ref>]. Women should be advised to contact their physicians if they become pregnant while taking salbutamol.<ref><ref><ref><ref><ref><ref><ref><ref><ref><ref><ref><ref><ref><ref><ref><ref>Label</ref></ref></ref></ref></ref></ref></ref></ref></ref></ref></ref></ref></ref></ref></ref></ref>
Since there exists a potential for beta-agonist interference with uterine contractility, the use of salbutamol during labour should be restricted to those patients in whom the benefits clearly outweigh the risk.<ref><ref><ref><ref><ref><ref><ref><ref><ref><ref><ref><ref><ref><ref><ref><ref>Label</ref></ref></ref></ref></ref></ref></ref></ref></ref></ref></ref></ref></ref></ref></ref></ref>
Plasma levels of albuterol sulfate and HFA-13<ref>4</ref>a after inhaled therapeutic doses are very low in humans, but it is not known whether the components of salbutamol are excreted in human milk.<ref><ref><ref><ref><ref><ref><ref><ref><ref><ref><ref><ref><ref><ref><ref><ref>Label</ref></ref></ref></ref></ref></ref></ref></ref></ref></ref></ref></ref></ref></ref></ref></ref> Because of the potential for tumorigenicity shown for albuterol in animal studies and lack of experience with the use of salbutamol by nursing mothers, a decision should be made whether to discontinue nursing or to discontinue the drug, taking into account the importance of the drug to the mother.<ref><ref><ref><ref><ref><ref><ref><ref><ref><ref><ref><ref><ref><ref><ref><ref>Label</ref></ref></ref></ref></ref></ref></ref></ref></ref></ref></ref></ref></ref></ref></ref></ref> Caution should be exercised when salbutamol is administered to a nursing woman.<ref><ref><ref><ref><ref><ref><ref><ref><ref><ref><ref><ref><ref><ref><ref><ref>Label</ref></ref></ref></ref></ref></ref></ref></ref></ref></ref></ref></ref></ref></ref></ref></ref>
The safety and effectiveness of salbutamol in children younger than <ref>4</ref> years of age has not yet been established.<ref><ref><ref><ref><ref><ref><ref><ref><ref><ref><ref><ref><ref><ref><ref><ref>Label</ref></ref></ref></ref></ref></ref></ref></ref></ref></ref></ref></ref></ref></ref></ref></ref>
Clinical trials of VENTOLIN HFA did not include sufficient numbers of subjects aged 65 years and older to determine whether older subjects respond differently than younger subjects.<ref><ref><ref><ref><ref><ref><ref><ref><ref><ref><ref><ref><ref><ref><ref><ref>Label</ref></ref></ref></ref></ref></ref></ref></ref></ref></ref></ref></ref></ref></ref></ref></ref> Other reported clinical experience has not identified differences in responses between the elderly and younger patients.<ref><ref><ref><ref><ref><ref><ref><ref><ref><ref><ref><ref><ref><ref><ref><ref>Label</ref></ref></ref></ref></ref></ref></ref></ref></ref></ref></ref></ref></ref></ref></ref></ref> In general, dose selection for an elderly patient should be cautious, usually starting at the low end of the dosing range, reflecting the greater frequency of decreased hepatic, renal, or cardiac function, and of concomitant disease or other drug therapy.<ref><ref><ref><ref><ref><ref><ref><ref><ref><ref><ref><ref><ref><ref><ref><ref>Label</ref></ref></ref></ref></ref></ref></ref></ref></ref></ref></ref></ref></ref></ref></ref></ref>
The LD50 value was determined to be 1100 mg/kg (orally in mice).","reference-A174379: Morgan DJ, Paull JD, Richmond BH, Wilson-Evered E, Ziccone SP: Pharmacokinetics of intravenous and oral salbutamol and its sulphate conjugate. Br J Clin Pharmacol. 1986 Nov;22(5):587-93. | https://go.drugbank.com/articles/A174379 || reference-A174400: Jacobson GA, Raidal S, Robson K, Narkowicz CK, Nichols DS, Haydn Walters E: Bronchopulmonary pharmacokinetics of (R)-salbutamol and (S)-salbutamol enantiomers in pulmonary epithelial lining fluid and lung tissue of horses. Br J Clin Pharmacol. 2017 Jul;83(7):1436-1445. doi: 10.1111/bcp.13228. Epub 2017 Feb 8. | https://go.drugbank.com/articles/A174400 || reference-L44587: FDA Approved Drug Products: AIRSUPRA (albuterol and budesonide) inhalation aerosol, for oral inhalation use | https://www.accessdata.fda.gov/drugsatfda_docs/label/2023/214070s000lbl.pdf || reference-F3265: Salbutamol Australian Product Information | https://s3-us-west-2.amazonaws.com/drugbank/cite_this/attachments/files/000/003/265/original/ventolin_cfc_free_inhaler_pi_004_approved.pdf?1548976568 || reference-F3268: Salbutamol Canadian Product Information | https://s3-us-west-2.amazonaws.com/drugbank/cite_this/attachments/files/000/003/268/original/ventolin-hfa.pdf?1548976627"
corticosteroids,,,,,,,,,,,,,,
methacholine,DB06709,Methacholine is a parasympathomimetic bronchoconstrictor used to diagnose bronchial hyperreactivity in subjects who do not have clinically apparent asthma.,Methacholine is indicated in adult and pediatric patients aged five years and older without clinically apparent asthma for the diagnosis of bronchial airway hyperactivity via the methacholine challenge test.<ref>11</ref>,"Asthma is a complicated condition associated with airway remodelling, including the proliferation of airway smooth muscle (ASM) and altered extracellular matrix, aberrant pro-inflammatory immune responses, and excessive ASM contraction leading to decreased lung function.<ref>1</ref>,<ref>2</ref> Excessive ASM contraction in response to contractile agonists, a phenomenon termed airway hyperresponsiveness (AHR), is a physical manifestation of the altered pulmonary physiology in asthma.<ref>2</ref> Although numerous factors, such as increased ASM levels, pro-contractile molecules, pro-inflammatory cytokines, and growth factors, contribute to AHR, one of the key factors in determining ASM tone is regulated by vagal parasympathetic nerve innervation.<ref>1</ref>,<ref>2</ref>,<ref>3</ref> The response to acetylcholine and other cholinergic agonists at these neuromuscular junctions is predominantly controlled by inhibitory Gi-coupled M<ref>2</ref> and excitatory Gq-coupled M<ref>3</ref> muscarinic acetylcholine receptors (mAChRs). Activation of M<ref>3</ref> receptors results in ASM contraction and resulting bronchoconstriction through downstream calcium-dependent signalling pathways, while M<ref>2</ref> activation inhibits neuronal acetylcholine release.<ref>2</ref>,<ref>3</ref>,<ref>4</ref>
Methacholine is a non-specific mAChR agonist, capable of acting on all mAChR subtypes.<ref>5</ref>,<ref>6</ref>,<ref>7</ref> However, in the context of AHR, methacholine's ability to induce bronchoconstriction through M<ref>3</ref> receptors is clinically relevant.<ref>2</ref>,4,<ref>8</ref> In addition, M<ref>3</ref> agonism may increase the release of pro-inflammatory cytokines, further contributing to AHR.<ref>9</ref> The inhibitory effect of M<ref>2</ref> agonism by methacholine is likely also important, as shown by animal studies using mice with impaired M<ref>2</ref> function, and by observations that eosinophilic inflammation, such as occurs in asthma, negatively impacts M<ref>2</ref> function.<ref>3</ref> Hence, asthmatic patients are more sensitive to inhaled cholinergic agonists such as methacholine; this forms the basis for the methacholine challenge test, which diagnoses AHR through an increased methacholine-induced response.<ref>10</ref>,<ref>11</ref>","Methacholine is a non-specific cholinergic agonist (parasympathomimetic) that acts through muscarinic receptors in the lungs to induce bronchoconstriction, which is more significant in patients with asthma than those without. Therefore, methacholine carries a risk of severe bronchoconstriction, especially in patients with pre-existing reduced pulmonary function (typically baseline FEV1 < 60% or < 1.5 L, at least in adults), clinically apparent asthma or wheezing, or other health conditions such as uncontrolled hypertension, aortic aneurysm, or history of myocardial infarction or stroke. Use in patients with epilepsy, vagotonia, peptic ulcer disease, thyroid disease, urinary tract obstruction or other conditions that could be adversely affected by a cholinergic agent is not recommended. Also, there is a potential risk to healthcare workers administering the methacholine challenge test; proper precautions and protective equipment should be used as needed.<ref>11</ref>",Not Available,Not Available,Not Available,Not Available,Not Available,Not Available,Not Available,Not Available,"reference-A229598: Aghasafari P, George U, Pidaparti R: A review of inflammatory mechanism in airway diseases. Inflamm Res. 2019 Jan;68(1):59-74. doi: 10.1007/s00011-018-1191-2. Epub 2018 Oct 10. | https://go.drugbank.com/articles/A229598 || reference-A229603: Lam M, Lamanna E, Bourke JE: Regulation of Airway Smooth Muscle Contraction in Health and Disease. Adv Exp Med Biol. 2019;1124:381-422. doi: 10.1007/978-981-13-5895-1_16. | https://go.drugbank.com/articles/A229603 || reference-A229613: Castro JM, Resende RR, Mirotti L, Florsheim E, Albuquerque LL, Lino-dos-Santos-Franco A, Gomes E, de Lima WT, de Franco M, Ribeiro OG, Russo M: Role of m2 muscarinic receptor in the airway response to methacholine of mice selected for minimal or maximal acute inflammatory response. Biomed Res Int. 2013;2013:805627. doi: 10.1155/2013/805627. Epub 2013 Apr 18. | https://go.drugbank.com/articles/A229613 || reference-A229618: Gosens R, Bromhaar MM, Tonkes A, Schaafsma D, Zaagsma J, Nelemans SA, Meurs H: Muscarinic M(3) receptor-dependent regulation of airway smooth muscle contractile phenotype. Br J Pharmacol. 2004 Mar;141(6):943-50. doi: 10.1038/sj.bjp.0705709. Epub 2004 Mar 1. | https://go.drugbank.com/articles/A229618 || reference-A229623: Gonzalez JC, Albinana E, Baldelli P, Garcia AG, Hernandez-Guijo JM: Presynaptic muscarinic receptor subtypes involved in the enhancement of spontaneous GABAergic postsynaptic currents in hippocampal neurons. Eur J Neurosci. 2011 Jan;33(1):69-81. doi: 10.1111/j.1460-9568.2010.07475.x. Epub 2010 Nov 23. | https://go.drugbank.com/articles/A229623 || reference-A229628: Meyer EM, Otero DH: Pharmacological and ionic characterizations of the muscarinic receptors modulating [3H]acetylcholine release from rat cortical synaptosomes. J Neurosci. 1985 May;5(5):1202-7. | https://go.drugbank.com/articles/A229628 || reference-A229633: Tulic MK, Wale JL, Petak F, Sly PD: Muscarinic blockade of methacholine induced airway and parenchymal lung responses in anaesthetised rats. Thorax. 1999 Jun;54(6):531-7. doi: 10.1136/thx.54.6.531. | https://go.drugbank.com/articles/A229633 || reference-A229643: Borchers MT, Biechele T, Justice JP, Ansay T, Cormier S, Mancino V, Wilkie TM, Simon MI, Lee NA, Lee JJ: Methacholine-induced airway hyperresponsiveness is dependent on Galphaq signaling. Am J Physiol Lung Cell Mol Physiol. 2003 Jul;285(1):L114-20. doi: 10.1152/ajplung.00322.2002. Epub 2003 Feb 28. | https://go.drugbank.com/articles/A229643 || reference-A17070: Gosens R, Rieks D, Meurs H, Ninaber DK, Rabe KF, Nanninga J, Kolahian S, Halayko AJ, Hiemstra PS, Zuyderduyn S: Muscarinic M3 receptor stimulation increases cigarette smoke-induced IL-8 secretion by human airway smooth muscle cells. Eur Respir J. 2009 Dec;34(6):1436-43. doi: 10.1183/09031936.00045209. Epub 2009 May 21. | https://go.drugbank.com/articles/A17070 || reference-A229648: Davis BE, Blais CM, Cockcroft DW: Methacholine challenge testing: comparative pharmacology. J Asthma Allergy. 2018 May 14;11:89-99. doi: 10.2147/JAA.S160607. eCollection 2018. | https://go.drugbank.com/articles/A229648 || reference-L31763: FDA Approved Drug Products: PROVOCHOLINE (methacholine chloride) inhalation | https://www.accessdata.fda.gov/drugsatfda_docs/label/2020/019193s024lbl.pdf"
montelukast,DB00471,"Montelukast is a leukotriene receptor antagonist used as part of an asthma therapy regimen, to prevent exercise induced bronchoconstriction, and to treat seasonal allergic rhinitis.","Montelukast is indicated for: (a) the prophylaxis and chronic treatment of asthma in adults and pediatric patients who are 12 months of age and older<ref><ref>3</ref></ref>, although other regional health authorities specifically note this indication for adults and adolescents who are 15 years and older<ref>4</ref>,<ref>5</ref> and also include indications for preventing day and night-time symptoms, and the treatment of acetylsalicylic acid-sensitive asthma<ref>4</ref>; (b) the prevention of exercise-induced bronchoconstriction (EIB) in patients who are 6 years of age and older<ref><ref>3</ref></ref>, although other regional health authorities specifically note this indication for adults and adolescents who are 15 years and older<ref>4</ref>,<ref>5</ref>; and (c) the relief of symptoms of seasonal allergic rhinitis in patients 2 years of age and older and perennial allergic rhinitis in patients 6 months of age and older<ref><ref>3</ref></ref>, although other regional health authorities specifically note the relief of seasonal allergic rhinitis symptoms for adults and adolescents who are 15 years and older<ref>4</ref>,<ref>5</ref>. Furthermore, some formulations like chewable montelukast tablets may also be specifically indicated by particular regulatory bodies for the prophylaxis and chronic treatment of asthma, including the prevention of day and night-time symptoms, the treatment of acetylsalicylic acid based asthma, and the prevention of exercise-induced bronchoconstriction in adult and pediatric patients aged 2 and older<ref>8</ref>, between the ages 2 and 5<ref>7</ref>, or between the ages of 6 and 1<ref>4</ref> years.<ref>9</ref> Moreover, when employed for such indications montelukast is considered effective as monotherapy or when combined with other medications indicated for the maintenance treatment of chronic asthma.<ref>4</ref>,<ref>8</ref> For instance, montelukast and inhaled corticosteroids can be used concomitantly to demonstrate additive effects to control asthma or to decrease the necessary inhaled corticosteroid dose while still maintaining clinical stability.<ref>4</ref>,<ref>8</ref> Additionally, in patients who continue to experience asthma symptoms, montelukast can also be combined with an 'as required' short-acting beta-agonist, an inhaled corticosteroid, or inhaled corticosteroid paired with a long-acting beta-agonist.<ref>4</ref>,<ref>8</ref>","Cysteinyl leukotrienes (CysLT) like LTC4, LTD4, and LTE4, among others, are eicosanoids released by a variety of cells like mast cells and eosinophils.<ref>3</ref>,<ref>4</ref>,<ref>5</ref>,<ref>6</ref>,<ref>7</ref>,<ref>8</ref>,<ref>9</ref> When such CysLT bind to corresponding CysLT receptors like CysLT type-1 receptors located on respiratory airway smooth muscle cells, airway macrophages, and on various pro-inflammatory cells like eosinophils and some specific myeloid stem cells activities that facilitate the pathophysiology of asthma and allergic rhinitis are stimulated.<ref>3</ref>,<ref>4</ref>,<ref>5</ref>,<ref>6</ref>,<ref>7</ref>,<ref>8</ref>,<ref>9</ref>
In particular, CysLT-mediated airway bronchoconstriction, occluding mucous secretion, vascular permeability, and eosinophil recruitment are all types of effects that facilitate asthma.<ref>3</ref>,<ref>4</ref>,<ref>5</ref>,<ref>6</ref>,<ref>7</ref>,<ref>8</ref>,<ref>9</ref> Alternatively, in allergic rhinitis, CysLTs are released by the nasal mucosa when exposed to allergens during both early and late phase reactions and participate in eliciting symptoms of allergic rhinitis like a congested nose and airway.<ref>3</ref>,<ref>4</ref>,<ref>5</ref>,<ref>6</ref>,<ref>7</ref>,<ref>8</ref>,<ref>9</ref>
Subsequently, montelukast is a leukotriene receptor antagonist that binds with high affinity and selectivity to the CysLT type 1 receptor, which consequently assists in inhibiting any physiological actions of CysLTs like LTC4, LTD4, and LTE4 at the receptor that may facilitate asthma or allergic rhinitis.<ref>3</ref>,<ref>4</ref>,<ref>5</ref>,<ref>6</ref>,<ref>7</ref>,<ref>8</ref>,<ref>9</ref>","Montelukast is a leukotriene receptor antagonist that demonstrates a marked affinity and selectivity to the cysteinyl leukotriene receptor type-1 in preference to many other crucial airway receptors like the prostanoid, cholinergic, or beta-adrenergic receptors.<ref>3</ref>,<ref>4</ref>,<ref>5</ref>,<ref>6</ref>,<ref>7</ref>,<ref>8</ref>,<ref>9</ref> As a consequence, the agent can elicit substantial blockage of LTD4 leukotriene-mediated bronchoconstriction with doses as low as 5 mg.<ref>3</ref>,<ref>4</ref>,<ref>5</ref>,<ref>6</ref>,<ref>7</ref>,<ref>8</ref>,<ref>9</ref> Moreover, a placebo-controlled, crossover study (n=12) demonstrated that montelukast is capable of inhibiting early and late phase bronchoconstriction caused by antigen challenge by 75% and 57% respectively.<ref>3</ref>,<ref>4</ref>,<ref>5</ref>,<ref>6</ref>,<ref>7</ref>,<ref>8</ref>,<ref>9</ref>
In particular, it has been documented that montelukast can cause bronchodilation as soon as within 2 hours of oral administration.<ref>3</ref>,<ref>4</ref>,<ref>5</ref>,<ref>6</ref>,<ref>7</ref>,<ref>8</ref>,<ref>9</ref> This action can also be additive to the bronchodilation caused by the concomitant use of a beta agonist.<ref>3</ref>,<ref>4</ref>,<ref>5</ref>,<ref>6</ref>,<ref>7</ref>,<ref>8</ref>,<ref>9</ref> Nevertheless, clinical investigations performed with adults 15 years of age and older revealed that no additional clinical benefit is obtained when doses of montelukast greater than 10 mg a day are used.<ref>3</ref>,<ref>4</ref>,<ref>5</ref>,<ref>6</ref>,<ref>7</ref>,<ref>8</ref>,<ref>9</ref>
Additionally, in clinical trials with adults and pediatric asthmatic patients aged 6 to 14 years, it was also determined that montelukast can reduce mean peripheral blood eosinophils by about 13% to 15% from baseline in comparison to placebo during double-blind treatment periods.<ref>3</ref>,<ref>4</ref>,<ref>5</ref>,<ref>6</ref>,<ref>7</ref>,<ref>8</ref>,<ref>9</ref> At the same time, in patients aged 15 years and older who were experiencing seasonal allergic rhinitis, the use of montelukast caused a median reduction of 13% in peripheral blood eosinophil counts when compared to placebo as well.<ref>3</ref>,<ref>4</ref>,<ref>5</ref>,<ref>6</ref>,<ref>7</ref>,<ref>8</ref>,<ref>9</ref>","It has been observed that montelukast is quickly absorbed following administration by the oral route.<ref>3</ref>,<ref>4</ref>,<ref>5</ref>,<ref>6</ref>,<ref>7</ref>,<ref>8</ref>,<ref>9</ref> The oral bioavailability documented for the drug is 64%.<ref>3</ref>,<ref>4</ref>,<ref>5</ref>,<ref>6</ref>,<ref>7</ref>,<ref>8</ref>,<ref>9</ref> Furthermore, it seems that having a regular meal in the morning or even a high fat snack in the evening does not affect the absorption of montelukast.<ref>3</ref>,<ref>4</ref>,<ref>5</ref>,<ref>6</ref>,<ref>7</ref>,<ref>8</ref>,<ref>9</ref>","The steady-state volume of distribution recorded for montelukast is an average between 8 to 11 litres.<ref>3</ref>,<ref>4</ref>,<ref>5</ref>,<ref>7</ref>,<ref>8</ref>,<ref>9</ref>","It has been determined that the protein binding of montelukast to plasma proteins exceeds 99%.<ref>3</ref>,<ref>4</ref>,<ref>5</ref>,<ref>7</ref>,<ref>8</ref>,<ref>9</ref>","It has been determined that montelukast is highly metabolized and typically so by the cytochrome P450 3A4, 2C8, and 2C9 isoenzymes.<ref>3</ref>,<ref>4</ref>,<ref>5</ref>,<ref>6</ref>,<ref>7</ref>,<ref>8</ref>,<ref>9</ref> In particular, it seems that the CYP2C8 enzymes play a significant role in the metabolism of the drug.<ref>3</ref>,<ref>4</ref>,<ref>5</ref>,<ref>6</ref>,<ref>7</ref>,<ref>8</ref>,<ref>9</ref> Nevertheless, at therapeutic doses, the plasma concentrations of montelukast metabolites are undetectable at steady state in adults and pediatric patients.<ref>3</ref>,<ref>4</ref>,<ref>5</ref>,<ref>6</ref>,<ref>7</ref>,<ref>8</ref>,<ref>9</ref>
Hover over products below to view reaction partners
Montelukast
Montelukast metabolite M1
Montelukast metabolite M2a
Montelukast metabolite M2b
Montelukast metabolite M5a
Montelukast metabolite M5b
Montelukast metabolite M6a
Montelukast metabolite M6b
montelukast sulfoxide
21-Hydroxymontelukast
21(S)-Hydroxy Montelukast
Montelukast 1, 2-Diol","It has been reported that montelukast and its metabolites are almost exclusively excreted in the bile and into the feces.<ref>3</ref>,<ref>4</ref>,<ref>5</ref>,<ref>6</ref>,<ref>7</ref>,<ref>8</ref>,<ref>9</ref>","Studies have demonstrated that the mean plasma half-life of montelukast varies from 2.7 to 5.5 hours when observed in healthy young adults.<ref>3</ref>,<ref>4</ref>,<ref>5</ref>,<ref>7</ref>,<ref>8</ref>,<ref>9</ref>","The plasma clearance documented for montelukast is an average of 45 mL/min when observed in healthy adults.<ref>3</ref>,<ref>4</ref>,<ref>5</ref>,<ref>7</ref>,<ref>8</ref>,<ref>9</ref>","The adverse effects associated with overdosage of montelukast include abdominal pain, somnolence, thirst, headache, vomiting, psychomotor hyperactivity, and less frequently, convulsion.<ref>3</ref>,<ref>4</ref>,<ref>5</ref>,<ref>6</ref>,<ref>7</ref>,<ref>8</ref>,<ref>9</ref>
The oral LD50 value determined for mice and rats is >5000 mg/kg.<ref>3</ref>,<ref>4</ref>,<ref>5</ref>,<ref>6</ref>,<ref>7</ref>,<ref>8</ref>,<ref>9</ref>
Montelukast has not been studied in pregnant women.<ref>3</ref>,<ref>4</ref>,<ref>5</ref>,<ref>6</ref>,<ref>7</ref>,<ref>8</ref>,<ref>9</ref> Consequently, it should be used during pregnancy only if clearly needed.<ref>3</ref>,<ref>4</ref>,<ref>5</ref>,<ref>6</ref>,<ref>7</ref>,<ref>8</ref>,<ref>9</ref>
Additionally, as it is unknown whether montelukast is excreted into human breast milk, there is also caution regarding the use of the medication in nursing mothers.<ref>3</ref>,<ref>4</ref>,<ref>5</ref>,<ref>6</ref>,<ref>7</ref>,<ref>8</ref>,<ref>9</ref>
The plasma half-life of montelukast is somewhat prolonged in elderly patients, although no dosage adjustment is generally necessary.<ref>3</ref>,<ref>4</ref>,<ref>5</ref>,<ref>6</ref>,<ref>7</ref>,<ref>8</ref>,<ref>9</ref>","reference-A178645: Falk NP, Hughes SW, Rodgers BC: Medications for Chronic Asthma. Am Fam Physician. 2016 Sep 15;94(6):454-62. | https://go.drugbank.com/articles/A178645 || reference-A178651: Lu CY, Zhang F, Lakoma MD, Butler MG, Fung V, Larkin EK, Kharbanda EO, Vollmer WM, Lieu T, Soumerai SB, Chen Wu A: Asthma Treatments and Mental Health Visits After a Food and Drug Administration Label Change for Leukotriene Inhibitors. Clin Ther. 2015 Jun 1;37(6):1280-91. doi: 10.1016/j.clinthera.2015.03.027. Epub 2015 Apr 25. | https://go.drugbank.com/articles/A178651 || reference-L6301: Singulair (montelukast sodium) US FDA Label 2019 | https://www.merck.com/product/usa/pi_circulars/s/singulair/singulair_pi.pdf || reference-L6304: Apo-Montelukast Canadian Product Monograph | https://pdf.hres.ca/dpd_pm/00049133.PDF || reference-L6307: Electronic Medicines Compendium: Montelukast 10 mg Film Coated Tablets Monograph | https://www.medicines.org.uk/emc/product/1243/smpc || reference-L6310: NCBI StatPearls [Internet]: Montelukast Profile | https://www.ncbi.nlm.nih.gov/books/NBK459301/ || reference-L6325: Electronic Medicines Compendium: Montelukast 4mg Chewable Tablets Monograph | https://www.medicines.org.uk/emc/product/6098/smpc || reference-L6328: Montelukast sodium tablets and chewable tablets Canadian Product Monograph | https://pdf.hres.ca/dpd_pm/00035313.PDF || reference-L6331: Electronic Medicines Compendium: Montelukast 5 mg Chewable Tablets Monograph | https://www.medicines.org.uk/emc/product/2710/smpc || reference-L34844: FDA Approved Drug Products: SINGULAIR (montelukast) oral tablets and granules | https://www.accessdata.fda.gov/drugsatfda_docs/label/2021/020829s074,020830s076,021409s052lbl.pdf"
tiotropium,DB01409,Tiotropium is a long-acting bronchodilator used in the management of chronic obstructive pulmonary disease (COPD).,"Tiotropium powder for inhalation is indicated for the maintenance of bronchospasm in COPD and to prevent exacerbations of COPD.<ref>2</ref> A combination tiotropium and olodaterol metered inhalation spray is indicated for maintenance of COPD.<ref>3</ref> A tiotropium inhalation spray is indicated for the maintenance of bronchospasm in COPD, to prevent exacerbations of COPD, and to treat asthma in patients 1<ref>2</ref> or more years old.<ref>4</ref> A tiotropium metered inhalation spray is indicated for the maintenance of bronchospasm in COPD, to prevent exacerbations of COPD, and to treat asthma in patients 6 or more years old.<ref>5</ref>","Tiotropium is an antagonist of muscarinic receptors M1 to M5.<ref>1</ref>,<ref>2</ref>,<ref>3</ref>,<ref>4</ref>,<ref>5</ref> Inhibition of the M3 receptor in the smooth muscle of the lungs leads to relaxation of smooth muscle and bronchodilation.<ref>1</ref>,<ref>2</ref>,<ref>3</ref>,<ref>4</ref>,<ref>5</ref>","Tiotropium is a long acting antimuscarinic that causes bronchodilation.<ref>1</ref>,<ref>2</ref>,<ref>3</ref>,<ref>4</ref>,<ref>5</ref> The effects of tiotropium last over 24 hours and there is a wide therapeutic index as overdoses are uncommon even at doses well above the recommended maximum.<ref>2</ref>,<ref>3</ref>,<ref>4</ref>,<ref>5</ref>","33% of an inhaled solution reaches systemic circulation, while oral solutions have a bioavailability of 2-3%.<ref>1</ref>,<ref>3</ref>,<ref>4</ref>,<ref>5</ref> A dry powder for inhalation is 19.5% bioavailable.<ref>1</ref>,<ref>2</ref> Tiotropium metered spray for inhalation reaches a maximum concentration in 5-7 minutes.<ref>3</ref>,<ref>4</ref>,<ref>5</ref>","The volume of distribution of tiotropium is 32L/kg.<ref>1</ref>,<ref>2</ref>,<ref>3</ref>,<ref>4</ref>,<ref>5</ref>","Tiotropium is 72% protein bound in plasma.<ref>1</ref>,<ref>2</ref>,<ref>3</ref>,<ref>4</ref>,<ref>5</ref>","Tiotropium is not heavily metabolized in the body.<ref>2</ref>,<ref>3</ref>,<ref>4</ref>,<ref>5</ref> 74% of an intravenous dose is excreted in the urine as unchanged drug.<ref>2</ref>,<ref>3</ref>,<ref>4</ref>,<ref>5</ref> Tiotropium is nonenzymatically cleaved to the inactive metabolites N-methylscopine and dithienylglycolic acid.<ref>2</ref>,<ref>3</ref>,<ref>4</ref>,<ref>5</ref> In vitro experiments show cytochrome P-450 dependent oxidation and glutathione conjugation to further metabolites.<ref>2</ref>,<ref>3</ref>,<ref>4</ref>,<ref>5</ref>
Hover over products below to view reaction partners
Tiotropium
Dithienylglycolic Acid + N-methylscopine","74% of intravenous tiotropium was excreted unchanged in urine.<ref>1</ref>,<ref>2</ref>,<ref>3</ref>,<ref>4</ref>,<ref>5</ref> <ref>1</ref>4% of a dry powder inhalation dose was excreted unchanged in the urine.<ref>1</ref> 24 hour urinary excretion after 2<ref>1</ref> days of 5µg once daily inhalation in patients with COPD is <ref>1</ref>8.6% and in patients with asthma is <ref>1</ref>2.8%.<ref>2</ref>,<ref>3</ref>,<ref>4</ref>,<ref>5</ref>","The terminal half life of tiotropium is 24 hours in patients with COPD and 44 hours in patients with asthma.<ref>4</ref>,<ref>5</ref>","The total clearance of tiotropium is 880mL/min in healthy subjects receiving 5µg daily.<ref>1</ref>,<ref>2</ref> The renal clearance of tiotropium was 669mL/min.<ref>1</ref> Patients <65 years old demonstrated a clearance of 365mL/min while patients ≥65 demonstrated a clearance of <ref>2</ref>7<ref>1</ref>mL/min.<ref>2</ref> This decreased clearance is not associated with increased AUC or Cmax.<ref>3</ref>,<ref>4</ref>,<ref>5</ref>","Symptoms of overdose include altered mental status, tremors, abdominal pain, and severe constipation.<ref>2</ref> However, doses of up to <ref>2</ref>8<ref>2</ref>µg did not lead to systemic anticholinergic effects in a trial of 6 patients.<ref>3</ref>,<ref>4</ref>,<ref>5</ref> In case of overdose, stop tiotropium and being symptomatic and supportive therapy.<ref>2</ref>,<ref>3</ref>,<ref>4</ref>,<ref>5</ref>","reference-A180163: Price D, Sharma A, Cerasoli F: Biochemical properties, pharmacokinetics and pharmacological response of tiotropium in chronic obstructive pulmonary disease patients. Expert Opin Drug Metab Toxicol. 2009 Apr;5(4):417-24. doi: 10.1517/17425250902828337 . | https://go.drugbank.com/articles/A180163 || reference-L7084: FDA Drug Approval Package: Tiotropium Bromide Powder for Inhalation | https://www.accessdata.fda.gov/scripts/cder/daf/index.cfm?event=overview.process&ApplNo=021395 || reference-L7087: FDA Approved Drug Products: Tiotropium and Olodaterol Metered Inhalation Spray | https://www.accessdata.fda.gov/drugsatfda_docs/label/2019/206756s011lbl.pdf || reference-L7090: FDA Approved Drug Products: Tiotropium Inhalation Spray | https://www.accessdata.fda.gov/drugsatfda_docs/label/2015/207070s000lbl.pdf || reference-L7093: FDA Approved Drug Products: Tiotropium Metered Inhalation Spray | https://www.accessdata.fda.gov/drugsatfda_docs/label/2019/021936s012lbl.pdf"
aspirin,,,,,,,,,,,,,,
repaglinide,DB00912,Repaglinide is a antihyperglycemic used to improve glycemic control in diabetes.,As an adjunct to diet and exercise to improve glycemic control in adults with type 2 diabetes mellitus.,"Repaglinide activity is dependent on the presence functioning β cells and glucose. In contrast to sulfonylurea insulin secretatogogues, repaglinide has no effect on insulin release in the absence of glucose. Rather, it potentiates the effect of extracellular glucose on ATP-sensitive potassium channel and has little effect on insulin levels between meals and overnight. As such, repaglinide is more effective at reducing postprandial blood glucose levels than fasting blood glucose levels and requires a longer duration of therapy (approximately one month) before decreases in fasting blood glucose are observed. The insulinotropic effects of repaglinide are highest at intermediate glucose levels (3 to 10 mmol/L) and it does not increase insulin release already stimulated by high glucose concentrations (greater than 15 mmol/L). Repaglinide appears to be selective for pancreatic β cells and does not appear to affect skeletal or cardiac muscle or thyroid tissue.","Insulin secretion by pancreatic β cells is partly controlled by cellular membrane potential. Membrane potential is regulated through an inverse relationship between the activity of cell membrane ATP-sensitive potassium channels (ABCC8) and extracellular glucose concentrations. Extracellular glucose enters the cell via GLUT2 (SLC2A2) transporters. Once inside the cell, glucose is metabolized to produce ATP. High concentrations of ATP inhibit ATP-sensitive potassium channels causing membrane depolarization. When extracellular glucose concentrations are low, ATP-sensitive potassium channels open causing membrane repolarization. High glucose concentrations cause ATP-sensitive potassium channels to close resulting in membrane depolarization and opening of L-type calcium channels. The influx of calcium ions stimulates calcium-dependent exocytosis of insulin granules. Repaglinide increases insulin release by inhibiting ATP-sensitive potassium channels in a glucose-dependent manner.","Rapidly and completely absorbed following oral administration. Peak plasma concentrations are observed within 1 hour (range 0.5-1.4 hours). The absolute bioavailability is approximately 56%. Maximal biological effect is observed within 3-3.5 hours and plasma insulin levels remain elevated for 4-6 hours. When a single 2 mg dose of repaglinide is given to healthy subjects, the area under the curve (AUC) is 18.0 - 18.7 (ng/mL/h)^3.",31 L following IV administration in healthy individuals,>98% (e.g. to to albumin and α1-acid glycoprotein),"Repaglinide is rapidly metabolized via oxidation and dealkylation by cytochrome P450 3A4 and 2C9 to form the major dicarboxylic acid derivative (M2). Further oxidation produces the aromatic amine derivative (M1). Glucuronidation of the carboxylic acid group of repaglinide yields an acyl glucuronide (M7). Several other unidentified metabolites have been detected. Repaglinide metabolites to not possess appreciable hypoglycemic activity.
Hover over products below to view reaction partners
Repaglinide
hydroxyrepaglinide
repaglinide aromatic amine","90% eliminated in feces (<2% as unchanged drug), 8% in urine (0.1% as unchanged drug)",1 hour,33-38 L/hour following IV administration,LD50 >1 g/kg (rat) (W. Grell),"reference-A1388: Massi-Benedetti M, Damsbo P: Pharmacology and clinical experience with repaglinide. Expert Opin Investig Drugs. 2000 Apr;9(4):885-98. | https://go.drugbank.com/articles/A1388 || reference-L35790: FDA Approved Drug Products: PRANDIN (repaglinide) tablets | https://www.accessdata.fda.gov/drugsatfda_docs/label/2019/020741s044lbl.pdf"
metformin,DB00331,Metformin is a biguanide antihyperglycemic used in conjunction with diet and exercise for glycemic control in type 2 diabetes mellitus. It is also used off-label for insulin resistance in polycystic ovary syndrome (PCOS).,"Metformin immediate-release formulations Metformin is indicated as an adjunct to diet and exercise to improve glycemic control in adults and pediatric patients ≥10 years old with type 2 diabetes mellitus.<ref>24</ref> Metformin extended-release tablet (XR) The extended-release formulation of metformin is indicated as an adjunct to diet and exercise to improve glycemic control in adults with type 2 diabetes mellitus. Safety in children has not been determined to this date.<ref>23</ref> Metformin combination products Metformin is a component of a variety of combination products with other anti-diabetic agents. It is indicated, along with diet and exercise, to improve glycemic control in adult patients with type 2 diabetes mellitus in combination with DPP-4 inhibitors (sitagliptin, linagliptin, alogliptin, or saxagliptin),<ref>22</ref>,<ref>27</ref>,<ref>28</ref>,<ref>29</ref>,<ref>30</ref> in combination with SGLT2 inhibitors (canagliflozin, empagliflozin, ertugliflozin, or dapagliflozin),<ref>22</ref>,<ref>26</ref>,<ref>31</ref>,<ref>32</ref>,<ref>33</ref> or in combination with pioglitazone.<ref>25</ref>","Metformin's mechanisms of action are unique from other classes of oral antihyperglycemic drugs. Metformin decreases blood glucose levels by decreasing hepatic glucose production (also called gluconeogenesis), decreasing the intestinal absorption of glucose, and increasing insulin sensitivity by increasing peripheral glucose uptake and utilization.<ref>23</ref> It is well established that metformin inhibits mitochondrial complex I activity, and it has since been generally postulated that its potent antidiabetic effects occur through this mechanism.<ref><ref><ref><ref>6</ref></ref></ref></ref>,<ref>11</ref> The above processes lead to a decrease in blood glucose, managing type II diabetes and exerting positive effects on glycemic control.
After ingestion, the organic cation transporter-1 (OCT1) is responsible for the uptake of metformin into hepatocytes (liver cells). As this drug is positively charged, it accumulates in cells and in the mitochondria because of the membrane potentials across the plasma membrane as well as the mitochondrial inner membrane. Metformin inhibits mitochondrial complex I, preventing the production of mitochondrial ATP leading to increased cytoplasmic ADP:ATP and AMP:ATP ratios.<ref><ref><ref>6</ref></ref></ref> These changes activate AMP-activated protein kinase (AMPK), an enzyme that plays an important role in the regulation of glucose metabolism.<ref>15</ref> Aside from this mechanism, AMPK can be activated by a lysosomal mechanism involving other activators. Following this process, increases in AMP:ATP ratio also inhibit fructose-1,<ref><ref><ref>6</ref></ref></ref>-bisphosphatase enzyme, resulting in the inhibition of gluconeogenesis, while also inhibiting adenylate cyclase and decreasing the production of cyclic adenosine monophosphate (cAMP),<ref><ref><ref>6</ref></ref></ref> a derivative of ATP used for cell signaling 1<ref><ref><ref>6</ref></ref></ref>. Activated AMPK phosphorylates two isoforms of acetyl-CoA carboxylase enzyme, thereby inhibiting fat synthesis and leading to fat oxidation, reducing hepatic lipid stores and increasing liver sensitivity to insulin.<ref><ref><ref>6</ref></ref></ref>
In the intestines, metformin increases anaerobic glucose metabolism in enterocytes (intestinal cells), leading to reduced net glucose uptake and increased delivery of lactate to the liver. Recent studies have also implicated the gut as a primary site of action of metformin and suggest that the liver may not be as important for metformin action in patients with type 2 diabetes. Some of the ways metformin may play a role on the intestines is by promoting the metabolism of glucose by increasing glucagon-like peptide I (GLP-1) as well as increasing gut utilization of glucose.<ref><ref><ref>6</ref></ref></ref>
In addition to the above pathway, the mechanism of action of metformin may be explained by other ways, and its exact mechanism of action has been under extensive study in recent years.<ref>7</ref>,<ref>9</ref>,<ref>10</ref>,<ref>11</ref>","General effects
Insulin is an important hormone that regulates blood glucose levels.<ref>19</ref> Type II diabetes is characterized by a decrease in sensitivity to insulin, resulting in elevations in blood glucose when the pancreas can no longer compensate. In patients diagnosed with type 2 diabetes, insulin is unable to exert adequate effects on tissues and cells (i.e. insulin resistance)<ref>19</ref> and insulin deficiency may also be present.<ref>21</ref>
Metformin reduces hepatic production of glucose, decreases the intestinal absorption of glucose, and enhances insulin sensitivity by increasing both peripheral glucose uptake and utilization. In contrast with drugs of the sulfonylurea class, which lead to hyperinsulinemia, the secretion of insulin is unchanged with metformin use.<ref><ref>23</ref></ref>
Effect on fasting plasma glucose (FPG) and Glycosylated hemoglobin (HbA1c)
HbA1c is an important periodic measure of glycemic control used to monitor diabetic patients. Fasting plasma glucose is also a useful and important measure of glycemic control. In a 29-week clinical trial of subjects diagnosed with type II diabetes, metformin decreased the fasting plasma glucose levels by an average of 59 mg/dL from baseline, compared to an average increase of 6.3 mg/dL from baseline in subjects taking a placebo.<ref><ref>23</ref></ref> Glycosylated hemoglobin (HbA1c) was decreased by about 1.4% in subjects receiving metformin, and increased by 0.4% in subjects receiving placebo only.<ref><ref>23</ref></ref>","Regular tablet absorption
The absolute bioavailability of a metformin 500 mg tablet administered in the fasting state is about 50%-60%. Single-dose clinical studies using oral doses of metformin 500 to 1500 mg and 850 to 2550 mg show that there is a lack of dose proportionality with an increase in metformin dose, attributed to decreased absorption rather than changes in elimination.<ref><ref>24</ref></ref>
At usual clinical doses and dosing schedules of metformin, steady-state plasma concentrations of metformin are achieved within <ref><ref>24</ref></ref>-48 hours and are normally measured at <1 μg/mL.<ref><ref>24</ref></ref>
Extended-release tablet absorption
After a single oral dose of metformin extended-release, Cmax is reached with a median value of 7 hours and a range of between 4 and 8 hours. Peak plasma levels are measured to be about 20% lower compared to the same dose of regular metformin, however, the extent of absorption of both forms (as measured by area under the curve - AUC), are similar.<ref>23</ref>
Effect of food
Food reduces the absorption of metformin, as demonstrated by about a 40% lower mean peak plasma concentration (Cmax), a 25% lower area under the plasma concentration versus time curve (AUC), and a 35-minute increase in time to peak plasma concentration (Tmax) after ingestion of an 850 mg tablet of metformin taken with food, compared to the same dose administered during fasting.<ref><ref>24</ref></ref>
Though the extent of metformin absorption (measured by the area under the curve - AUC) from the metformin extended-release tablet is increased by about 50% when given with food, no effect of food on Cmax and Tmax of metformin is observed. High and low-fat meals exert similar effects on the pharmacokinetics of extended-release metformin.<ref>23</ref>",The apparent volume of distribution (V/F) of metformin after one oral dose of metformin 850 mg averaged at 654 ± 358 L.<ref>24</ref>,Metformin is negligibly bound to plasma proteins.<ref>24</ref>,Intravenous studies using a single dose of metformin in normal subjects show that metformin is excreted as unchanged drug in the urine and does not undergo hepatic metabolism (no metabolites have been identified in humans) or biliary excretion.<ref>24</ref>,"This drug is substantially excreted by the kidney.<ref>24</ref>
Renal clearance of metformin is about 3.5 times higher than creatinine clearance, which shows that renal tubular secretion is the major route of metformin elimination. After oral administration, about 90% of absorbed metformin is eliminated by the kidneys within the first <ref>24</ref> hours post-ingestion.<ref>24</ref>","The plasma elimination half-life of metformin is 6.2 hours in the plasma.<ref>24</ref> The elimination half-life in the blood is approximately 17.6 hours, suggesting that the erythrocyte mass may be a compartment of distribution.<ref>24</ref>","Renal clearance is about 3.5 times greater than creatinine clearance, which indicates that tubular secretion is the major route of metformin elimination. Following oral administration, approximately 90% of the absorbed drug is eliminated via the renal route within the first <ref>24</ref> hours.<ref>24</ref>","Metformin (hydrochloride) toxicity data:
Oral LD50 (rat): 1 g/kg; Intraperitoneal LD50 (rat): 500 mg/kg; Subcutaneous LD50 (rat): 300 mg/kg; Oral LD50 (mouse): 1450 mg/kg; Intraperitoneal LD50 (mouse): 420 mg/kg; Subcutaneous LD50 (mouse): 225 mg/kg.<ref>34</ref>,<ref>36</ref>
A note on lactic acidosis
Metformin decreases liver uptake of lactate, thereby increasing lactate blood levels which may increase the risk of lactic acidosis.<ref><ref><ref><ref><ref><ref><ref><ref>24</ref></ref></ref></ref></ref></ref></ref></ref> There have been reported postmarketing cases of metformin-associated lactic acidosis, including some fatal cases. Such cases had a subtle onset and were accompanied by nonspecific symptoms including malaise, myalgias, abdominal pain, respiratory distress, or increased somnolence. In certain cases, hypotension and resistant bradyarrhythmias have occurred with severe lactic acidosis.<ref><ref><ref><ref><ref><ref><ref><ref>24</ref></ref></ref></ref></ref></ref></ref></ref> Metformin-associated lactic acidosis was characterized by elevated blood lactate concentrations (>5 mmol/L), anion gap acidosis (without evidence of ketonuria or ketonemia), as well as an increased lactate:pyruvate ratio; metformin plasma levels were generally >5 mcg/mL.<ref><ref><ref><ref><ref><ref><ref><ref>24</ref></ref></ref></ref></ref></ref></ref></ref>
Risk factors for metformin-associated lactic acidosis include renal impairment, concomitant use of certain drugs (e.g. carbonic anhydrase inhibitors such as topiramate), age 65 years old or greater, having a radiological study with contrast, surgery and other procedures, hypoxic states (e.g., acute congestive heart failure), excessive alcohol intake, and hepatic impairment.<ref><ref><ref><ref><ref><ref><ref><ref>24</ref></ref></ref></ref></ref></ref></ref></ref>
A note on renal function
In patients with decreased renal function, the plasma and blood half-life of metformin is prolonged and the renal clearance is decreased.<ref><ref><ref><ref><ref><ref><ref><ref>24</ref></ref></ref></ref></ref></ref></ref></ref>
Metformin should be avoided in those with severely compromised renal function (creatinine clearance < 30 ml/min), acute/decompensated heart failure, severe liver disease and for 48 hours after the use of iodinated contrast dyes due to the risk of lactic acidosis.<ref><ref><ref><ref><ref><ref><ref><ref>24</ref></ref></ref></ref></ref></ref></ref></ref> Lower doses should be used in the elderly and those with decreased renal function. Metformin decreases fasting plasma glucose, postprandial blood glucose and glycosolated hemoglobin (HbA1c) levels, which are reflective of the last 8-10 weeks of glucose control. Metformin may also have a positive effect on lipid levels.
A note on hypoglycemia
When used alone, metformin does not cause hypoglycemia, however, it may potentiate the hypoglycemic effects of sulfonylureas and insulin when they are used together.<ref><ref><ref><ref><ref><ref><ref><ref>24</ref></ref></ref></ref></ref></ref></ref></ref>
Use in pregnancy
Available data from post-marketing studies have not indicated a clear association of metformin with major birth defects, miscarriage, or adverse maternal or fetal outcomes when metformin was ingested during pregnancy. Despite this, the abovementioned studies cannot definitively establish the absence of any metformin-associated risk due to methodological limitations, including small sample size and inconsistent study groups.<ref><ref><ref><ref><ref><ref><ref><ref>24</ref></ref></ref></ref></ref></ref></ref></ref>
Use in nursing
A limited number of published studies indicate that metformin is present in human milk. There is insufficient information to confirm the effects of metformin on the nursing infant and no available data on the effects of metformin on the production of milk. The developmental and health benefits of breastfeeding should be considered as well as the mother’s clinical need for metformin and any possible adverse effects on the nursing child.<ref><ref><ref><ref><ref><ref><ref><ref>24</ref></ref></ref></ref></ref></ref></ref></ref>","reference-A490: Witters LA: The blooming of the French lilac. J Clin Invest. 2001 Oct;108(8):1105-7. | https://go.drugbank.com/articles/A490 || reference-A491: UNGAR G, FREEDMAN L, SHAPIRO SL: Pharmacological studies of a new oral hypoglycemic drug. Proc Soc Exp Biol Med. 1957 May;95(1):190-2. | https://go.drugbank.com/articles/A491 || reference-A492: Lord JM, Flight IH, Norman RJ: Metformin in polycystic ovary syndrome: systematic review and meta-analysis. BMJ. 2003 Oct 25;327(7421):951-3. | https://go.drugbank.com/articles/A492 || reference-A493: Marchesini G, Brizi M, Bianchi G, Tomassetti S, Zoli M, Melchionda N: Metformin in non-alcoholic steatohepatitis. Lancet. 2001 Sep 15;358(9285):893-4. | https://go.drugbank.com/articles/A493 || reference-A494: Nair S, Diehl AM, Wiseman M, Farr GH Jr, Perrillo RP: Metformin in the treatment of non-alcoholic steatohepatitis: a pilot open label trial. Aliment Pharmacol Ther. 2004 Jul 1;20(1):23-8. | https://go.drugbank.com/articles/A494 || reference-A36534: Rena G, Hardie DG, Pearson ER: The mechanisms of action of metformin. Diabetologia. 2017 Sep;60(9):1577-1585. doi: 10.1007/s00125-017-4342-z. Epub 2017 Aug 3. | https://go.drugbank.com/articles/A36534 || reference-A36535: Madiraju AK, Qiu Y, Perry RJ, Rahimi Y, Zhang XM, Zhang D, Camporez JG, Cline GW, Butrico GM, Kemp BE, Casals G, Steinberg GR, Vatner DF, Petersen KF, Shulman GI: Metformin inhibits gluconeogenesis via a redox-dependent mechanism in vivo. Nat Med. 2018 Jul 23. pii: 10.1038/s41591-018-0125-4. doi: 10.1038/s41591-018-0125-4. | https://go.drugbank.com/articles/A36535 || reference-A36552: Lucis OJ: The status of metformin in Canada. Can Med Assoc J. 1983 Jan 1;128(1):24-6. | https://go.drugbank.com/articles/A36552 || reference-A36554: Cameron AR, Logie L, Patel K, Erhardt S, Bacon S, Middleton P, Harthill J, Forteath C, Coats JT, Kerr C, Curry H, Stewart D, Sakamoto K, Repiscak P, Paterson MJ, Hassinen I, McDougall G, Rena G: Metformin selectively targets redox control of complex I energy transduction. Redox Biol. 2018 Apr;14:187-197. doi: 10.1016/j.redox.2017.08.018. Epub 2017 Aug 26. | https://go.drugbank.com/articles/A36554 || reference-A36555: Madiraju AK, Erion DM, Rahimi Y, Zhang XM, Braddock DT, Albright RA, Prigaro BJ, Wood JL, Bhanot S, MacDonald MJ, Jurczak MJ, Camporez JP, Lee HY, Cline GW, Samuel VT, Kibbey RG, Shulman GI: Metformin suppresses gluconeogenesis by inhibiting mitochondrial glycerophosphate dehydrogenase. Nature. 2014 Jun 26;510(7506):542-6. doi: 10.1038/nature13270. Epub 2014 May 21. | https://go.drugbank.com/articles/A36555 || reference-A36557: Rena G, Pearson ER, Sakamoto K: Molecular mechanism of action of metformin: old or new insights? Diabetologia. 2013 Sep;56(9):1898-906. doi: 10.1007/s00125-013-2991-0. Epub 2013 Jul 9. | https://go.drugbank.com/articles/A36557 || reference-A36559: Lund SS, Tarnow L, Stehouwer CD, Schalkwijk CG, Frandsen M, Smidt UM, Pedersen O, Parving HH, Vaag A: Targeting hyperglycaemia with either metformin or repaglinide in non-obese patients with type 2 diabetes: results from a randomized crossover trial. Diabetes Obes Metab. 2007 May;9(3):394-407. doi: 10.1111/j.1463-1326.2007.00713.x. | https://go.drugbank.com/articles/A36559 || reference-A176140: Proks P, Kramer H, Haythorne E, Ashcroft FM: Binding of sulphonylureas to plasma proteins - A KATP channel perspective. PLoS One. 2018 May 17;13(5):e0197634. doi: 10.1371/journal.pone.0197634. eCollection 2018. | https://go.drugbank.com/articles/A176140 || reference-A176173: Viollet B, Guigas B, Sanz Garcia N, Leclerc J, Foretz M, Andreelli F: Cellular and molecular mechanisms of metformin: an overview. Clin Sci (Lond). 2012 Mar;122(6):253-70. doi: 10.1042/CS20110386. | https://go.drugbank.com/articles/A176173 || reference-A176348: Misra P, Chakrabarti R: The role of AMP kinase in diabetes. Indian J Med Res. 2007 Mar;125(3):389-98. | https://go.drugbank.com/articles/A176348 || reference-A176351: Valsecchi F, Ramos-Espiritu LS, Buck J, Levin LR, Manfredi G: cAMP and mitochondria. Physiology (Bethesda). 2013 May;28(3):199-209. doi: 10.1152/physiol.00004.2013. | https://go.drugbank.com/articles/A176351 || reference-A191967: Misbin RI: The phantom of lactic acidosis due to metformin in patients with diabetes. Diabetes Care. 2004 Jul;27(7):1791-3. doi: 10.2337/diacare.27.7.1791. | https://go.drugbank.com/articles/A191967 || reference-T511: Matthew J Crowley, MD, Clarissa J Diamantidis, MD, Jennifer R McDuffie, PhD, Blake Cameron, MD, John Stanifer, MD, Clare K Mock, MD, Andrzej Kosinski, PhD, Xianwei Wang, MD, Shuang Tang, MD, PhD, and John W Williams, Jr, MD, MHSc (2016). Metformin Use in Patients with Historical Contraindications or Precautions. Department of Veterans Affairs (US). || reference-T514: Institute for Quality and Efficiency in Health Care (IQWiG) (2008). Type 2 diabetes: Overview. InformedHealth.org. || reference-L4087: Improving diabetes prevention with benefit based tailored treatment: risk based reanalysis of Diabetes Prevention Program | https://www.bmj.com/content/350/bmj.h454/rr-0 || reference-L5753: UptoDate: Pathogenesis of type 2 diabetes mellitus | https://www.uptodate.com/contents/pathogenesis-of-type-2-diabetes-mellitus || reference-L11479: FDA Approved Drug Products: Trijardy XR (empagliflozin/linagliptin/metformin) extended-release tablets | https://www.accessdata.fda.gov/drugsatfda_docs/label/2020/212614s000lbl.pdf || reference-L12207: FDA Approved Drug Products: Glumetza (metformin hydrochloride) extended-release tablets for oral use | https://www.accessdata.fda.gov/drugsatfda_docs/label/2018/021748s025lbl.pdf || reference-L40243: FDA Approved Drug Products: Riomet (metformin hydrochloride) oral solution | https://www.accessdata.fda.gov/drugsatfda_docs/label/2018/021591s007lbl.pdf || reference-L11419: FDA Approved Drug Products: Actoplus Met (pioglitazone/metformin) oral tablets | https://www.accessdata.fda.gov/drugsatfda_docs/label/2017/021842s022lbl.pdf || reference-L30503: FDA Approved Products: INVOKAMET (canagliflozin and metformin hydrochloride tablets), for oral use | https://www.accessdata.fda.gov/drugsatfda_docs/label/2020/204353s039,205879s017lbl.pdf || reference-L40248: FDA Approved Drug Products: Janumet (sitagliptin and metformin hydrochloride) tablets for oral use | https://www.accessdata.fda.gov/drugsatfda_docs/label/2021/022044Orig1s051lbl.pdf || reference-L40253: FDA Approved Drug Products: Jentadueto (linagliptin and metformin hydrochloride) tablets for oral use | https://www.accessdata.fda.gov/drugsatfda_docs/label/2022/201281s031lbl.pdf || reference-L40258: FDA Approved Drug Products: Kazano (alogliptin and metformin hydrochloride) tablets for oral use | https://www.accessdata.fda.gov/drugsatfda_docs/label/2019/203414s012lbl.pdf || reference-L40263: FDA Approved Drug Products: Kombiglyze XR (saxagliptin and metformin hydrochloride) extended-release tablets for oral use | https://www.accessdata.fda.gov/drugsatfda_docs/label/2019/200678s024lbl.pdf || reference-L1134: FDA Approved Drug Products: Segluromet (ertugliflozin and metformin hydrochloride) tablets for oral use | https://www.accessdata.fda.gov/drugsatfda_docs/label/2021/209806s006lbl.pdf || reference-L13679: FDA Approved Drug Products: Synjardy (empagliflozin/metformin) oral tablets | https://www.accessdata.fda.gov/drugsatfda_docs/label/2020/206111s022lbl.pdf || reference-L38729: FDA Approved Drug Products: Xigduo XR (metformin hydrochloride/dapagliflozin) extended-release tablets for oral use | https://www.accessdata.fda.gov/drugsatfda_docs/label/2022/205649s017lbl.pdf || reference-L40283: CaymanChem: Metformin hydrochloride Safety Data Sheet | https://cdn.caymanchem.com/cdn/msds/13118m.pdf || reference-L36360: DailyMed Label: GLUCOPHAGE (metformin hydrochloride) tablets, for oral use | https://dailymed.nlm.nih.gov/dailymed/drugInfo.cfm?setid=4a0166c7-7097-4e4a-9036-6c9a60d08fc6 || reference-L50211: Viona Pharmaceuticals: Metformin hydrochloride extended-release tablets SDS | https://vionausa.com/wp-content/uploads/2020/01/SDS-Metformin-HCl-ER-Tablets.pdf || reference-L50206: Bristol-Myers Squibb Company: Glucophage (metformin hydrochloride) MSDS | https://imgcdn.mckesson.com/CumulusWeb/Click_and_learn/SDS_9BRMY_00087607005_GLUCOPHAGE_TAB.pdf || reference-F976: Comparing Dissolution Profiles of of Seven Metformin Formulations in Simulated Intestinal Fluid | https://s3-us-west-2.amazonaws.com/drugbank/cite_this/attachments/files/000/000/976/original/Comparing_dissolution_profiles.pdf?1533316462 || reference-F977: Glumetza FDA | https://s3-us-west-2.amazonaws.com/drugbank/cite_this/attachments/files/000/000/977/original/Glumetza.pdf?1533316755 || reference-F4096: Metformin label | https://s3-us-west-2.amazonaws.com/drugbank/cite_this/attachments/files/000/004/096/original/Metformin_label.pdf?1553286670 || reference-F4099: Metformin Canadian monograph | https://s3-us-west-2.amazonaws.com/drugbank/cite_this/attachments/files/000/004/099/original/glucophage_Canadian_monograph.pdf?1553287875 || reference-F4102: MedSafe NZ Metformin mylan | https://s3-us-west-2.amazonaws.com/drugbank/cite_this/attachments/files/000/004/102/original/Medsafe_NZ_metformin_myan.pdf?1553289694"
gliclazide,DB01120,Gliclazide is a sulfonylurea used to treat hyperglycemia in patients with type 2 diabetes mellitus.,For the treatment of NIDDM in conjunction with diet and exercise.,"Gliclazide binds to the β cell sulfonyl urea receptor (SUR1). This binding subsequently blocks the ATP sensitive potassium channels. The binding results in closure of the channels and leads to a resulting decrease in potassium efflux leads to depolarization of the β cells. This opens voltage-dependent calcium channels in the β cell resulting in calmodulin activation, which in turn leads to exocytosis of insulin containing secretorty granules.","Based on the pharmacological properties, gliclazide is a second generation sulphonylurea which acts as a hypoglycemic agent. It stimulates β cells of the islet of Langerhans in the pancreas to release insulin. It also enhances peripheral insulin sensitivity. Overall, it potentiates insulin release and improves insulin dynamics.",Rapidly and well absorbed but may have wide inter- and intra-individual variability. Peak plasma concentrations occur within 4-6 hours of oral administration.,Not Available,"94%, highly bound to plasma proteins","Extensively metabolized in the liver. Less than 1% of the orally administered dose appears unchanged in the urine. Metabolites include oxidized and hydroxylated derivates, as well as glucuronic acid conjugates.
Hover over products below to view reaction partners
Gliclazide
7-β-Hydroxygliclazide
6-β-Hydroxygliclazide
Methylhydroxygliclazide
Carboxygliclazide
7-α-Hydroxygliclazide
6-α-Hydroxygliclazide
7-OH-gliclazide
6-OH-gliclazide",Metabolites and conjugates are eliminated primarily by the kidneys (60-70%) and also in the feces (10-20%).,10.4 hours. Duration of action is 10-24 hours.,Not Available,"LD50=3000 mg/kg (orally in mice). Gliclazide and its metabolites may accumulate in those with severe hepatic and/or renal dysfunction. Symptoms of hypoglycemia include: dizziness, lack of energy, drowsiness, headache and sweating.","reference-A39546: Ballagi-Pordany G, Koszeghy A, Koltai MZ, Aranyi Z, Pogatsa G: Divergent cardiac effects of the first and second generation hypoglycemic sulfonylurea compounds. Diabetes Res Clin Pract. 1990 Jan;8(2):109-14. | https://go.drugbank.com/articles/A39546 || reference-T238: Scholar E. (2007). XPharm: The comprehensive Pharmacology Reference. Elsevier. || reference-T360: Ghosh S. and Collier A. (2012). Churchill's pocketbook of diabetes (2nd ed.). Elsevier."
atorvastatin,DB01076,Atorvastatin is an HMG-CoA reductase inhibitor used to lower lipid levels and reduce the risk of cardiovascular disease including myocardial infarction and stroke.,"Atorvastatin is indicated for the treatment of several types of dyslipidemias, including primary hyperlipidemia and mixed dyslipidemia in adults, hypertriglyceridemia, primary dysbetalipoproteinemia, homozygous familial hypercholesterolemia, and heterozygous familial hypercholesterolemia in adolescent patients with failed dietary modifications.<ref><ref><ref>2</ref></ref></ref> Dyslipidemia describes an elevation of plasma cholesterol, triglycerides or both as well as to the presence of low levels of high-density lipoprotein. This condition represents an increased risk for the development of atherosclerosis.<ref>36</ref> Atorvastatin is indicated, in combination with dietary modifications, to prevent cardiovascular events in patients with cardiac risk factors and/or abnormal lipid profiles.<ref><ref><ref>2</ref></ref></ref> Atorvastatin can be used as a preventive agent for myocardial infarction, stroke, revascularization, and angina, in patients without coronary heart disease but with multiple risk factors and in patients with type <ref><ref><ref>2</ref></ref></ref> diabetes without coronary heart disease but multiple risk factors.<ref><ref><ref>2</ref></ref></ref> Atorvastatin may be used as a preventive agent for non-fatal myocardial infarction, fatal and non-fatal stroke, revascularization procedures, hospitalization for congestive heart failure and angina in patients with coronary heart disease.<ref><ref><ref>2</ref></ref></ref> Prescribing of statin medications is considered standard practice following any cardiovascular events and for people with a moderate to high risk of development of CVD. Statin-indicated conditions include diabetes mellitus, clinical atherosclerosis (including myocardial infarction, acute coronary syndromes, stable angina, documented coronary artery disease, stroke, trans ischemic attack (TIA), documented carotid disease, peripheral artery disease, and claudication), abdominal aortic aneurysm, chronic kidney disease, and severely elevated LDL-C levels.<ref>9</ref>,<ref>10</ref>","Atorvastatin is a statin medication and a competitive inhibitor of the enzyme HMG-CoA (3-hydroxy-3-methylglutaryl coenzyme A) reductase, which catalyzes the conversion of HMG-CoA to mevalonate, an early rate-limiting step in cholesterol biosynthesis.<ref>1</ref>,<ref>8</ref> Atorvastatin acts primarily in the liver, where decreased hepatic cholesterol concentrations stimulate the upregulation of hepatic low-density lipoprotein (LDL) receptors, which increases hepatic uptake of LDL. Atorvastatin also reduces Very-Low-Density Lipoprotein-Cholesterol (VLDL-C), serum triglycerides (TG) and Intermediate Density Lipoproteins (IDL), as well as the number of apolipoprotein B (apo B) containing particles, but increases High-Density Lipoprotein Cholesterol (HDL-C).
In vitro and in vivo animal studies also demonstrate that atorvastatin exerts vasculoprotective effects independent of its lipid-lowering properties, also known as the pleiotropic effects of statins.<ref>25</ref> These effects include improvement in endothelial function, enhanced stability of atherosclerotic plaques, reduced oxidative stress and inflammation, and inhibition of the thrombogenic response. Statins were also found to bind allosterically to β2 integrin function-associated antigen-1 (LFA-1), which plays an essential role in leukocyte trafficking and T cell activation.<ref>29</ref>","Atorvastatin is an oral antilipemic agent that reversibly inhibits HMG-CoA reductase. It lowers total cholesterol, low-density lipoprotein-cholesterol (LDL-C), apolipoprotein B (apo B), non-high density lipoprotein-cholesterol (non-HDL-C), and triglyceride (TG) plasma concentrations while increasing HDL-C concentrations. High LDL-C, low HDL-C and high TG concentrations in the plasma are associated with increased risk of atherosclerosis and cardiovascular disease. The total cholesterol to HDL-C ratio is a strong predictor of coronary artery disease, and high ratios are associated with a higher risk of disease. Increased levels of HDL-C are associated with lower cardiovascular risk. By decreasing LDL-C and TG and increasing HDL-C, atorvastatin reduces the risk of cardiovascular morbidity and mortality.<ref><ref>2</ref><ref>1</ref></ref>,<ref>9</ref>,<ref><ref>1</ref>0</ref>,<ref><ref>2</ref><ref>7</ref></ref>
Elevated cholesterol levels (and high low-density lipoprotein (LDL) levels in particular) are an important risk factor for the development of CVD.<ref>9</ref> Clinical studies have shown that atorvastatin reduces LDL-C and total cholesterol by <ref>3</ref>6-5<ref>3</ref>%.<ref>3</ref> In patients with dysbetalipoproteinemia, atorvastatin reduced the levels of intermediate-density lipoprotein cholesterol.<ref>2</ref> It has also been suggested that atorvastatin can limit the extent of angiogenesis, which can be useful in the treatment of chronic subdural hematoma.<ref>1</ref>
Myopathy/Rhabdomyolysis
Atorvastatin, like other HMG-CoA reductase inhibitors, is associated with a risk of drug-induced myopathy characterized by muscle pain, tenderness, or weakness in conjunction with elevated levels of creatine kinase (CK). Myopathy often manifests as rhabdomyolysis with or without acute renal failure secondary to myoglobinuria. The risk of statin-induced myopathy is dose-related, and the symptoms of myopathy are typically resolved upon drug discontinuation. Results from observational studies suggest that <ref>1</ref>0-<ref>1</ref>5% of people taking statins may experience muscle aches at some point during treatment.<ref>3</ref>0
Liver Dysfunction
Statins, like some other lipid-lowering therapies, have been associated with biochemical abnormalities of liver function. Persistent elevations (> <ref>3</ref> times the upper limit of normal [ULN] occurring on two or more occasions) in serum transaminases occurred in 0.<ref>7</ref>% of patients who received atorvastatin in clinical trials. This effect appears to be dose-related.4<ref>2</ref>,4<ref>3</ref>
Endocrine Effects
Statins are associated with a risk of increased serum HbA<ref>1</ref>c and glucose levels. An in vitro study demonstrated a dose-dependent cytotoxic effect on human pancreatic islet β cells following treatment with atorvastatin. Moreover, insulin secretion rates decreased relative to control.<ref>7</ref>
HMG-CoA reductase inhibitors interfere with cholesterol synthesis and may theoretically interfere with the production of adrenal and/or gonadal steroids. Clinical studies with atorvastatin and other HMG-CoA reductase inhibitors have suggested that these agents do not affect plasma cortisol concentrations, basal plasma testosterone concentration, or adrenal reserve. However, the effect of statins on male fertility has not been fully investigated. The effects of statins on the pituitary-gonadal axis in premenopausal women are unknown.4<ref>3</ref>
Cardiovascular
Significant decreases in circulating ubiquinone levels in patients treated with atorvastatin and other statins have been observed. The clinical significance of a potential long-term statin-induced deficiency of ubiquinone has not been established. It has been reported that a decrease in myocardial ubiquinone levels could lead to impaired cardiac function in patients with borderline congestive heart failure.4<ref>3</ref>
Lipoprotein A
In some patients, the beneficial effect of lowered total cholesterol and LDL-C levels may be partly blunted by the concomitant increase in Lp(a) lipoprotein concentrations. Present knowledge suggests the importance of high Lp(a) levels as an emerging risk factor for coronary heart disease.4<ref>3</ref> Further studies have demonstrated statins affect Lp(a) levels differently in patients with dyslipidemia depending on their apo(a) phenotype; statins increase Lp(a) levels exclusively in patients with the low molecular weight apo(a) phenotype.<ref>2</ref><ref>8</ref>","Atorvastatin presents a dose-dependent and non-linear pharmacokinetic profile.<ref>4</ref> It is very rapidly absorbed after oral administration. After the administration of a dose of <ref>4</ref>0 mg, its peak plasma concentration of <ref>2</ref>8 ng/ml is reached 1-<ref>2</ref> hours after initial administration with an AUC of about <ref>2</ref>00 ng∙h/ml.<ref>6</ref> Atorvastatin undergoes extensive first-pass metabolism in the wall of the gut and the liver, resulting in an absolute oral bioavailability of 1<ref>4</ref>%.<ref>2</ref> Plasma atorvastatin concentrations are lower (approximately <ref>3</ref>0% for Cmax and AUC) following evening drug administration compared with morning. However, LDL-C reduction is the same regardless of the time of day of drug administration.<ref>4</ref><ref>2</ref>
Administration of atorvastatin with food results in prolonged Tmax and a reduction in Cmax and AUC.<ref>3</ref>
Breast Cancer Resistance Protein (BCRP) is a membrane-bound protein that plays an important role in the absorption of atorvastatin.<ref>2</ref><ref>6</ref> Evidence from pharmacogenetic studies of c.<ref>4</ref><ref>2</ref>1C>A single nucleotide polymorphisms (SNPs) in the gene for BCRP has demonstrated that individuals with the <ref>4</ref><ref>2</ref>1AA genotype have reduced functional activity and 1.7<ref>2</ref>-fold higher AUC for atorvastatin compared to study individuals with the control <ref>4</ref><ref>2</ref>1CC genotype. This has important implications for the variation in response to the drug in terms of efficacy and toxicity, particularly as the BCRP c.<ref>4</ref><ref>2</ref>1C>A polymorphism occurs more frequently in Asian populations than in Caucasians.<ref>3</ref>1,<ref>3</ref><ref>2</ref> Other statin drugs impacted by this polymorphism include fluvastatin, simvastatin, and rosuvastatin.<ref>3</ref>1
Genetic differences in the OATP1B1 (organic-anion-transporting polypeptide 1B1) hepatic transporter encoded by the SCLCO1B1 gene (Solute Carrier Organic Anion Transporter family member 1B1) have been shown to impact atorvastatin pharmacokinetics. Evidence from pharmacogenetic studies of the c.5<ref>2</ref>1T>C single nucleotide polymorphism (SNP) in the gene encoding OATP1B1 (SLCO1B1) demonstrated that atorvastatin AUC was increased <ref>2</ref>.<ref>4</ref>5-fold for individuals homozygous for 5<ref>2</ref>1CC compared to homozygous 5<ref>2</ref>1TT individuals.<ref>3</ref><ref>3</ref> Other statin drugs impacted by this polymorphism include simvastatin, pitavastatin, rosuvastatin, and pravastatin.<ref>2</ref><ref>6</ref>","The reported volume of distribution of atorvastatin is of 380 L.<ref>42</ref>,<ref>43</ref>","Atorvastatin is highly bound to plasma proteins and over 98% of the administered dose is found in a bound form.<ref>42</ref>,<ref>43</ref>","Atorvastatin is highly metabolized to ortho- and parahydroxylated derivatives and various beta-oxidation products, primarily by Cytochrome P450 3A4 in the intestine and liver.<ref>42</ref>,<ref>43</ref> Atorvastatin's metabolites undergo further lactonization via the formation of acyl glucuronide intermediates by the enzymes UGT1A1 and UGT1A3. These lactones can be hydrolyzed back to their corresponding acid forms and exist in equilibirum.<ref>5</ref>,<ref>26</ref>
In vitro inhibition of HMG-CoA reductase by ortho- and parahydroxylated metabolites is equivalent to that of atorvastatin. Approximately 70% of circulating inhibitory activity for HMG-CoA reductase is attributed to active metabolites.<ref>42</ref>,<ref>43</ref>
Hover over products below to view reaction partners
Atorvastatin
para-hydroxyatorvastatin
para-hydroxyatorvastatin glucuronide
para-hydroxyatorvastatin lactone
ortho-hydroxyatorvastatin
ortho-hydroxyatorvastatin glucuronide
ortho-hydroxyatorvastatin lactone
Atorvastatin lactone","Atorvastatin and its metabolites are mainly eliminated in the bile without enterohepatic recirculation. The renal elimination of atorvastatin is very minimal and represents less than 1% of the eliminated dose.<ref>42</ref>,<ref>43</ref>","The half-life of atorvastatin is 14 hours while the half-life of its metabolites can reach up to 30 hours.<ref>42</ref>,<ref>43</ref>",The registered total plasma clearance of atorvastatin is of 62<ref>5</ref> ml/min.<ref>5</ref>,"The reported LD50 of oral atorvastatin in mice is higher than 5000 mg/kg.<ref>MSDS</ref> In cases of overdose with atorvastatin, there is reported symptoms of complicated breathing, jaundice, liver damage, dark urine, muscle pain, and seizures.<ref>38</ref> In case of overdose, symptomatic treatment is recommended and due to the high plasma protein binding, hemodialysis is not expected to generate significant improvement.<ref><ref><ref><ref>Label</ref></ref></ref></ref>
In carcinogenic studies with high doses of atorvastatin, evidence of rhabdomyosarcoma, fibrosarcoma, liver adenoma, and liver carcinoma were observed.<ref><ref><ref><ref>Label</ref></ref></ref></ref>
In fertility studies with high doses of atorvastatin, there were events of aplasia, aspermia, low testis and epididymal weight, decreased sperm motility, decreased spermatid head concentration and increased abnormal sperm.<ref><ref><ref><ref>Label</ref></ref></ref></ref>
Atorvastatin was shown to not be mutagenic in diverse mutagenic assays.<ref><ref><ref><ref>Label</ref></ref></ref></ref>","reference-A177388: Qiu S, Zhuo W, Sun C, Su Z, Yan A, Shen L: Effects of atorvastatin on chronic subdural hematoma: A systematic review. Medicine (Baltimore). 2017 Jun;96(26):e7290. doi: 10.1097/MD.0000000000007290. | https://go.drugbank.com/articles/A177388 || reference-A177397: McIver LA, Siddique MS: Atorvastatin . | https://go.drugbank.com/articles/A177397 || reference-A177415: Ye YC, Zhao XL, Zhang SY: Use of atorvastatin in lipid disorders and cardiovascular disease in Chinese patients. Chin Med J (Engl). 2015 Jan 20;128(2):259-66. doi: 10.4103/0366-6999.149226. | https://go.drugbank.com/articles/A177415 || reference-A177436: Ray SK, Rege NN: Atorvastatin: in the management of hyperlipidaemia. J Postgrad Med. 2000 Jul-Sep;46(3):242-3. | https://go.drugbank.com/articles/A177436 || reference-A19474: Lennernas H: Clinical pharmacokinetics of atorvastatin. Clin Pharmacokinet. 2003;42(13):1141-60. | https://go.drugbank.com/articles/A19474 || reference-A177478: Lins RL, Matthys KE, Verpooten GA, Peeters PC, Dratwa M, Stolear JC, Lameire NH: Pharmacokinetics of atorvastatin and its metabolites after single and multiple dosing in hypercholesterolaemic haemodialysis patients. Nephrol Dial Transplant. 2003 May;18(5):967-76. | https://go.drugbank.com/articles/A177478 || reference-A182012: Zhao W, Zhao SP: Different effects of statins on induction of diabetes mellitus: an experimental study. Drug Des Devel Ther. 2015 Nov 24;9:6211-23. doi: 10.2147/DDDT.S87979. eCollection 2015. | https://go.drugbank.com/articles/A182012 || reference-A181421: Moghadasian MH: Clinical pharmacology of 3-hydroxy-3-methylglutaryl coenzyme A reductase inhibitors. Life Sci. 1999;65(13):1329-37. doi: 10.1016/s0024-3205(99)00199-x. | https://go.drugbank.com/articles/A181421 || reference-A181087: Anderson TJ, Gregoire J, Pearson GJ, Barry AR, Couture P, Dawes M, Francis GA, Genest J Jr, Grover S, Gupta M, Hegele RA, Lau DC, Leiter LA, Lonn E, Mancini GB, McPherson R, Ngui D, Poirier P, Sievenpiper JL, Stone JA, Thanassoulis G, Ward R: 2016 Canadian Cardiovascular Society Guidelines for the Management of Dyslipidemia for the Prevention of Cardiovascular Disease in the Adult. Can J Cardiol. 2016 Nov;32(11):1263-1282. doi: 10.1016/j.cjca.2016.07.510. Epub 2016 Jul 25. | https://go.drugbank.com/articles/A181087 || reference-A181406: Grundy SM, Stone NJ: 2018 American Heart Association/American College of Cardiology Multisociety Guideline on the Management of Blood Cholesterol: Primary Prevention. JAMA Cardiol. 2019 Apr 10. pii: 2730287. doi: 10.1001/jamacardio.2019.0777. | https://go.drugbank.com/articles/A181406 || reference-A181084: Kreatsoulas C, Anand SS: The impact of social determinants on cardiovascular disease. Can J Cardiol. 2010 Aug-Sep;26 Suppl C:8C-13C. doi: 10.1016/s0828-282x(10)71075-8. | https://go.drugbank.com/articles/A181084 || reference-A181553: Kannel WB, Castelli WP, Gordon T, McNamara PM: Serum cholesterol, lipoproteins, and the risk of coronary heart disease. The Framingham study. Ann Intern Med. 1971 Jan;74(1):1-12. doi: 10.7326/0003-4819-74-1-1. | https://go.drugbank.com/articles/A181553 || reference-A181090: Authors unspecified: Prevention of cardiovascular events and death with pravastatin in patients with coronary heart disease and a broad range of initial cholesterol levels. N Engl J Med. 1998 Nov 5;339(19):1349-57. doi: 10.1056/NEJM199811053391902. | https://go.drugbank.com/articles/A181090 || reference-A181093: Cannon CP, Braunwald E, McCabe CH, Rader DJ, Rouleau JL, Belder R, Joyal SV, Hill KA, Pfeffer MA, Skene AM: Intensive versus moderate lipid lowering with statins after acute coronary syndromes. N Engl J Med. 2004 Apr 8;350(15):1495-504. doi: 10.1056/NEJMoa040583. Epub 2004 Mar 8. | https://go.drugbank.com/articles/A181093 || reference-A181096: Ridker PM, Danielson E, Fonseca FA, Genest J, Gotto AM Jr, Kastelein JJ, Koenig W, Libby P, Lorenzatti AJ, MacFadyen JG, Nordestgaard BG, Shepherd J, Willerson JT, Glynn RJ: Rosuvastatin to prevent vascular events in men and women with elevated C-reactive protein. N Engl J Med. 2008 Nov 20;359(21):2195-207. doi: 10.1056/NEJMoa0807646. Epub 2008 Nov 9. | https://go.drugbank.com/articles/A181096 || reference-A181427: Nicholls SJ, Ballantyne CM, Barter PJ, Chapman MJ, Erbel RM, Libby P, Raichlen JS, Uno K, Borgman M, Wolski K, Nissen SE: Effect of two intensive statin regimens on progression of coronary disease. N Engl J Med. 2011 Dec 1;365(22):2078-87. doi: 10.1056/NEJMoa1110874. Epub 2011 Nov 15. | https://go.drugbank.com/articles/A181427 || reference-A181475: Authors unspecified: MRC/BHF Heart Protection Study of cholesterol lowering with simvastatin in 20,536 high-risk individuals: a randomised placebo-controlled trial. Lancet. 2002 Jul 6;360(9326):7-22. doi: 10.1016/S0140-6736(02)09327-3. | https://go.drugbank.com/articles/A181475 || reference-A181538: Authors unspecified: Randomised trial of cholesterol lowering in 4444 patients with coronary heart disease: the Scandinavian Simvastatin Survival Study (4S) Lancet. 1994 Nov 19;344(8934):1383-9. | https://go.drugbank.com/articles/A181538 || reference-A181397: Mihaylova B, Emberson J, Blackwell L, Keech A, Simes J, Barnes EH, Voysey M, Gray A, Collins R, Baigent C: The effects of lowering LDL cholesterol with statin therapy in people at low risk of vascular disease: meta-analysis of individual data from 27 randomised trials. Lancet. 2012 Aug 11;380(9841):581-90. doi: 10.1016/S0140-6736(12)60367-5. Epub 2012 May 17. | https://go.drugbank.com/articles/A181397 || reference-A181403: Taylor F, Huffman MD, Macedo AF, Moore TH, Burke M, Davey Smith G, Ward K, Ebrahim S: Statins for the primary prevention of cardiovascular disease. Cochrane Database Syst Rev. 2013 Jan 31;(1):CD004816. doi: 10.1002/14651858.CD004816.pub5. | https://go.drugbank.com/articles/A181403 || reference-A174580: Henwood JM, Heel RC: Lovastatin. A preliminary review of its pharmacodynamic properties and therapeutic use in hyperlipidaemia. Drugs. 1988 Oct;36(4):429-54. doi: 10.2165/00003495-198836040-00003. | https://go.drugbank.com/articles/A174580 || reference-A181409: Adams SP, Sekhon SS, Wright JM: Lipid-lowering efficacy of rosuvastatin. Cochrane Database Syst Rev. 2014 Nov 21;(11):CD010254. doi: 10.1002/14651858.CD010254.pub2. | https://go.drugbank.com/articles/A181409 || reference-A181535: Pedersen TR, Faergeman O, Kastelein JJ, Olsson AG, Tikkanen MJ, Holme I, Larsen ML, Bendiksen FS, Lindahl C, Szarek M, Tsai J: High-dose atorvastatin vs usual-dose simvastatin for secondary prevention after myocardial infarction: the IDEAL study: a randomized controlled trial. JAMA. 2005 Nov 16;294(19):2437-45. doi: 10.1001/jama.294.19.2437. | https://go.drugbank.com/articles/A181535 || reference-A1793: Jones PH, Davidson MH, Stein EA, Bays HE, McKenney JM, Miller E, Cain VA, Blasetto JW: Comparison of the efficacy and safety of rosuvastatin versus atorvastatin, simvastatin, and pravastatin across doses (STELLAR* Trial). Am J Cardiol. 2003 Jul 15;92(2):152-60. | https://go.drugbank.com/articles/A1793 || reference-A181424: Liao JK, Laufs U: Pleiotropic effects of statins. Annu Rev Pharmacol Toxicol. 2005;45:89-118. doi: 10.1146/annurev.pharmtox.45.120403.095748. | https://go.drugbank.com/articles/A181424 || reference-A181460: Elsby R, Hilgendorf C, Fenner K: Understanding the critical disposition pathways of statins to assess drug-drug interaction risk during drug development: it's not just about OATP1B1. Clin Pharmacol Ther. 2012 Nov;92(5):584-98. doi: 10.1038/clpt.2012.163. Epub 2012 Oct 10. | https://go.drugbank.com/articles/A181460 || reference-A181925: Bradford RH, Shear CL, Chremos AN, Dujovne CA, Franklin FA, Grillo RB, Higgins J, Langendorfer A, Nash DT, Pool JL, et al.: Expanded Clinical Evaluation of Lovastatin (EXCEL) study results: two-year efficacy and safety follow-up. Am J Cardiol. 1994 Oct 1;74(7):667-73. doi: 10.1016/0002-9149(94)90307-7. | https://go.drugbank.com/articles/A181925 || reference-A181418: Yahya R, Berk K, Verhoeven A, Bos S, van der Zee L, Touw J, Erhart G, Kronenberg F, Timman R, Sijbrands E, Roeters van Lennep J, Mulder M: Statin treatment increases lipoprotein(a) levels in subjects with low molecular weight apolipoprotein(a) phenotype. Atherosclerosis. 2019 Jul 3. pii: S0021-9150(19)31392-9. doi: 10.1016/j.atherosclerosis.2019.07.001. | https://go.drugbank.com/articles/A181418 || reference-A181559: Weitz-Schmidt G, Welzenbach K, Brinkmann V, Kamata T, Kallen J, Bruns C, Cottens S, Takada Y, Hommel U: Statins selectively inhibit leukocyte function antigen-1 by binding to a novel regulatory integrin site. Nat Med. 2001 Jun;7(6):687-92. doi: 10.1038/89058. | https://go.drugbank.com/articles/A181559 || reference-A182258: Harper CR, Jacobson TA: The broad spectrum of statin myopathy: from myalgia to rhabdomyolysis. Curr Opin Lipidol. 2007 Aug;18(4):401-8. doi: 10.1097/MOL.0b013e32825a6773. | https://go.drugbank.com/articles/A182258 || reference-A181478: Keskitalo JE, Zolk O, Fromm MF, Kurkinen KJ, Neuvonen PJ, Niemi M: ABCG2 polymorphism markedly affects the pharmacokinetics of atorvastatin and rosuvastatin. Clin Pharmacol Ther. 2009 Aug;86(2):197-203. doi: 10.1038/clpt.2009.79. Epub 2009 May 27. | https://go.drugbank.com/articles/A181478 || reference-A181487: Lee E, Ryan S, Birmingham B, Zalikowski J, March R, Ambrose H, Moore R, Lee C, Chen Y, Schneck D: Rosuvastatin pharmacokinetics and pharmacogenetics in white and Asian subjects residing in the same environment. Clin Pharmacol Ther. 2005 Oct;78(4):330-41. doi: 10.1016/j.clpt.2005.06.013. | https://go.drugbank.com/articles/A181487 || reference-A181493: Pasanen MK, Fredrikson H, Neuvonen PJ, Niemi M: Different effects of SLCO1B1 polymorphism on the pharmacokinetics of atorvastatin and rosuvastatin. Clin Pharmacol Ther. 2007 Dec;82(6):726-33. doi: 10.1038/sj.clpt.6100220. Epub 2007 May 2. | https://go.drugbank.com/articles/A181493 || reference-T568: Corey E., Czako B. and Kurti L. (2007). Molecules and medicine. John Wiley & Sons, Inc. [ISBN:978-0-470-26096-8] | https://www.google.com/search?tbo=p&tbm=bks&q=978-0-470-26096-8 || reference-T571: Kumar R. and Bandichhor R. (2018). Hazardous reagent substitution. A pharmaceutical perspective. The Royal Society of Chemistry. [ISBN:978-1-78262-050-1] | https://www.google.com/search?tbo=p&tbm=bks&q=978-1-78262-050-1 || reference-L6025: Merck Manuals | https://www.merckmanuals.com/en-ca/professional/endocrine-and-metabolic-disorders/lipid-disorders/dyslipidemia || reference-L6028: Chemocare | http://chemocare.com/chemotherapy/side-effects/cardiovascular-events.aspx || reference-L6031: Laguna Treatment | https://lagunatreatment.com/lipitor/ || reference-L12588: FDA Approved Drug Products: Lipitor (atorvastatin calcium) oral tablets | https://www.accessdata.fda.gov/drugsatfda_docs/label/2019/020702s074lbl.pdf || reference-L20579: INVIMA Product Authorization: Lipomega (atorvastatin calcium/omega-3 ethyl esters) oral capsule | http://web.sivicos.gov.co/registros/pdf/1323473_2015026114.pdf || reference-L52505: FDA Approved Drug Products: LIPTRUZET® (ezetimibe and atorvastatin) tablets for oral use (Oct 2024) | https://www.accessdata.fda.gov/drugsatfda_docs/label/2024/200153s009s013s014lbl.pdf || reference-F4670: FDA Label - Atorvastatin | https://s3-us-west-2.amazonaws.com/drugbank/cite_this/attachments/files/000/004/670/original/FDA_Label_-_atorvastatin.pdf?1565199067 || reference-F4673: Health Canada Monograph - Atorvastatin | https://s3-us-west-2.amazonaws.com/drugbank/cite_this/attachments/files/000/004/673/original/Health_Canada_Monograph_-_Atorvastatin.PDF?1565199092"
"sulfonamides, urea derivatives",,,,,,,,,,,,,,
"Thiazides, plain",,,,,,,,,,,,,,
carbamazepine,DB00564,Carbamazepine is an anticonvulsant used to treat various types of seizures and pain resulting from trigeminal neuralgia.,"Carbamazepine is indicated for the treatment of epilepsy and pain associated with true trigeminal neuralgia.<ref>16</ref> In particular, carbamazepine has shown efficacy in treating mixed seizures, partial seizures with complex symptoms, and generalized tonic-clonic seizures.3,<ref>16</ref> Carbamazepine is also indicated for the treatment of manic episodes and mixed manic-depressive episodes caused by bipolar I disorder.<ref>16</ref> Some off-label, unapproved uses of carbamazepine include the treatment of alcohol withdrawal syndrome and restless leg syndrome.<ref>9</ref>,<ref>10</ref>","Carbamazepine's mechanism of action is not fully elucidated and is widely debated.<ref>5</ref>,<ref>22</ref> One major hypothesis is that carbamazepine inhibits sodium channel firing, treating seizure activity. Animal research studies have demonstrated that carbamazepine exerts its effects by lowering polysynaptic nerve response and inhibiting post-tetanic potentiation. In both cats and rats, carbamazepine was shown to decrease pain caused by infraorbital nerve stimulation. A decrease in the action potential in the nucleus ventralis of the thalamus in the brain and inhibition of the lingual mandibular reflex were observed in other studies after carbamazepine use. Carbamazepine causes the above effects by binding to voltage-dependent sodium channels and preventing action potentials, which normally lead to stimulatory effects on nerves.<ref>8</ref>,<ref>15</ref> In bipolar disorder, carbamazepine is thought to increase dopamine turnover and increase GABA transmission, treating manic and depressive symptoms.<ref>19</ref>
A common issue that has arisen is resistance to this drug in up to 30% of epileptic patients, which may occur to altered metabolism in patients with variant genotypes.<ref>13</ref> A potential therapeutic target to combat carbamazepine resistance has recently been identified as the EPHX1 gene promoter, potentially conferring resistance to carbamazepine through methylation.<ref>14</ref>","General effects
Carbamazepine treats seizures and the symptoms of trigeminal neuralgia by inhibiting sodium channels. In bipolar 1 disorder, carbamazepine has been found to decrease mania symptoms in a clinically significant manner according to the Young Mania Rating Scale (YMRS).<ref>16</ref> Carbamazepine has a narrow therapeutic index.<ref>3</ref>
A note on genetic variation and carbamazepine use
In studies of Han Chinese ancestry patients, a pronounced association between the HLA-B*1502 genotype and Steven Johnson syndrome and/or toxic epidermal necrolysis (SJS/TEN) resulting from carbamazepine use was observed.<ref>7</ref>","The bioavailability of carbamazepine is in the range of 75-85% of an ingested dose.<ref>3</ref> After one 200 mg oral extended-release dose of carbamazepine in a pharmacokinetic study, the Cmax carbamazepine was measured to be 1.9 ± 0.<ref>3</ref> mcg/mL. The Tmax was 19 ± 7 hours. After several doses of 800 mg every 12 hours, the peak concentrations of carbamazepine were measured to be 11.0 ± 2.5 mcg/mL. The Tmax was reduced to 5.9 ± 1.8 hours. Extended-release carbamazepine demonstrated linear pharmacokinetics over a range of 200–800 mg.<ref><ref>16</ref></ref>
Effect of food on absorption
A meal containing high-fat content increased the rate of absorption of one 400 mg dose but not the AUC of carbamazepine.<ref><ref>16</ref></ref> The elimination half-life remained unchanged between fed and fasting state. The pharmacokinetics of an extended-release carbamazepine dose was demonstrated to be similar when administered in the fasted state or with food.<ref><ref>16</ref></ref> Based on these findings, food intake is unlikely to exert significant effects on carbamazepine absorption.","The volume of distribution of carbamazepine was found to be 1.0 L/kg in one pharmacokinetic study.<ref>4</ref> Another study indicates that the volume of distribution of carbamazepine ranges between 0.7 to 1.<ref>4</ref> L/kg.<ref>11</ref>. Carbamazepine crosses the placenta, and higher concentrations of this drug are found in the liver and kidney as opposed to lung and brain tissue.<ref>16</ref> Carbamazepine crosses variably through the blood-brain barrier.<ref>13</ref>","Carbamazepine is 75%-80% bound to plasma proteins.<ref>3</ref>,<ref>16</ref> One pharmacokinetic study indicates that it is 72% bound to plasma proteins.<ref>11</ref>","Carbamazepine is largely metabolized in the liver. CYP3A4 hepatic enzyme is the major enzyme that metabolizes carbamazepine to its active metabolite, carbamazepine-10,11-epoxide<ref>12</ref>, which is further metabolized to its trans-diol form by the enzyme epoxide hydrolase.<ref>16</ref> Other hepatic cytochrome enzymes that contribute to the metabolism of carbamazepine are CYP2C8, CYP3A5, and CYP2B6.<ref>17</ref> Carbamazepine also undergoes hepatic glucuronidation by UGT2B7 enzyme and several other metabolic reactions occur, resulting in the formation of minor hydroxy metabolites and quinone metabolites.<ref>17</ref> Interestingly, carbamazepine induces its own metabolism.<ref>16</ref> This leads to enhanced clearance, reduced half-life, and a reduction in serum levels of carbamazepine.3,<ref>16</ref>
Hover over products below to view reaction partners
Carbamazepine
10,11-Epoxycarbamazepine
10,11-Dihydroxycarbamazepine
3-hydroxycarbamazepine
2,3-Dihydroxycarbamazepine
Carbamazepine-o-quinione
Carbamazepine 2,3-epoxide
2-hydroxycarbamazepine
2-hydroxyiminostilbene
Iminoquinone","After an oral dose of radiolabeled carbamazepine, 72% of the administered radioactive dose was detected in the urine and the remainder of the ingested dose was found in the feces. Carbamazepine is mainly excreted as hydroxylated and conjugated metabolites, and minimal amounts of unchanged drug.<ref>16</ref>",The mean elimination half-life of carbamazepine was 35 to 40 hours after one dose of carbamazepine extended-release formulations. The half-life ranged from 12-17 hours after several doses of carbamazepine.<ref>16</ref> One pharmacokinetic study determined the elimination half-life of carbamazepine to range between 27 to 36.8 hours in healthy volunteers.<ref>11</ref>,"In a pharmacokinetic study, the apparent oral clearance of carbamazepine was 25 ± 5 mL/min <ref>11</ref>,<ref>16</ref> after one dose of carbamazepine and 80 ± 30 mL/min after several doses.<ref>16</ref>","Toxicity information Oral LDLO (female): 1920 mg/kg/17W (intermittent); Oral LDLO (male): 54 mg/kg/9D (intermittent)<ref>18</ref> Oral LD50 (rat): 1957 mg/kg <ref>18</ref>
Overdose information
The initial signs of carbamazepine overdose occur 1-3 hours post ingestion. These signs and symptoms may vary in case of an overdose between carbamazepine and other drugs. Carbamazepine may cause various cardiovascular, neurological, respiratory, urinary symptoms as well as laboratory abnormalities including leukocytosis, reduced leucocytes, acetonuria, and glycosuria.<ref><ref>16</ref></ref>
Neuromuscular symptoms may occur initially, followed by mild cardiac symptoms such as tachycardia, hypertension, or hypotension. Higher doses of carbamazepine may cause more severed cardiovascular effects. Restlessness, muscular twitching, tremor, dilated pupils, nystagmus, psychomotor disturbances, and other neurological symptoms may occur. Hyperreflexia in the initial stages of overdose may be followed by hyporeflexia. Nausea, vomiting, urinary retention, dizziness or drowsiness may also occur.<ref><ref>16</ref></ref> In cases of overdose, contact the local poison control center. Ensure to provide supportive and symptomatic treatment, which may include monitoring and careful supervision by a medical professional. The possibility of overdose with multiple drugs must be considered in the case of carbamazepine overdose. Maintain an adequate airway, oxygen, in addition to ventilation. Vital signs should be monitored.<ref><ref>16</ref></ref>","reference-A866: Staines AG, Coughtrie MW, Burchell B: N-glucuronidation of carbamazepine in human tissues is mediated by UGT2B7. J Pharmacol Exp Ther. 2004 Dec;311(3):1131-7. Epub 2004 Aug 3. | https://go.drugbank.com/articles/A866 || reference-A867: Sisodiya SM, Goldstein DB: Drug resistance in epilepsy: more twists in the tale. Epilepsia. 2007 Dec;48(12):2369-70. | https://go.drugbank.com/articles/A867 || reference-A180301: Tolou-Ghamari Z, Zare M, Habibabadi JM, Najafi MR: A quick review of carbamazepine pharmacokinetics in epilepsy from 1953 to 2012. J Res Med Sci. 2013 Mar;18(Suppl 1):S81-5. | https://go.drugbank.com/articles/A180301 || reference-A180304: Marino SE, Birnbaum AK, Leppik IE, Conway JM, Musib LC, Brundage RC, Ramsay RE, Pennell PB, White JR, Gross CR, Rarick JO, Mishra U, Cloyd JC: Steady-state carbamazepine pharmacokinetics following oral and stable-labeled intravenous administration in epilepsy patients: effects of race and sex. Clin Pharmacol Ther. 2012 Mar;91(3):483-8. doi: 10.1038/clpt.2011.251. Epub 2012 Jan 25. | https://go.drugbank.com/articles/A180304 || reference-A180310: Ambrosio AF, Soares-Da-Silva P, Carvalho CM, Carvalho AP: Mechanisms of action of carbamazepine and its derivatives, oxcarbazepine, BIA 2-093, and BIA 2-024. Neurochem Res. 2002 Feb;27(1-2):121-30. | https://go.drugbank.com/articles/A180310 || reference-A180319: Chen CH, Lin SK: Carbamazepine treatment of bipolar disorder: a retrospective evaluation of naturalistic long-term outcomes. BMC Psychiatry. 2012 May 23;12:47. doi: 10.1186/1471-244X-12-47. | https://go.drugbank.com/articles/A180319 || reference-A180397: Johnson DL, Gellman H, Waters RL, Tognella M: Brachioradialis transfer for wrist extension in tetraplegic patients who have fifth-cervical-level neurological function. J Bone Joint Surg Am. 1996 Jul;78(7):1063-7. doi: 10.2106/00004623-199607000-00011. | https://go.drugbank.com/articles/A180397 || reference-A180403: Kuo CC, Chen RS, Lu L, Chen RC: Carbamazepine inhibition of neuronal Na+ currents: quantitative distinction from phenytoin and possible therapeutic implications. Mol Pharmacol. 1997 Jun;51(6):1077-83. doi: 10.1124/mol.51.6.1077. | https://go.drugbank.com/articles/A180403 || reference-A180415: Barrons R, Roberts N: The role of carbamazepine and oxcarbazepine in alcohol withdrawal syndrome. J Clin Pharm Ther. 2010 Apr;35(2):153-67. doi: 10.1111/j.1365-2710.2009.01098.x. | https://go.drugbank.com/articles/A180415 || reference-A180421: Aurora RN, Kristo DA, Bista SR, Rowley JA, Zak RS, Casey KR, Lamm CI, Tracy SL, Rosenberg RS: The treatment of restless legs syndrome and periodic limb movement disorder in adults--an update for 2012: practice parameters with an evidence-based systematic review and meta-analyses: an American Academy of Sleep Medicine Clinical Practice Guideline. Sleep. 2012 Aug 1;35(8):1039-62. doi: 10.5665/sleep.1988. | https://go.drugbank.com/articles/A180421 || reference-A180424: Rawlins MD, Collste P, Bertilsson L, Palmer L: Distribution and elimination kinetics of carbamazepine in man. Eur J Clin Pharmacol. 1975 Feb 28;8(2):91-6. | https://go.drugbank.com/articles/A180424 || reference-A180427: Yoshimura R, Yanagihara N, Terao T, Minami K, Toyohira Y, Ueno S, Uezono Y, Abe K, Izumi F: An active metabolite of carbamazepine, carbamazepine-10,11-epoxide, inhibits ion channel-mediated catecholamine secretion in cultured bovine adrenal medullary cells. Psychopharmacology (Berl). 1998 Feb;135(4):368-73. | https://go.drugbank.com/articles/A180427 || reference-A180436: Thorn CF, Leckband SG, Kelsoe J, Leeder JS, Muller DJ, Klein TE, Altman RB: PharmGKB summary: carbamazepine pathway. Pharmacogenet Genomics. 2011 Dec;21(12):906-10. doi: 10.1097/FPC.0b013e328348c6f2. | https://go.drugbank.com/articles/A180436 || reference-A180439: Lv Y, Zheng X, Shi M, Wang Z, Cui L: Different EPHX1 methylation levels in promoter area between carbamazepine-resistant epilepsy group and carbamazepine-sensitive epilepsy group in Chinese population. BMC Neurol. 2019 Jun 4;19(1):114. doi: 10.1186/s12883-019-1308-4. | https://go.drugbank.com/articles/A180439 || reference-T634: Jasdave S. Maan; Abdolreza Saadabadi (2019). Carbamazepine. Stat Pearls Publishing. || reference-L1335: FDA Approved Drug Products: EQUETRO (carbamazepine) extended-release capsules | https://www.accessdata.fda.gov/drugsatfda_docs/label/2016/021710s11s012lbl.pdf || reference-L7195: Pharm KGB, carbamazepine pathway, pharmacokinetics | https://www.pharmgkb.org/pathway/PA165817070 || reference-L7156: Carbamazepine MSDS | https://www.caymanchem.com/msdss/15422m.pdf || reference-L7216: ipolar Disorders and Carbamazepine: Pharmacokinetics,Pharmacodynamics, Therapeutic Effects and Indications of Carbamazepine: Review of Articles | https://www.omicsonline.org/open-access/bipolar-disorders-and-carbamazepine-pharmacokineticspharmacodynamics-therapeutic-effects-and-indications-ofcarbamazepine-review-of-2472-095X-1000112.php?aid=79291 || reference-L11121: FDA Approved Drug Products: Tegretol (carbamazepine) | https://www.accessdata.fda.gov/drugsatfda_docs/label/2018/016608s115_018281_s058_018927s055_020234_s047.pdf || reference-L38274: FDA Approved Drug Products: CARNEXIV (carbamazepine) injection | https://www.accessdata.fda.gov/drugsatfda_docs/label/2019/206030s002lbl.pdf || reference-L9713: FDA Approved Drug Products: Carbatrol (carbamazepine) extended-release capsules for oral use | https://www.accessdata.fda.gov/drugsatfda_docs/label/2021/020712s037lbl.pdf || reference-L46063: FDA Approved Drug Products: Carbatrol (carbamazepine) extended-release capsules for oral use (April 2023) | https://www.accessdata.fda.gov/drugsatfda_docs/label/2023/020712s038lbl.pdf"
captopril,DB01197,"Captopril is an ACE inhibitor used for the management of essential or renovascular hypertension, congestive heart failure, left ventricular dysfunction following myocardial infarction, and nephropathy.","For the treatment of essential or renovascular hypertension (usually administered with other drugs, particularly thiazide diuretics). May be used to treat congestive heart failure in combination with other drugs (e.g. cardiac glycosides, diuretics, β-adrenergic blockers). May improve survival in patients with left ventricular dysfunction following myocardial infarction. May be used to treat nephropathy, including diabetic nephropathy.","There are two isoforms of ACE: the somatic isoform, which exists as a glycoprotein comprised of a single polypeptide chain of 1277; and the testicular isoform, which has a lower molecular mass and is thought to play a role in sperm maturation and binding of sperm to the oviduct epithelium. Somatic ACE has two functionally active domains, N and C, which arise from tandem gene duplication. Although the two domains have high sequence similarity, they play distinct physiological roles. The C-domain is predominantly involved in blood pressure regulation while the N-domain plays a role in hematopoietic stem cell differentiation and proliferation. ACE inhibitors bind to and inhibit the activity of both domains, but have much greater affinity for and inhibitory activity against the C-domain. Captopril, one of the few ACE inhibitors that is not a prodrug, competes with ATI for binding to ACE and inhibits and enzymatic proteolysis of ATI to ATII. Decreasing ATII levels in the body decreases blood pressure by inhibiting the pressor effects of ATII as described in the Pharmacology section above. Captopril also causes an increase in plasma renin activity likely due to a loss of feedback inhibition mediated by ATII on the release of renin and/or stimulation of reflex mechanisms via baroreceptors. Captopril’s affinity for ACE is approximately 30,000 times greater than that of ATI.","Captopril, an ACE inhibitor, antagonizes the effect of the RAAS. The RAAS is a homeostatic mechanism for regulating hemodynamics, water and electrolyte balance. During sympathetic stimulation or when renal blood pressure or blood flow is reduced, renin is released from the granular cells of the juxtaglomerular apparatus in the kidneys. In the blood stream, renin cleaves circulating angiotensinogen to ATI, which is subsequently cleaved to ATII by ACE. ATII increases blood pressure using a number of mechanisms. First, it stimulates the secretion of aldosterone from the adrenal cortex. Aldosterone travels to the distal convoluted tubule (DCT) and collecting tubule of nephrons where it increases sodium and water reabsorption by increasing the number of sodium channels and sodium-potassium ATPases on cell membranes. Second, ATII stimulates the secretion of vasopressin (also known as antidiuretic hormone or ADH) from the posterior pituitary gland. ADH stimulates further water reabsorption from the kidneys via insertion of aquaporin-2 channels on the apical surface of cells of the DCT and collecting tubules. Third, ATII increases blood pressure through direct arterial vasoconstriction. Stimulation of the Type 1 ATII receptor on vascular smooth muscle cells leads to a cascade of events resulting in myocyte contraction and vasoconstriction. In addition to these major effects, ATII induces the thirst response via stimulation of hypothalamic neurons. ACE inhibitors inhibit the rapid conversion of ATI to ATII and antagonize RAAS-induced increases in blood pressure. ACE (also known as kininase II) is also involved in the enzymatic deactivation of bradykinin, a vasodilator. Inhibiting the deactivation of bradykinin increases bradykinin levels and may sustain its effects by causing increased vasodilation and decreased blood pressure.",60-75% in fasting individuals; food decreases absorption by 25-40% (some evidence indicates that this is not clinically significant),Not Available,"25-30% bound to plasma proteins, primarily albumin","Hepatic. Major metabolites are captopril-cysteine disulfide and the disulfide dimer of captopril. Metabolites may undergo reversible interconversion.
Hover over products below to view reaction partners
Captopril
captopril-cysteine disulfide",Not Available,2 hours,Not Available,"Symptoms of overdose include emesis and decreased blood pressure. Side effects include dose-dependent rash (usually maculopapular), taste alterations, hypotension, gastric irritation, cough, and angioedema.","reference-A2067: Atkinson AB, Robertson JI: Captopril in the treatment of clinical hypertension and cardiac failure. Lancet. 1979 Oct 20;2(8147):836-9. | https://go.drugbank.com/articles/A2067 || reference-A1102: Patchett AA, Harris E, Tristram EW, Wyvratt MJ, Wu MT, Taub D, Peterson ER, Ikeler TJ, ten Broeke J, Payne LG, Ondeyka DL, Thorsett ED, Greenlee WJ, Lohr NS, Hoffsommer RD, Joshua H, Ruyle WV, Rothrock JW, Aster SD, Maycock AL, Robinson FM, Hirschmann R, Sweet CS, Ulm EH, Gross DM, Vassil TC, Stone CA: A new class of angiotensin-converting enzyme inhibitors. Nature. 1980 Nov 20;288(5788):280-3. | https://go.drugbank.com/articles/A1102 || reference-A2068: Smith CG, Vane JR: The discovery of captopril. FASEB J. 2003 May;17(8):788-9. | https://go.drugbank.com/articles/A2068"
propranolol,DB00571,"Propranolol is a non-selective beta adrenergic antagonist used to treat hypertension, angina, atrial fibrillation, myocardial infarction, migraine, essential tremor, hypertrophic subaortic stenosis, and pheochromocytoma.","Propranolol is indicated to treat hypertension.<ref>10</ref>,<ref>9</ref> Propranolol is also indicated to treat angina pectoris due to coronary atherosclerosis, atrial fibrillation, myocardial infarction, migraine, essential tremor, hypertrophic subaortic stenosis, pheochromocytoma, and proliferating infantile hemangioma.<ref>9</ref>,<ref>10</ref>","Propranolol is a nonselective β-adrenergic receptor antagonist.<ref>2</ref> Blocking of these receptors leads to vasoconstriction, inhibition of angiogenic factors like vascular endothelial growth factor (VEGF) and basic growth factor of fibroblasts (bFGF), induction of apoptosis of endothelial cells, as well as down regulation of the renin-angiotensin-aldosterone system.<ref>2</ref>","Propranolol is a beta-adrenergic receptor antagonist used to treat hypertension.<ref>9</ref>,<ref>10</ref> Propranolol has a long duration of action as it is given once or twice daily depending on the indication.8,<ref>9</ref>,<ref>10</ref> When patients abruptly stop taking propranolol, they may experience exacerbations of angina and myocardial infarctions.<ref>10</ref>","Patients taking doses of <ref>4</ref>0mg, 80mg, 160mg, and 320mg daily experienced Cmax values of 18±1<ref>5</ref>ng/mL, <ref>5</ref>2±<ref>5</ref>1ng/mL, 121±98ng/mL, and 2<ref>4</ref><ref>5</ref>±110ng/mL respectively.<ref>4</ref> Propranolol has a Tmax of approximately 2 hours, though this can range from 1 to <ref>4</ref> hours in fasting patients.<ref>5</ref> Taking propranolol with food does not increase Tmax but does increase bioavailability.<ref>5</ref>","The volume of distribution of propranolol is approximately <ref>4</ref>L/kg<ref>8</ref>,<ref>9</ref> or 320L.<ref>4</ref>","Approximately 90% of propranolol is protein bound in plasma.<ref>8</ref>,<ref>9</ref>,<ref>10</ref> Other studies have reported ranges of 8<ref>5</ref>-96%.<ref>5</ref>","Propranolol undergoes side chain oxidation to α-naphthoxylactic acid, ring oxidation to 4’-hydroxypropranolol, or glucuronidation to propranolol glucuronide.<ref>7</ref> It can also be N-desisopropylated to become N-desisopropyl propranolol.<ref>1</ref> <ref>1</ref><ref>7</ref>% of a dose undergoes glucuronidation and 42% undergoes ring oxidation.<ref>6</ref>
Hover over products below to view reaction partners
Propranolol
N-desisopropylpropranolol
4'-hydroxypropanolol
Propranolol Glucuronide
α-Naphthoxylactic Acid",91% of an oral dose of propranolol is recovered as 12 metabolites in the urine.<ref>6</ref>,"The elimination half-life of propranolol is approximately 8 hours.<ref>10</ref> The plasma half-life of propranolol is 3 to 6 hours.<ref>8</ref>,<ref>9</ref>",The clearance of propranolol is 2.7±0.0<ref>3</ref>L/h/kg in infants <90 days and <ref>3</ref>.<ref>3</ref>±0.<ref>3</ref>5L/h/kg in infants >90 days.<ref>8</ref> Propranolol clearance increases linearly with hepatic blood flow.<ref>3</ref> Propranolol has a clearance in hypertensive adults of <ref>8</ref>10mL/min.<ref>4</ref>,"Symptoms of overdose include hypotension, hypoglycemic seizure, restlessness, euphoria, insomnia.<ref><ref><ref>8</ref></ref></ref> Patients with asthma may develop bronchospasm.<ref><ref><ref>8</ref></ref></ref> In case of overdose, monitor vital signs, mental status, and blood glucose.<ref><ref><ref>8</ref></ref></ref> Treat hypotension with intravenous fluids, bradycardia with atropine, and isoproterenol and aminophylline for bronchospasm.<ref><ref><ref>8</ref></ref></ref> If patients do not respond to intravenous fluids, follow up with glucagon 50-150µg/kg intravenously, then 1-5mg/hour, followed by catecholamines.<ref><ref><ref>8</ref></ref></ref>,9,<ref>10</ref> Dialysis will not be useful as propranolol is highly protein bound.<ref><ref><ref>8</ref></ref></ref>,9,<ref>10</ref>","reference-A179878: Harrison PM, Tonkin AM, Cahill CM, McLean AJ: Rapid and simultaneous extraction of propranolol, its neutral and basic metabolites from plasma and assay by high-performance liquid chromatography. J Chromatogr. 1985 Oct 11;343(2):349-58. | https://go.drugbank.com/articles/A179878 || reference-A179902: Hagen R, Ghareeb E, Jalali O, Zinn Z: Infantile hemangiomas: what have we learned from propranolol? Curr Opin Pediatr. 2018 Aug;30(4):499-504. doi: 10.1097/MOP.0000000000000650. | https://go.drugbank.com/articles/A179902 || reference-A180286: Weiss YA, Safar ME, Lehner JP, Levenson JA, Simon A, Alexandre JM: (+)-Propranolol clearance, an estimation of hepatic blood flow in man. Br J Clin Pharmacol. 1978 May;5(5):457-60. doi: 10.1111/j.1365-2125.1978.tb01655.x. | https://go.drugbank.com/articles/A180286 || reference-A180289: Chidsey CA, Morselli P, Bianchetti G, Morganti A, Leonetti G, Zanchetti A: Studies of the absorption and removal of propranolol in hypertensive patients during therapy. Circulation. 1975 Aug;52(2):313-8. doi: 10.1161/01.cir.52.2.313. | https://go.drugbank.com/articles/A180289 || reference-A180295: Routledge PA, Shand DG: Clinical pharmacokinetics of propranolol. Clin Pharmacokinet. 1979 Mar-Apr;4(2):73-90. doi: 10.2165/00003088-197904020-00001. | https://go.drugbank.com/articles/A180295 || reference-A180298: Walle T, Walle UK, Olanoff LS: Quantitative account of propranolol metabolism in urine of normal man. Drug Metab Dispos. 1985 Mar-Apr;13(2):204-9. | https://go.drugbank.com/articles/A180298 || reference-A36551: Walle T, Walle K, Mathur RS, Palesch YY, Conradi EC: Propranolol metabolism in normal subjects: association with sex steroid hormones. Clin Pharmacol Ther. 1994 Aug;56(2):127-32. | https://go.drugbank.com/articles/A36551 || reference-L6901: FDA Approved Drug Products: HEMANGEOL (propranolol hydrochloride) oral solution | https://www.accessdata.fda.gov/drugsatfda_docs/label/2021/205410s006lbl.pdf || reference-L6904: FDA Approved Drug Products: Propranolol Oral Tablet | https://www.accessdata.fda.gov/scripts/cder/daf/index.cfm?event=overview.process&ApplNo=016762 || reference-L6907: FDA Approved Drug Products: INNOPRAN XL (propranolol hydrochloride) extended release capsules | https://www.accessdata.fda.gov/drugsatfda_docs/label/2021/021438s025lbl.pdf || reference-L38244: FDA Approved Drug Products: INDERIDE (propranolol hydrochloride and hydrochlorothiazide) tablets | https://www.accessdata.fda.gov/drugsatfda_docs/label/2011/018031s037s038lbl.pdf"
sumatriptan,DB00669,Sumatriptan is a serotonin receptor agonist used to treat migraines and cluster headaches.,"A combination sumatriptan and naproxen tablet is indicated for the treatment of migraines with or without auras in patients 12 years of age and older.<ref>5</ref> Sumatriptan nasal powder, nasal spray, subcutaneous injection, and tablets are indicated to treat migraines with or without auras in adults.<ref>6</ref>,<ref>7</ref>,<ref>8</ref>,<ref>9</ref>,<ref>10</ref> One of the subcutaneous formulations of sumatriptan is also indicated to treat cluster headaches in adults<ref>8</ref>, while the other subcutaneous formulation is not.<ref>9</ref>","Sumatriptan is an agonist of 5-HT1B and 5-HT1D.<ref>5</ref>,<ref>6</ref>,<ref>7</ref>,<ref>8</ref>,<ref>9</ref>,<ref>10</ref> This agonism leads to constriction of cranial blood vessels and inhibits the release of pro-inflammatory neuropeptides.<ref>5</ref>,<ref>6</ref>,<ref>7</ref>,<ref>8</ref>,<ref>9</ref>,<ref>10</ref> Sumatriptan decreases carotid arterial blood flow, but increases blood flow velocity in the internal carotid artery and middle cerebral artery.<ref>2</ref>,<ref>2</ref>,<ref>2</ref>","Sumatriptan constricts cranial blood vessels and prevents the release of vasoactive peptides.<ref>2</ref> The dose of sumatriptan varies widely by route of administration and in most cases, no more than <ref>2</ref> doses should be given daily.<ref>5</ref>,<ref>6</ref>,<ref>7</ref>,<ref>8</ref>,<ref>9</ref>,<ref>10</ref> Medication overuse headaches may occur in patients who use sumatriptan frequently.<ref>5</ref>,<ref>6</ref>,<ref>7</ref>,<ref>8</ref>,<ref>9</ref>,<ref>10</ref>","A 6mg subcutaneous injection of sumatriptan reaches a Cmax of 69.5ng/mL (95% CI of 62.8-76.9ng/mL) with a Tmax of 0.17h (95% CI of 0.08-0.<ref><ref><ref>3</ref></ref></ref><ref><ref><ref>3</ref></ref></ref>h), an AUC of 9.0h*ng/mL (95% CI of 7.5-10.9h*ng/mL), and a bioavailability of 100%.<ref><ref><ref>3</ref></ref></ref>
A 25mg oral dose of sumatriptan reaches a Cmax of 16.5ng/mL (95% CI of 1<ref><ref><ref>3</ref></ref></ref>.5-20.1ng/mL) with a Tmax of 1.50h (95% CI of 0.50-2.00h), an AUC of 8.7h*ng/mL (95% CI of 6.1-12.5h*ng/mL), and a bioavailability of 14.<ref><ref><ref>3</ref></ref></ref>% (95% CI of 11.4-17.9%).<ref><ref><ref>3</ref></ref></ref>
A 20mg intranasal dose of sumatriptan reaches a Cmax of 12.9ng/mL (95% CI of 10.5-15.9ng/mL) with a Tmax of 1.50h (95% CI of 0.25-<ref><ref><ref>3</ref></ref></ref>.00h), an AUC of 7.4h*ng/mL (95% CI of 5.0-10.8h*ng/mL), and a bioavailability of 15.8% (95% CI of 12.6-19.8%).<ref><ref><ref>3</ref></ref></ref>
A 25mg rectal dose of sumatriptan reaches a Cmax of 22.9ng/mL (95% CI of 18.4-28.6ng/mL) with a Tmax of 1.00h (95% CI of 0.75-<ref><ref><ref>3</ref></ref></ref>.00h), an AUC of 14.6h*ng/mL (95% CI of 11.<ref><ref><ref>3</ref></ref></ref>-18.8h*ng/mL), and a bioavailability of 19.2% (95% CI of 15.<ref><ref><ref>3</ref></ref></ref>-24.1%).<ref><ref><ref>3</ref></ref></ref>","Sumatriptan has a volume of distribution of 50±8L for a 6mg subcutaneous dose<ref>7</ref>, or 2.<ref>7</ref>L/kg.<ref>10</ref>","Sumatriptan is 14%-21% bound to protein in circulation.<ref>5</ref>,<ref>6</ref>,<ref>7</ref>,<ref>8</ref>,<ref>9</ref>,<ref>10</ref>","Sumatriptan is predominantly metabolized by monoamine oxidase A<ref>7</ref>,<ref>10</ref>,<ref>8</ref>,<ref>10</ref>,<ref>5</ref>,<ref>9</ref>. The main metabolites are the inactive indole acetic acid and indole acetic acid glucuronide.<ref>7</ref>,<ref>10</ref>,<ref>8</ref>,<ref>10</ref>,<ref>5</ref>,<ref>9</ref>
Hover over products below to view reaction partners
Sumatriptan
Sumatriptan Metabolite GR49336
Sumatriptan Metabolite Ester Glucuronide of GR49336
Sumatriptan Metabolite GR<ref>34633</ref>","22±4% is excreted in the urine as unchanged sumatriptan and 38±7% in urine as indole acetic acid<ref>7</ref>,<ref>8</ref> approximately 40% is excreted in the feces<ref>10</ref>,<ref>5</ref>.",Subcutaneous sumatriptan has a half life of 1.9h (95% CI of 1.7-2.0h).<ref><ref><ref>3</ref></ref></ref> Oral sumatriptan has a half life of 1.7h (95% CI of 1.4-1.9h).<ref><ref><ref>3</ref></ref></ref> Rectal sumatriptan has a half life of 1.8h (95% CI of 1.6-2.2h).<ref><ref><ref>3</ref></ref></ref> Intranasal sumatriptan has a half life of 1.8h (95% CI of 1.7-2.0h).<ref><ref><ref>3</ref></ref></ref>,Subcutaneous sumatriptan has a clearance of 0.22L/min (95% CI of 0.19-0.25L/min).<ref><ref><ref>3</ref></ref></ref> Oral sumatriptan has a clearance of 0.17L/min (95% CI of 0.14-0.21L/min).<ref><ref><ref>3</ref></ref></ref> Rectal sumatriptan has a clearance of 0.17L/min (95% CI of 0.14-0.21L/min).<ref><ref><ref>3</ref></ref></ref> Intranasal sumatriptan has a clearance of 0.21L/min (95% CI of 0.18-0.25L/min).<ref><ref><ref>3</ref></ref></ref> Total plasma clearance of sumatriptan is approximately 1200mL/min.<ref>6</ref>,"Symptoms of overdose include convulsions, tremor, paralysis, inactivity, ptosis, erythema of the extremities, abnormal respiration, cyanosis, ataxia, mydriasis, salivation, and lacrimation.<ref>5</ref>,<ref>6</ref>,<ref>7</ref>,<ref>8</ref>,<ref>9</ref>,<ref>10</ref> Overdoses may be fatal and patients should be monitored for 3-5 half lives or while symptoms persist.<ref>5</ref>,<ref>6</ref>,<ref>7</ref>,<ref>8</ref>,<ref>9</ref>,<ref>10</ref>","reference-A1014: Nikai T, Basbaum AI, Ahn AH: Profound reduction of somatic and visceral pain in mice by intrathecal administration of the anti-migraine drug, sumatriptan. Pain. 2008 Oct 31;139(3):533-40. doi: 10.1016/j.pain.2008.06.002. Epub 2008 Aug 23. | https://go.drugbank.com/articles/A1014 || reference-A179734: Ferrari MD, Saxena PR: Clinical effects and mechanism of action of sumatriptan in migraine. Clin Neurol Neurosurg. 1992;94 Suppl:S73-7. | https://go.drugbank.com/articles/A179734 || reference-A179737: Duquesnoy C, Mamet JP, Sumner D, Fuseau E: Comparative clinical pharmacokinetics of single doses of sumatriptan following subcutaneous, oral, rectal and intranasal administration. Eur J Pharm Sci. 1998 Apr;6(2):99-104. | https://go.drugbank.com/articles/A179737 || reference-A179761: Humphrey PP: The discovery and development of the triptans, a major therapeutic breakthrough. Headache. 2008 May;48(5):685-7. doi: 10.1111/j.1526-4610.2008.01097.x. | https://go.drugbank.com/articles/A179761 || reference-L6793: FDA Approved Drug Products: Sumatriptan and Naproxen Oral Tablets | https://www.accessdata.fda.gov/scripts/cder/daf/index.cfm?event=overview.process&ApplNo=021926 || reference-L6796: FDA Approved Drug Products: Sumatriptan Nasal Powder | https://www.accessdata.fda.gov/scripts/cder/daf/index.cfm?event=overview.process&ApplNo=206099 || reference-L6799: FDA Approved Drug Products: Sumatriptan Nasal Spray | https://www.accessdata.fda.gov/scripts/cder/daf/index.cfm?event=overview.process&ApplNo=210884 || reference-L6805: FDA Approved Drug Products: Sumatriptan Subcutaneous Injection | https://www.accessdata.fda.gov/scripts/cder/daf/index.cfm?event=overview.process&ApplNo=020080 || reference-L6808: FDA Approved Drug Products: Sumatriptan Subcutaneous Solution | https://www.accessdata.fda.gov/scripts/cder/daf/index.cfm?event=overview.process&ApplNo=208223 || reference-L6811: FDA Approved Drug Products: Sumatriptan Oral Tablets | https://www.accessdata.fda.gov/drugsatfda_docs/label/2017/020132s029lbl.pdf || reference-L6844: Sumatriptan Tablets, USP monograph | https://pdf.hres.ca/dpd_pm/00036027.PDF"
phenytoin,DB00252,Phenytoin is an anticonvulsant drug used in the prophylaxis and control of various types of seizures.,"Phenytoin is indicated to treat grand mal seizures, complex partial seizures, and to prevent and treat seizures during or following neurosurgery.<ref>14</ref> Injectable phenytoin and Fosphenytoin, which is the phosphate ester prodrug formulation of phenytoin<ref>2</ref>, are indicated to treat tonic-clonic status epilepticus, and for the prevention and treatment of seizures occurring during neurosurgery.<ref>15</ref>","Although phenytoin first appeared in the literature in 1946, it has taken decades for the mechanism of action to be more specifically elucidated.<ref><ref>7</ref></ref> Although several scientists were convinced that phenytoin altered sodium permeability, it wasn’t until the 1980’s that this phenomenon was linked to voltage-gated sodium channels.<ref><ref>7</ref></ref>
Phenytoin is often described as a non-specific sodium channel blocker and targets almost all voltage-gated sodium channel subtypes.<ref><ref>7</ref></ref> More specifically, phenytoin prevents seizures by inhibiting the positive feedback loop that results in neuronal propagation of high frequency action potentials.<ref>5</ref>,<ref>8</ref>,<ref>9</ref>","Phenytoin is an anticonvulsant with a narrow therapeutic index.<ref><ref>5</ref></ref> Although the recommended therapeutic range is cited to be between 10-20 mg/L, differences in albumin levels, genetics, comorbidities, and body composition can make achieving an ideal phenytoin dose challenging.<ref><ref>5</ref></ref> For example, studies have confirmed that phenytoin metabolism is impacted by CYP2C9 genotype polymorphisms and possibly by CYP2C19 genotype polymorphisms (the latter has not been as extensively studied).<ref><ref>5</ref></ref>
It is worth nothing that although phenytoin is highly protein bound, only the fraction unbound is able to exert a pharmacological effect.<ref>17</ref> Therefore, factors that reduce or increase the percentage of protein bound phenytoin (for example: concomitant administration of drugs that can cause displacement from protein binding sites) can have a marked impact on phenytoin therapy.4,<ref>17</ref>","Given its narrow therapeutic index, therapeutic drug monitoring is recommended to help guide dosing.<ref><ref>8</ref></ref>,<ref>10</ref> Phenytoin is completely absorbed.<ref>8</ref> Peak plasma concentration is attained approximately 1.5-3 hours, and 4-12 hours after administration of the immediate release formulation and the extended release formulation, respectively.3,<ref>8</ref> It should be noted that absorption can be markedly prolonged in situations of acute ingestion.<ref>8</ref>",The volume of distribution of phenytoin is reported to be approximately 0.75 L/kg.<ref>11</ref>,Phenytoin is roughly 90% protein bound.<ref>4</ref>,"Phenytoin is extensively metabolized and is first transformed into a reactive arene oxide intermediate.<ref><ref><ref><ref><ref><ref><ref><ref><ref>12</ref></ref></ref></ref></ref></ref></ref></ref></ref> It is thought that this reactive intermediate is responsible for many undesirable phenytoin adverse effects such as hepatotoxicity, SJS/TEN, and other idiosyncratic reactions.<ref><ref><ref><ref><ref><ref><ref><ref><ref>12</ref></ref></ref></ref></ref></ref></ref></ref></ref> The arene oxide is metabolized to either a hydroxyphenytoin or phenytoin dihydrodiol metabolite, although the former accounts for about 90% of phenytoin metabolism.<ref><ref><ref><ref><ref><ref><ref><ref><ref>12</ref></ref></ref></ref></ref></ref></ref></ref></ref>
Interestingly, two stereoisomers of the hydroxyphenytoin metabolite are formed by CYP2C9 and CYP2C19: (R)-p-HPPH and (S)-p-HPPH.<ref><ref><ref><ref><ref><ref><ref><ref><ref>12</ref></ref></ref></ref></ref></ref></ref></ref></ref> When CYP2C19 catalyzes the reaction, the ratio of stereoisomers is roughly 1:1, whereas when CYP2C9 catalyzes the reaction, the ratio heavily favours the ""S"" stereoisomer.<ref><ref><ref><ref><ref><ref><ref><ref><ref>12</ref></ref></ref></ref></ref></ref></ref></ref></ref> Since the metabolism of phenytoin is in part influenced by genetic polymorphisms of CYP2C9 and CYP2C19, this ratio can be utilized to identify different genomic variants of the enzymes.5,6,<ref><ref><ref><ref><ref><ref><ref><ref><ref>12</ref></ref></ref></ref></ref></ref></ref></ref></ref>
EPHX1, CYP1A2, CYP2A6, CYP2C19, CYP2C8, CYP2C9, CYP2D6, CYP2E1 and CYP3A4 are responsible for producing the phenytoin dihydrodiol metabolite.<ref><ref><ref><ref><ref><ref><ref><ref><ref>12</ref></ref></ref></ref></ref></ref></ref></ref></ref>
Hydroxyphenytoin can be metabolized by CYP2C19, CYP3A5, CYP2C9, CYP3A4, CYP3A7, CYP2B6 and CYP2D6 to a phenytoin catechol metabolite or undergo glucuronidation by UGT1A6, UGT1A9, UGT1A1, and UGT1A4 to a glucuronide metabolite that can be eliminated in the urine.<ref><ref><ref><ref><ref><ref><ref><ref><ref>12</ref></ref></ref></ref></ref></ref></ref></ref></ref> On the other hand, the phenytoin dihydrodiol entity is only transformed to the catechol metabolite.<ref><ref><ref><ref><ref><ref><ref><ref><ref>12</ref></ref></ref></ref></ref></ref></ref></ref></ref>
The catechol metabolite can undergo methylation by COMT and be subsequently eliminated in the urine, or can spontaneously oxidize to a phenytoin quinone (NQO1 can transform the quinone back to the catechol metabolite).<ref><ref><ref><ref><ref><ref><ref><ref><ref>12</ref></ref></ref></ref></ref></ref></ref></ref></ref>
Of note, although CYP2C18 is poorly expressed in the liver, the enzyme is active in the skin and is involved in the primary and secondary hydroxylation of phenytoin.<ref><ref><ref><ref><ref><ref><ref><ref><ref>12</ref></ref></ref></ref></ref></ref></ref></ref></ref>,<ref>13</ref> This CYP2C18 mediated bioactivation may be linked to the manifestation of adverse cutaneous drug reactions associated with phenytoin.<ref><ref><ref><ref><ref><ref><ref><ref><ref>12</ref></ref></ref></ref></ref></ref></ref></ref></ref>
Hover over products below to view reaction partners
Phenytoin
Phenytoin arene-oxide
Hydroxyphenytoin
Hydroxyphenytoin-O-glucuronide
Phenytoin catechol
Phenytoin methylcatechol
Phenytoin quinone
Phenytoin dihydrodiol
Phenytoin catechol
Phenytoin methylcatechol
Phenytoin quinone","The majority of phenytoin is excreted as inactive metabolites in the bile.<ref>14</ref>,<ref>16</ref> An estimated 1-5% of phenytoin is eliminated unchanged in the urine.<ref>8</ref>","Oral administration: The half-life of phenytoin ranges from 7 to 42 hours, and is 22 hours on average.<ref>11</ref>,<ref>14</ref>
Intravenous administration: The half-life of phenytoin ranges from 10-15 hours.<ref>16</ref>","The clearance of phenytoin is non-linear.<ref>10</ref> At lower serum concentrations (less than <ref>10</ref> mg/L), elimination is characterized by first order kinetics.<ref>3</ref> As plasma concentrations increase, the kinetics shift gradually towards zero-order, and finally reach zero-order kinetics once the system is saturated.<ref>3</ref>","The experience of phenytoin toxicity is not limited to situations of acute ingestion, but may also occur due to drug interactions or due to physiological circumstances that impact serum albumin (ie. kidney disease) or drug metabolism.<ref><ref><ref><ref><ref><ref><ref><ref><ref><ref><ref><ref><ref><ref>3</ref></ref></ref></ref></ref></ref></ref></ref></ref></ref></ref></ref></ref></ref> Other changes that may result in phenytoin toxicity include pregnancy, malnutrition and malignancy.<ref><ref><ref><ref><ref><ref><ref><ref><ref><ref><ref><ref><ref><ref>3</ref></ref></ref></ref></ref></ref></ref></ref></ref></ref></ref></ref></ref></ref>
Phenytoin toxicity most often affects the cardiovascular and nervous systems.<ref><ref><ref><ref><ref><ref><ref><ref><ref><ref><ref><ref><ref><ref>3</ref></ref></ref></ref></ref></ref></ref></ref></ref></ref></ref></ref></ref></ref> The most common presentation of toxicity depends on the route of administration.<ref><ref><ref><ref><ref><ref><ref><ref><ref><ref><ref><ref><ref><ref>3</ref></ref></ref></ref></ref></ref></ref></ref></ref></ref></ref></ref></ref></ref> Cardiovascular adverse effects are most commonly linked to intravenous phenytoin administration, whereas neurological adverse effects are more common with oral phenytoin administration.<ref><ref><ref><ref><ref><ref><ref><ref><ref><ref><ref><ref><ref><ref>3</ref></ref></ref></ref></ref></ref></ref></ref></ref></ref></ref></ref></ref></ref>
Neurotoxicity is usually dependent on serum concentrations.<ref><ref><ref><ref><ref><ref><ref><ref><ref><ref><ref><ref><ref><ref>3</ref></ref></ref></ref></ref></ref></ref></ref></ref></ref></ref></ref></ref></ref> When concentrations range from 10-20 mg/L, mild nystagmus and lateral gaze may occur, while more significant nystagmus is associated with concentrations ranging from 20-<ref><ref><ref><ref><ref><ref><ref><ref><ref><ref><ref><ref><ref><ref>3</ref></ref></ref></ref></ref></ref></ref></ref></ref></ref></ref></ref></ref></ref>0 mg/L.<ref><ref><ref><ref><ref><ref><ref><ref><ref><ref><ref><ref><ref><ref>3</ref></ref></ref></ref></ref></ref></ref></ref></ref></ref></ref></ref></ref></ref> At concentrations of <ref><ref><ref><ref><ref><ref><ref><ref><ref><ref><ref><ref><ref><ref>3</ref></ref></ref></ref></ref></ref></ref></ref></ref></ref></ref></ref></ref></ref>0-40 mg/L, slurred speech, tremor, nausea, vomiting and ataxia have been reported.<ref><ref><ref><ref><ref><ref><ref><ref><ref><ref><ref><ref><ref><ref>3</ref></ref></ref></ref></ref></ref></ref></ref></ref></ref></ref></ref></ref></ref> In more serious cases where serum levels range from 40-50 mg/L patients are at risk of lethargy, confusion and hyperactivity, and at levels beyond 50 mg/L, coma and seizures may occur.<ref><ref><ref><ref><ref><ref><ref><ref><ref><ref><ref><ref><ref><ref>3</ref></ref></ref></ref></ref></ref></ref></ref></ref></ref></ref></ref></ref></ref>
Phenytoin is classified as an antiarrhythmic and can cause SA and AV nodal blocks as well as dysrhythmias due to its effect on voltage-gated sodium channels.<ref><ref><ref><ref><ref><ref><ref><ref><ref><ref><ref><ref><ref><ref>3</ref></ref></ref></ref></ref></ref></ref></ref></ref></ref></ref></ref></ref></ref> Further, since phenytoin is poorly soluble, the parenteral form is administered with propylene glycol, which is a cardiac depressant.<ref><ref><ref><ref><ref><ref><ref><ref><ref><ref><ref><ref><ref><ref>3</ref></ref></ref></ref></ref></ref></ref></ref></ref></ref></ref></ref></ref></ref> The infusion rate of parenteral phenytoin should not exceed 50 mg per minute due to the risk of hypotension, bradycardia, and asystole.<ref><ref><ref><ref><ref><ref><ref><ref><ref><ref><ref><ref><ref><ref>3</ref></ref></ref></ref></ref></ref></ref></ref></ref></ref></ref></ref></ref></ref>
Treatment for phenytoin toxicity is non-specific and centres around supportive care.<ref><ref><ref><ref><ref><ref><ref><ref><ref><ref><ref><ref><ref><ref>3</ref></ref></ref></ref></ref></ref></ref></ref></ref></ref></ref></ref></ref></ref> One dose of activated charcoal may be used to prevent phenytoin absorption in cases of acute ingestion.<ref><ref><ref><ref><ref><ref><ref><ref><ref><ref><ref><ref><ref><ref>3</ref></ref></ref></ref></ref></ref></ref></ref></ref></ref></ref></ref></ref></ref>
Although hemodialysis is moderately effective at removing phenytoin, it is not normally recommended due to the risks associated with the procedure, and the general effectiveness of supportive care.<ref><ref><ref><ref><ref><ref><ref><ref><ref><ref><ref><ref><ref><ref>3</ref></ref></ref></ref></ref></ref></ref></ref></ref></ref></ref></ref></ref></ref>","reference-A40114: Mallet L, Spinewine A, Huang A: The challenge of managing drug interactions in elderly people. Lancet. 2007 Jul 14;370(9582):185-191. doi: 10.1016/S0140-6736(07)61092-7. | https://go.drugbank.com/articles/A40114 || reference-A188571: Fischer JH, Patel TV, Fischer PA: Fosphenytoin: clinical pharmacokinetics and comparative advantages in the acute treatment of seizures. Clin Pharmacokinet. 2003;42(1):33-58. doi: 10.2165/00003088-200342010-00002. | https://go.drugbank.com/articles/A188571 || reference-A188751: Iorga A, Horowitz BZ: Phenytoin Toxicity . | https://go.drugbank.com/articles/A188751 || reference-A188760: Richens A: Clinical pharmacokinetics of phenytoin. Clin Pharmacokinet. 1979 May-Jun;4(3):153-69. doi: 10.2165/00003088-197904030-00001. | https://go.drugbank.com/articles/A188760 || reference-A188772: Dagenais R, Wilby KJ, Elewa H, Ensom MHH: Impact of Genetic Polymorphisms on Phenytoin Pharmacokinetics and Clinical Outcomes in the Middle East and North Africa Region. Drugs R D. 2017 Sep;17(3):341-361. doi: 10.1007/s40268-017-0195-7. | https://go.drugbank.com/articles/A188772 || reference-A188832: Silvado CE, Terra VC, Twardowschy CA: CYP2C9 polymorphisms in epilepsy: influence on phenytoin treatment. Pharmgenomics Pers Med. 2018 Mar 29;11:51-58. doi: 10.2147/PGPM.S108113. eCollection 2018. | https://go.drugbank.com/articles/A188832 || reference-A188826: Keppel Hesselink JM: Phenytoin: a step by step insight into its multiple mechanisms of action-80 years of mechanistic studies in neuropharmacology. J Neurol. 2017 Sep;264(9):2043-2047. doi: 10.1007/s00415-017-8465-4. Epub 2017 Mar 27. | https://go.drugbank.com/articles/A188826 || reference-A189219: Gupta M, Tripp J: Phenytoin . | https://go.drugbank.com/articles/A189219 || reference-A189273: Abdelsayed M, Sokolov S: Voltage-gated sodium channels: pharmaceutical targets via anticonvulsants to treat epileptic syndromes. Channels (Austin). 2013 May-Jun;7(3):146-52. doi: 10.4161/chan.24380. Epub 2013 Mar 26. | https://go.drugbank.com/articles/A189273 || reference-A35884: Nation RL, Evans AM, Milne RW: Pharmacokinetic drug interactions with phenytoin (Part I). Clin Pharmacokinet. 1990 Jan;18(1):37-60. | https://go.drugbank.com/articles/A35884 || reference-A189282: Bergen DC: Pharmacokinetics of phenytoin: reminders and discoveries. Epilepsy Curr. 2009 Jul-Aug;9(4):102-4. doi: 10.1111/j.1535-7511.2009.01307.x. | https://go.drugbank.com/articles/A189282 || reference-A33595: Thorn CF, Whirl-Carrillo M, Leeder JS, Klein TE, Altman RB: PharmGKB summary: phenytoin pathway. Pharmacogenet Genomics. 2012 Jun;22(6):466-70. doi: 10.1097/FPC.0b013e32834aeedb. | https://go.drugbank.com/articles/A33595 || reference-A189312: Kinobe RT, Parkinson OT, Mitchell DJ, Gillam EM: P450 2C18 catalyzes the metabolic bioactivation of phenytoin. Chem Res Toxicol. 2005 Dec;18(12):1868-75. doi: 10.1021/tx050181o. | https://go.drugbank.com/articles/A189312 || reference-L9362: FDA Approved Drugs: Dilantin | https://www.accessdata.fda.gov/drugsatfda_docs/label/2018/084349s085lbl.pdf || reference-L10740: CEREBYX® FDA Label | https://www.accessdata.fda.gov/drugsatfda_docs/label/2019/020450s039lbl.pdf || reference-L10941: Dilantin® FDA Label (injectable formulation) | https://www.accessdata.fda.gov/drugsatfda_docs/label/2017/010151s047s048lbl.pdf || reference-L10980: Phenytoin: A Guide to Therapeutic Drug Monitoring | https://journals.sagepub.com/doi/pdf/10.1177/201010581302200307"
entacapone,DB00494,Entacapone is a selective reversible catechol-O-methyltransferase inhibitor for the treatment of Parkinson's disease.,"Used as an adjunct to levodopa / carbidopa in the symptomatic treatment of patients with idiopathic Parkinson's Disease who experience the signs and symptoms of end-of-dose ""wearing-off"".","The mechanism of action of entacapone is believed to be through its ability to inhibit COMT in peripheral tissues, altering the plasma pharmacokinetics of levodopa. When entacapone is given in conjunction with levodopa and an aromatic amino acid decarboxylase inhibitor, such as carbidopa, plasma levels of levodopa are greater and more sustained than after administration of levodopa and an aromatic amino acid decarboxylase inhibitor alone. It is believed that at a given frequency of levodopa administration, these more sustained plasma levels of levodopa result in more constant dopaminergic stimulation in the brain, leading to a greater reduction in the manifestations of parkinsonian syndrome.","Entacapone is structurally and pharmacologically related to tolcapone, but unlike tolcapone, is not associated with hepatotoxicity. Entacapone is used in the treatment of Parkinson’s disease as an adjunct to levodopa/carbidopa therapy. Entacapone selectively and reversiblly inhibits catechol-O-methyltransferase (COMT). In mammals, COMT is distributed throughout various organs with the highest activities in the liver and kidney. COMT also occurs in the heart, lung, smooth and skeletal muscles, intestinal tract, reproductive organs, various glands, adipose tissue, skin, blood cells and neuronal tissues, especially in glial cells. COMT catalyzes the transfer of the methyl group of S-adenosyl-L-methionine to the phenolic group of substrates that contain a catechol structure. Physiological substrates of COMT include dopa, catecholamines (dopamine, norepinephrine, and epinephrine) and their hydroxylated metabolites. The function of COMT is the elimination of biologically active catechols and some other hydroxylated metabolites. COMT is responsible for the elimination of biologically active catechols and some other hydroxylated metabolites. In the presence of a decarboxylase inhibitor, COMT becomes the major metabolizing enzyme for levodopa, catalyzing the it to 3-methoxy-4-hydroxy-L-phenylalanine (3-OMD) in the brain and periphery.",Entacapone is rapidly absorbed (approximately 1 hour). The absolute bioavailability following oral administration is 35%.,20 L,98% (bind to serum albumin),"Metabolized via isomerization to the cis-isomer, followed by direct glucuronidation of the parent and cis-isomer.","Entacapone is almost completely metabolized prior to excretion, with only a very small amount (0.2% of dose) found unchanged in urine. As only about 10% of the entacapone dose is excreted in urine as parent compound and conjugated glucuronide, biliary excretion appears to be the major route of excretion of this drug.",0.4-0.7 hour,850 mL/min,"Side effect include increase the occurrence of orthostatic hypotension, severe rhabdomyolysis, dyskinesia, hallucinations, hyperkinesia, hypokinesia, dizziness, fatigu,e gastrointestinal effects including abdominal pain constipation diarrhea nausea","reference-A742: Najib J: Entacapone: a catechol-O-methyltransferase inhibitor for the adjunctive treatment of Parkinson's disease. Clin Ther. 2001 Jun;23(6):802-32; discussion 771. | https://go.drugbank.com/articles/A742 || reference-A743: Chong BS, Mersfelder TL: Entacapone. Ann Pharmacother. 2000 Sep;34(9):1056-65. | https://go.drugbank.com/articles/A743 || reference-A744: Poewe WH, Deuschl G, Gordin A, Kultalahti ER, Leinonen M: Efficacy and safety of entacapone in Parkinson's disease patients with suboptimal levodopa response: a 6-month randomized placebo-controlled double-blind study in Germany and Austria (Celomen study). Acta Neurol Scand. 2002 Apr;105(4):245-55. | https://go.drugbank.com/articles/A744 || reference-A745: Brooks DJ, Sagar H: Entacapone is beneficial in both fluctuating and non-fluctuating patients with Parkinson's disease: a randomised, placebo controlled, double blind, six month study. J Neurol Neurosurg Psychiatry. 2003 Aug;74(8):1071-9. | https://go.drugbank.com/articles/A745 || reference-A480: Forsberg M, Lehtonen M, Heikkinen M, Savolainen J, Jarvinen T, Mannisto PT: Pharmacokinetics and pharmacodynamics of entacapone and tolcapone after acute and repeated administration: a comparative study in the rat. J Pharmacol Exp Ther. 2003 Feb;304(2):498-506. | https://go.drugbank.com/articles/A480 || reference-A481: Kaakkola S: Clinical pharmacology, therapeutic use and potential of COMT inhibitors in Parkinson's disease. Drugs. 2000 Jun;59(6):1233-50. | https://go.drugbank.com/articles/A481 || reference-L38289: FDA Approved Drug Products: Comtan (entacapone) tablets for oral use | https://www.accessdata.fda.gov/drugsatfda_docs/label/2016/020796s026lbl.pdf || reference-L38294: FDA Approved Drug Products: Stalevo (carbidopa/levodopa/entacapone) tablets for oral use | https://www.accessdata.fda.gov/drugsatfda_docs/label/2019/021485s042lbl.pdf"
valproic acid,DB00313,Valproic acid is an anticonvulsant used to control complex partial seizures and both simple and complex absence seizures.,"Indicated for:<ref>Label</ref> 1) Use as monotherapy or adjunctive therapy in the management of complex partial seizures and simple or complex absence seizures. 2) Adjunctive therapy in the management of multiple seizure types that include absence seizures. 3) Prophylaxis of migraine headaches. 4) Acute management of mania associated with bipolar disorder. Off-label uses include: 1) Maintenance therapy for bipolar disorder.<ref>7</ref> 2) Treatment for acute bipolar depression.<ref>8</ref>,<ref>9</ref>,<ref>10</ref> 3) Emergency treatment of status epilepticus.<ref>11</ref>","The exact mechanisms by which valproate exerts it's effects on epilepsy, migraine headaches, and bipolar disorder are unknown however several pathways exist which may contribute to the drug's action.
Valproate is known to inhibit succinic semialdehyde dehydrogenase.<ref><ref><ref>1</ref></ref>2</ref> This inhibition results in an increase in succinic semialdehyde which acts as an inhibitor of GABA transaminase ultimately reducing GABA metabolism and increasing GABAergic neurotransmission. As GABA is an inhibitory neurotransmitter, this increase results in increased inhibitory activity.<ref><ref>1</ref></ref> A possible secondary contributor to cortical inhibition is a direct suppression of voltage gated sodium channel activity and indirect suppression through effects on GABA.
It has also been suggested that valproate impacts the extracellular signal-related kinase pathway (ERK).<ref><ref>1</ref></ref> These effects appear to be dependent on mitogen-activated protein kinase (MEK) and result in the phosphorylation of ERK<ref><ref>1</ref></ref>/2. This activation increases expression of several downstream targets including ELK-<ref><ref>1</ref></ref> with subsequent increases in c-fos, growth cone-associated protein-43 which contributes to neural plasticity, B-cell lymphoma/leukaemia-2 which is an anti-apoptotic protein, and brain-derived neurotrophic factor (BDNF) which is also involved in neural plasticity and growth. Increased neurogenesis and neurite growth due to valproate are attributed to the effects of this pathway. An additional downstream effect of increased BDNF expression appears to be an increase in GABAA receptors which contribute further to increased GABAergic activity.<ref><ref>1</ref></ref>3
Valproate exerts a non-competitive indirect inhibitory effect on myo-inosital-<ref><ref>1</ref></ref>-phophate synthetase.<ref><ref>1</ref></ref>4 This results in reduced de novo synthesis of inositol monophosphatase and subsequent inositol depletion. It is unknown how this contributed to valproate's effects on bipolar disorder but [lithium] is known to exert a similar inositol-depleting effect.<ref><ref>1</ref></ref>5 Valproate exposure also appears to produce down-regulation of protein kinase C proteins (PKC)-α and -ε which are potentially related to bipolar disorder as PKC is unregulated in the frontal cortex of bipolar patients. This is further supported by a similar reduction in PKC with lithium.<ref><ref>1</ref></ref>6 The inhibition of the PKC pathway may also be a contributor to migraine prophylaxis.<ref><ref>1</ref></ref>7 Myristoylated alanine-rich C kinase substrate, a PKC substrate, is also downregulated by valproate and may contribute to changes in synaptic remodeling through effects on the cytoskeleton.<ref><ref>1</ref></ref>8
Valproate also appears to impact fatty acid metabolism.<ref><ref>1</ref></ref> Less incorporation of fatty acid substrates in sterols and glycerolipids is thought to impact membrane fluidity and result in increased action potential threshold potentially contributing to valproate's antiepileptic action.<ref><ref>1</ref></ref>9 Valproate has been found to be a non-competitive direct inhibitor of brain microsomal long-chain fatty acyl-CoA synthetase.<ref>20</ref> Inhibition of this enzyme decreases available arichidonyl-CoA, a substrate in the production of inflammatory prostaglandins. It is thought that this may be a mechanism behind valproate's efficacy in migraine prophylaxis as migraines are routinely treated with non-steroidal anti-inflammatory drugs which also inhibit prostaglandin production.
Finally, valproate acts as a direct histone deactylase (HDAC) inhibitor.<ref>22</ref> Hyperacetylation of lysine residues on histones promoted DNA relaxation and allows for increased gene transcription. The scope of valproate's genomic effects is wide with 46<ref><ref>1</ref></ref> genes being up or down-regulated.2<ref><ref>1</ref></ref> The relation of these genomic effects to therapeutic value is not fully characterized however H3 and H4 hyperacetylation correlates with improvement of symptoms in bipolar patients.<ref>23</ref> Histone hyperacetylation at the BDNF gene, increasing BDNF expression, post-seizure is known to occur and is thought to be a neuroprotective mechanism which valproate may strengthen or prolong.<ref>24</ref> H3 hyperacetylation is associated with a reduction in glyceraldehyde-3-phosphate dehydrogenase, a pro-apoptotic enzyme, contributing further to valproate's neuroprotective effects.<ref>25</ref>","Valproate has been shown to reduce the incidence of complex partial seizures and migraine headaches.<ref><ref>Label</ref></ref>,<ref>5</ref> It also improves symptom control in bipolar mania.<ref>23</ref> Although the exact mechanisms responsible are unknown, it is thought that valproate produces increased cortical inhibition to contribute to control of neural synchrony. It is also thought that valproate exerts a neuroprotective effect preventing damage and neural degeneration in epilepsy, migraines, and bipolar disorder.
Valproate is hepatotoxic and teratogenic. The reasons for this are unclear but have been attributed to the genomic effects of the drug.<ref>1</ref>
A small proof-of concept study found that valproate increases clearance of human immunodeficiency virus (HIV) when combined with highly active antiretroviral therapy (HAART) by reactivating the virus to allow clearance, however, a larger multicentre trial failed to show a significant effect on HIV reservoirs when added to HAART.<ref>2</ref>,<ref>6</ref> The FDA labeling contains a warning regarding HIV reactivation during valproate use.<ref>Label</ref>.","The intravenous and oral forms of valproic acid are expected to produce the same AUC, Cmax, and Cmin at steady-state.<ref>Label</ref> The oral delayed-release tablet formulation has a Tmax of 4 hours. Differences in absorption rate are expected from other formulations but are not considered to be clinically important in the context of chronic therapy beyond impacting frequency of dosing. Differences in absorption may create earlier Tmax or higher Cmax values on initiation of therapy and may be affected differently by meals.<ref>30</ref> The extended release tablet formulation had Tmax increase from 4 hours to 8 hours when taken with food. In comparison, the sprinkle capsule formulation had Tmax increase from 3.3 hours to 4.8 hours. Bioavailability is reported to be approximately 90% with all oral formulations with enteric-coated forms possibly reaching 100%.<ref>27</ref>",11 L/1.73m2.<ref>Label</ref>,Protein binding is linear at low concentrations with a free fraction of approximately 10% at 40 mcg/mL but becomes non-linear at higher concentrations with a free fraction of 18.5% at 135 mcg/mL.<ref>Label</ref> This may be due to binding at separate high and low-affinity sites on albumin proteins.<ref>27</ref> Binding is expected to decrease in the elderly and patients with hepatic dysfunction.,"Most drug is metabolized to glucuronide conjugates (30-50%) of the parent drug or of metabolites.<ref>Label</ref>,<ref>27</ref> Another large portion is metabolized through mitochondrial β-oxidation (40%). The remainder of metabolism (15-20%) occurs through oxidation, hydroxylation, and dehydrogenation at the ω, ω1, and ω2 positions resulting in the formation of hydroxyls, ketones, carboxyls, a lactone metabolite, double bonds, and combinations.
Hover over products below to view reaction partners
Valproic acid
4-ene-Valproic acid
2,4-Diene-VPA
5-Hydroxyvalproic acid
2-Propylglutaric acid
3-Hydroxyvalproic acid
3-Oxovalproic acid
3-Oxovalproic acid
4-Hydroxyvalproic acid
2-n-Propyl-4-oxopentanoic acid
2-Propylsuccinic acid
Valproic acid β-O-glucuronide
2-ene-Valproic acid
3-Hydroxyvalproic acid
(3Z)-2-Propylpent-3-enoic acid (3Z-Ene-VPA)
(3E)-2-Propylpent-3-enoic acid (3E-Ene-VPA)
Valproic acid CoA","Most drug is eliminated through hepatic metabolism, about 30-50%.<ref>Label</ref> The other major contributing pathway is mitochondrial β-oxidation, about 40%. Other oxidative pathways make up an additional 15-20%. Less than 3% is excreted unchanged in the urine.","13-19 hours.<ref>Label</ref>
The half-life in neonates ranges from 10-67 hours while the half-life in pediatric patients under 2 months of age ranges from 7-13 hours.","0.56 L/hr/m2<ref><ref>Label</ref></ref>
Pediatric patients between 3 months and 10 years of age have 50% higher clearances by weight. Pediatric patients 10 years of age or older approximate adult values.<ref><ref>Label</ref></ref>","LD50 Values
Oral, mouse: 1098 mg/kg
Oral, rat: 670 mg/kg
Overdose
Symptoms of overdose include somnolence, heart block, deep coma, and hypernatremia. Fatalities have been reported, however patients have recovered from valproate serum concentrations as high as 2120 mcg/mL. The unbound fraction may be removed by hemodialysis. Naloxone has been demonstrated to reverse the CNS depressant effects of overdose but may also reverse the anti-epileptic effects.<ref><ref><ref><ref><ref>Label</ref></ref></ref></ref></ref>
Reproductive Toxicity
Valproate use in pregnancy is known to increase the risk of neural tube defects and other structural abnormalities.<ref><ref><ref><ref><ref>Label</ref></ref></ref></ref></ref> The risk of spina bifida increases from 0.06-0.07% in the normal population to 1-2% in valproate users. The North American Antiepileptic Drug (NAAED) Pregnancy Registry reports a major malformation rate of 9-11%, 5 times the baseline rate. These malformations include neural tube defects, cardiovascular malformations, craniofacial defects (e.g., oral clefts, craniosynostosis), hypospadias, limb malformations (e.g., clubfoot, polydactyly), and other malformations of varying severity involving other body systems. Other antiepileptic drugs, lamotrigine, carbemazepine, and phenytoin, have been found to reduce IQ in children exposed in utero. Valproate was also studied however the results did not achieve statistical significance (97 IQ (CI: 94-101)). Observational studies report an absolute risk increase of 2.9% (relative risk 2.9 times baseline) of autism spectrum disorder in children exposed to valproate in utero. There have been case reports of fatal hepatic failure in children of mothers who used valproate during pregnancy.
There have been reports of male infertility when taking valproate.<ref><ref><ref><ref><ref>Label</ref></ref></ref></ref></ref>
Lactation
Valproate is excreted in human milk.<ref><ref><ref><ref><ref>Label</ref></ref></ref></ref></ref> Data in the published literature describe the presence of valproate in human milk (range: 0.4 mcg/mL to 3.9 mcg/mL), corresponding to 1% to 10% of maternal serum levels. Valproate serum concentrations collected from breastfed infants aged 3 days postnatal to 12 weeks following delivery ranged from 0.7 mcg/mL to 4 mcg/mL, which were 1% to 6% of maternal serum valproate levels. A published study in children up to six years of age did not report adverse developmental or cognitive effects following exposure to valproate via breast milk.
Other Toxicity Considerations
Use in pediatrics under 2 years of age increases the risk of fatal hepatotoxicity.<ref><ref><ref><ref><ref>Label</ref></ref></ref></ref></ref>","reference-A457: Rosenberg G: The mechanisms of action of valproate in neuropsychiatric disorders: can we see the forest for the trees? Cell Mol Life Sci. 2007 Aug;64(16):2090-103. | https://go.drugbank.com/articles/A457 || reference-A458: Lehrman G, Hogue IB, Palmer S, Jennings C, Spina CA, Wiegand A, Landay AL, Coombs RW, Richman DD, Mellors JW, Coffin JM, Bosch RJ, Margolis DM: Depletion of latent HIV-1 infection in vivo: a proof-of-concept study. Lancet. 2005 Aug 13-19;366(9485):549-55. | https://go.drugbank.com/articles/A458 || reference-A459: Schwartz C, Palissot V, Aouali N, Wack S, Brons NH, Leners B, Bosseler M, Berchem G: Valproic acid induces non-apoptotic cell death mechanisms in multiple myeloma cell lines. Int J Oncol. 2007 Mar;30(3):573-82. | https://go.drugbank.com/articles/A459 || reference-A460: Valentini A, Gravina P, Federici G, Bernardini S: Valproic acid induces apoptosis, p16INK4A upregulation and sensitization to chemotherapy in human melanoma cells. Cancer Biol Ther. 2007 Feb;6(2):185-91. Epub 2007 Feb 5. | https://go.drugbank.com/articles/A460 || reference-A177841: Linde M, Mulleners WM, Chronicle EP, McCrory DC: Valproate (valproic acid or sodium valproate or a combination of the two) for the prophylaxis of episodic migraine in adults. Cochrane Database Syst Rev. 2013 Jun 24;(6):CD010611. doi: 10.1002/14651858.CD010611. | https://go.drugbank.com/articles/A177841 || reference-A177859: Routy JP, Tremblay CL, Angel JB, Trottier B, Rouleau D, Baril JG, Harris M, Trottier S, Singer J, Chomont N, Sekaly RP, Boulassel MR: Valproic acid in association with highly active antiretroviral therapy for reducing systemic HIV-1 reservoirs: results from a multicentre randomized clinical study. HIV Med. 2012 May;13(5):291-6. doi: 10.1111/j.1468-1293.2011.00975.x. Epub 2012 Jan 26. | https://go.drugbank.com/articles/A177859 || reference-A177919: Cipriani A, Reid K, Young AH, Macritchie K, Geddes J: Valproic acid, valproate and divalproex in the maintenance treatment of bipolar disorder. Cochrane Database Syst Rev. 2013 Oct 17;(10):CD003196. doi: 10.1002/14651858.CD003196.pub2. | https://go.drugbank.com/articles/A177919 || reference-A177928: Ghaemi SN, Gilmer WS, Goldberg JF, Zablotsky B, Kemp DE, Kelley ME, Bauer AD, Fleck J, Filkowski MM, Stan VA, Dunn RT: Divalproex in the treatment of acute bipolar depression: a preliminary double-blind, randomized, placebo-controlled pilot study. J Clin Psychiatry. 2007 Dec;68(12):1840-4. | https://go.drugbank.com/articles/A177928 || reference-A177931: Davis LL, Bartolucci A, Petty F: Divalproex in the treatment of bipolar depression: a placebo-controlled study. J Affect Disord. 2005 Apr;85(3):259-66. doi: 10.1016/j.jad.2004.09.009. | https://go.drugbank.com/articles/A177931 || reference-A177934: Muzina DJ, Gao K, Kemp DE, Khalife S, Ganocy SJ, Chan PK, Serrano MB, Conroy CM, Calabrese JR: Acute efficacy of divalproex sodium versus placebo in mood stabilizer-naive bipolar I or II depression: a double-blind, randomized, placebo-controlled trial. J Clin Psychiatry. 2011 Jun;72(6):813-9. doi: 10.4088/JCP.09m05570gre. Epub 2010 Aug 24. | https://go.drugbank.com/articles/A177934 || reference-A177955: Prasad M, Krishnan PR, Sequeira R, Al-Roomi K: Anticonvulsant therapy for status epilepticus. Cochrane Database Syst Rev. 2014 Sep 10;(9):CD003723. doi: 10.1002/14651858.CD003723.pub3. | https://go.drugbank.com/articles/A177955 || reference-A177991: El-Habr EA, Dubois LG, Burel-Vandenbos F, Bogeas A, Lipecka J, Turchi L, Lejeune FX, Coehlo PL, Yamaki T, Wittmann BM, Fareh M, Mahfoudhi E, Janin M, Narayanan A, Morvan-Dubois G, Schmitt C, Verreault M, Oliver L, Sharif A, Pallud J, Devaux B, Puget S, Korkolopoulou P, Varlet P, Ottolenghi C, Plo I, Moura-Neto V, Virolle T, Chneiweiss H, Junier MP: A driver role for GABA metabolism in controlling stem and proliferative cell state through GHB production in glioma. Acta Neuropathol. 2017 Apr;133(4):645-660. doi: 10.1007/s00401-016-1659-5. Epub 2016 Dec 28. | https://go.drugbank.com/articles/A177991 || reference-A177997: Yamada MK, Nakanishi K, Ohba S, Nakamura T, Ikegaya Y, Nishiyama N, Matsuki N: Brain-derived neurotrophic factor promotes the maturation of GABAergic mechanisms in cultured hippocampal neurons. J Neurosci. 2002 Sep 1;22(17):7580-5. | https://go.drugbank.com/articles/A177997 || reference-A178000: Shaltiel G, Shamir A, Shapiro J, Ding D, Dalton E, Bialer M, Harwood AJ, Belmaker RH, Greenberg ML, Agam G: Valproate decreases inositol biosynthesis. Biol Psychiatry. 2004 Dec 1;56(11):868-74. doi: 10.1016/j.biopsych.2004.08.027. | https://go.drugbank.com/articles/A178000 || reference-A178003: Yu W, Greenberg ML: Inositol depletion, GSK3 inhibition and bipolar disorder. Future Neurol. 2016 May;11(2):135-148. doi: 10.2217/fnl-2016-0003. Epub 2016 Apr 26. | https://go.drugbank.com/articles/A178003 || reference-A178015: Manji HK, Etcheberrigaray R, Chen G, Olds JL: Lithium decreases membrane-associated protein kinase C in hippocampus: selectivity for the alpha isozyme. J Neurochem. 1993 Dec;61(6):2303-10. | https://go.drugbank.com/articles/A178015 || reference-A178018: Yi L, Wu Q, Chen N, Song G, Wang C, Zou Q, Zhang Z: Valproate Plays a Protective Role against Migraine by Inhibiting Protein Kinase C Signalling in Nitroglycerin-treated Mice. Basic Clin Pharmacol Toxicol. 2018 Mar;122(3):310-316. doi: 10.1111/bcpt.12915. Epub 2017 Nov 12. | https://go.drugbank.com/articles/A178018 || reference-A178021: Watterson JM, Watson DG, Meyer EM, Lenox RH: A role for protein kinase C and its substrates in the action of valproic acid in the brain: implications for neural plasticity. Brain Res. 2002 Apr 26;934(1):69-80. | https://go.drugbank.com/articles/A178021 || reference-A178024: Bolanos JP, Medina JM: Effect of valproate on the metabolism of the central nervous system. Life Sci. 1997;60(22):1933-42. | https://go.drugbank.com/articles/A178024 || reference-A14708: Bazinet RP, Weis MT, Rapoport SI, Rosenberger TA: Valproic acid selectively inhibits conversion of arachidonic acid to arachidonoyl-CoA by brain microsomal long-chain fatty acyl-CoA synthetases: relevance to bipolar disorder. Psychopharmacology (Berl). 2006 Jan;184(1):122-9. Epub 2005 Dec 13. | https://go.drugbank.com/articles/A14708 || reference-A178027: Tang Y, Glauser TA, Gilbert DL, Hershey AD, Privitera MD, Ficker DM, Szaflarski JP, Sharp FR: Valproic acid blood genomic expression patterns in children with epilepsy - a pilot study. Acta Neurol Scand. 2004 Mar;109(3):159-68. | https://go.drugbank.com/articles/A178027 || reference-A178030: Phiel CJ, Zhang F, Huang EY, Guenther MG, Lazar MA, Klein PS: Histone deacetylase is a direct target of valproic acid, a potent anticonvulsant, mood stabilizer, and teratogen. J Biol Chem. 2001 Sep 28;276(39):36734-41. doi: 10.1074/jbc.M101287200. Epub 2001 Jul 25. | https://go.drugbank.com/articles/A178030 || reference-A178033: Sharma RP, Rosen C, Kartan S, Guidotti A, Costa E, Grayson DR, Chase K: Valproic acid and chromatin remodeling in schizophrenia and bipolar disorder: preliminary results from a clinical population. Schizophr Res. 2006 Dec;88(1-3):227-31. doi: 10.1016/j.schres.2006.07.015. Epub 2006 Sep 25. | https://go.drugbank.com/articles/A178033 || reference-A178036: Huang Y, Doherty JJ, Dingledine R: Altered histone acetylation at glutamate receptor 2 and brain-derived neurotrophic factor genes is an early event triggered by status epilepticus. J Neurosci. 2002 Oct 1;22(19):8422-8. | https://go.drugbank.com/articles/A178036 || reference-A11814: Kanai H, Sawa A, Chen RW, Leeds P, Chuang DM: Valproic acid inhibits histone deacetylase activity and suppresses excitotoxicity-induced GAPDH nuclear accumulation and apoptotic death in neurons. Pharmacogenomics J. 2004;4(5):336-44. | https://go.drugbank.com/articles/A11814 || reference-A178051: Lopez-Munoz F, Baumeister AA, Hawkins MF, Alamo C: The role of serendipity in the discovery of the clinical effects of psychotropic drugs: beyond of the myth. Actas Esp Psiquiatr. 2012 Jan-Feb;40(1):34-42. Epub 2012 Jan 1. | https://go.drugbank.com/articles/A178051 || reference-A178066: Zaccara G, Messori A, Moroni F: Clinical pharmacokinetics of valproic acid--1988. Clin Pharmacokinet. 1988 Dec;15(6):367-89. doi: 10.2165/00003088-198815060-00002. | https://go.drugbank.com/articles/A178066 || reference-L6151: Depacon FDA Label (2006) | https://www.accessdata.fda.gov/drugsatfda_docs/label/2006/018081s42,18082s26,18723s32,19680s19,20593s11,21168s9lbl.pdf || reference-L6190: Depakene FDA | https://www.accessdata.fda.gov/scripts/cder/daf/index.cfm?event=overview.process&ApplNo=018081 || reference-L6196: Depakene FDA Label (2019) | https://www.accessdata.fda.gov/drugsatfda_docs/label/2019/018081s069,018082s052lbl.pdf || reference-L3897: FDA Approved Drug Products: Stavzor (valproic acid) delayed-release capsules for oral use | https://www.accessdata.fda.gov/drugsatfda_docs/label/2021/022152s009lbl.pdf"
antiepileptics,,,,,,,,,,,,,,
erenumab,,,,,,,,,,,,,,
fremanezumab,,,,,,,,,,,,,,
galcanezumab,,,,,,,,,,,,,,
sunitinib,DB01268,Sunitinib is a receptor tyrosine kinase inhibitor and chemotherapeutic agent used for the treatment of renal cell carcinoma (RCC) and imatinib-resistant gastrointestinal stromal tumor (GIST).,"Sunitinib is indicated for the following conditions:<ref>3</ref> Treatment of adult patients with gastrointestinal stromal tumor (GIST) following disease progression on (or intolerance to) imatinib mesylate Treatment of adult patients with advanced renal cell carcinoma (RCC) Adjuvant treatment of adult patients at high risk of recurrent RCC following nephrectomy Treatment of progressive, well-differentiated pancreatic neuroendocrine tumors (pNET) in adult patients with unresectable locally advanced or metastatic disease","Sunitinib is a small molecule that inhibits multiple RTKs, some of which are implicated in tumor growth, pathologic angiogenesis, and metastatic progression of cancer. Sunitinib was evaluated for its inhibitory activity against a variety of kinases (>80 kinases) and was identified as an inhibitor of platelet-derived growth factor receptors (PDGFRa and PDGFRb), vascular endothelial growth factor receptors (VEGFR1, VEGFR2 and VEGFR3), stem cell factor receptor (KIT), Fms-like tyrosine kinase-3 (FLT3), colony stimulating factor receptor Type 1 (CSF-1R), and the glial cell-line derived neurotrophic factor receptor (RET). Sunitinib inhibition of the activity of these RTKs has been demonstrated in biochemical and cellular assays, and inhibition of function has been demonstrated in cell proliferation assays. The primary metabolite exhibits similar potency compared to sunitinib in biochemical and cellular assays.","Sunitinib is an oral, small-molecule, multi-targeted receptor tyrosine kinase (RTK) inhibitor that was approved by the FDA on January 26, 2006.","Maximum plasma concentrations (Cmax) of sunitinib are generally observed between 6 and 12 hours (Tmax) following oral administration. Food has no effect on the bioavailability of sunitinib. Sunitinib may be taken with or without food. The pharmacokinetics were similar in healthy volunteers and in the solid tumor patient populations tested, including patients with GIST and RCC.","2230 L (apparent volume of distribution, Vd/F)","Binding of sunitinib and its primary metabolite to human plasma protein in vitro was 95% and 90%, respectively.","Sunitinib is metabolized primarily by the cytochrome P450 enzyme, CYP3A4, to produce its primary active metabolite, which is further metabolized by CYP3A4.","Sunitinib is metabolized primarily by the cytochrome P450 enzyme, CYP3A4, to produce its primary active metabolite, which is further metabolized by CYP3A4. Elimination is primarily via feces. In a human mass balance study of [14C]sunitinib, 61% of the dose was eliminated in feces, with renal elimination accounting for 16% of the administered dose.","Following administration of a single oral dose in healthy volunteers, the terminal half-lives of sunitinib and its primary active metabolite are approximately 40 to 60 hours and 80 to 110 hours, respectively.",34 - 62 L/h [Total oral clearance],"The maximally tolerated dose for rat, mouse, and dog when given orally is greater than 500 mg/kg. The maximally tolerated dose of a non-human primate is greater 1200 mg/kg.","reference-A2291: Motzer RJ, Hutson TE, Tomczak P, Michaelson MD, Bukowski RM, Rixe O, Oudard S, Negrier S, Szczylik C, Kim ST, Chen I, Bycott PW, Baum CM, Figlin RA: Sunitinib versus interferon alfa in metastatic renal-cell carcinoma. N Engl J Med. 2007 Jan 11;356(2):115-24. | https://go.drugbank.com/articles/A2291 || reference-A2292: Demetri GD, van Oosterom AT, Garrett CR, Blackstein ME, Shah MH, Verweij J, McArthur G, Judson IR, Heinrich MC, Morgan JA, Desai J, Fletcher CD, George S, Bello CL, Huang X, Baum CM, Casali PG: Efficacy and safety of sunitinib in patients with advanced gastrointestinal stromal tumour after failure of imatinib: a randomised controlled trial. Lancet. 2006 Oct 14;368(9544):1329-38. | https://go.drugbank.com/articles/A2292 || reference-L4135: FDA Approved Drug Products: Sutent (sunitinib malate) capsules for oral use | https://www.accessdata.fda.gov/drugsatfda_docs/label/2021/021938s039lbledt.pdf"
methotrexate,DB00563,"Methotrexate is an antineoplastic agent used the treatment of a wide variety of cancers as well as severe psoriasis, severe rheumatoid arthritis, and juvenile rheumatoid arthritis.","Methotrexate oral solution is indicated for pediatric acute lymphoblastic leukemia and pediatric polyarticular juvenile idiopathic arthritis.<ref>4</ref> Methotrexate injections for subcutaneous use are indicated for severe active rheumatoid arthritis, polyarticular juvenile idiopathic arthritis and severe, recalcitrant, disabling psoriasis.<ref>5</ref>,<ref>6</ref>,<ref>10</ref> It has also been approved by the EMA for the treatment of adult patients requiring systemic therapy for moderate-to-severe plaque psoriasis.<ref>12</ref> Other formulations are indicated to treat gestational choriocarcinoma, chorioadenoma destruens, hydatiform mole, breast cancer, epidermoid cancer of the head and neck, advanced mycosis fungoides, lung cancer, and advanced non-Hodgkin's lymphoma.<ref><ref>7</ref></ref> It is also used in the maintenance of acute lymphocytic leukemia.<ref><ref>7</ref></ref> Methotrexate is also given before treatment with leucovorin to prolong relapse-free survival following surgical removal of a tumour in non-metastatic osteosarcoma.<ref><ref>7</ref></ref>","Methotrexate enters tissues and is converted to a methotrexate polyglutamate by folylpolyglutamate.<ref><ref><ref>1</ref></ref></ref>
Methotrexate's mechanism of action is due to its inhibition of enzymes responsible for nucleotide synthesis including dihydrofolate reductase, thymidylate synthase, aminoimidazole caboxamide ribonucleotide transformylase (AICART), and amido phosphoribosyltransferase.<ref><ref><ref>1</ref></ref></ref> Inhibtion of nucleotide synthesis prevents cell division.
In rheumatoid arthritis, methotrexate polyglutamates inhibit AICART more than methotrexate.<ref><ref><ref>1</ref></ref></ref> This inhibition leads to accumulation of AICART ribonucleotide, which inhibits adenosine deaminase, leading to an accumulation of adenosine triphosphate and adenosine in the extracellular space, stimulating adenosine receptors, leading to anti-inflammatory action.<ref><ref><ref>1</ref></ref></ref>","Methotrexate inhibits enzymes responsible for nucleotide synthesis which prevents cell division and leads to anti-inflammatory actions.<ref>1</ref> It has a long duration of action and is generally given to patients once weekly.<ref>1</ref>,4,<ref>5</ref>,<ref>6</ref> Methotrexate has a narrow therapeutic index.<ref>2</ref>
Do not take methotrexate daily.<ref>5</ref>,<ref>6</ref>","Methotrexate has a bioavailability of 64-90%, though this decreases at oral doses above 25mg due to saturation of the carrier mediated transport of methotrexate.<ref><ref>1</ref></ref>. Methotrexate has a Tmax of <ref><ref>1</ref></ref> to 2 hours.<ref><ref>1</ref></ref> oral doses of <ref><ref>1</ref></ref>0-<ref><ref>1</ref></ref>5µg reach serum levels of 0.0<ref><ref>1</ref></ref>-0.<ref><ref>1</ref></ref>µM.<ref><ref>1</ref></ref>",The volume of distribution of methotrexate at steady state is approximately <ref>1</ref>L/kg.<ref>1</ref>,Methotrexate is 46.5-54% bound to plasma proteins.<ref>1</ref>,"Methotrexate is metabolized by folylpolyglutamate synthase to methotrexate polyglutamate in the liver as well as in tissues.<ref>1</ref>,<ref>7</ref> Gamma-glutamyl hydrolase hydrolyzes the glutamyl chains of methotrexate polyglutamates converting them back to methotrexate.<ref>1</ref>,<ref>7</ref> A small amount of methotrexate is also converted to 7-hydroxymethotrexate.<ref>1</ref>,<ref>7</ref>
Hover over products below to view reaction partners
Methotrexate
7-hydroxymethotrexate",Methotrexate is >80% excreted as the unchanged drug and approximately 3% as the 7-hydroxylated metabolite.<ref>1</ref> Methotrexate is primarily excreted in the urine with 8.7-26% of an intravenous dose appearing in the bile.<ref>1</ref>,The half life of low dose methotrexate is 3 to 10 hours in adults.<ref><ref>4</ref></ref> The half life for high dose methotrexate is 8 to 1<ref>5</ref> hours.<ref>5</ref> Pediatric patients taking methotrexate for acute lymphoblastic anemia experience a terminal half life of 0.7 to <ref>5</ref>.8 hours.<ref><ref>4</ref></ref> Pediatric patients taking methotrexate for juvenile idiopathic arthritis experience a half life of 0.9 to 2.3 hours.<ref><ref>4</ref></ref>,"Methotrexate clearance varies widely between patients and decreases with increasing doses.<ref>3</ref> Currently, predicting clearance of methotrexate is difficult and exceedingly high serum levels of methotrexate can still occur when all precautions are taken.<ref>3</ref>","The oral LD50 in rats is 135mg/kg and in mice is 146mg/kg.<ref>9</ref>
Symptoms of overdose include hematologic and gastrointestinal reactions like leukopenia, thombocytopenia, anemia, pancytopenia, bone marrow suppression, mucositis, stomatitis, oral ulceration, nausea, vomiting, gastrointestinal ulceration, and gastrointestinal bleeding.<ref>7</ref> In the event of an overdose, patients should be treated with glucarpidase and not be given leucovorin for 2 hours before or after glucarpidase.<ref>7</ref>","reference-A180322: Inoue K, Yuasa H: Molecular basis for pharmacokinetics and pharmacodynamics of methotrexate in rheumatoid arthritis therapy. Drug Metab Pharmacokinet. 2014;29(1):12-9. Epub 2013 Nov 26. | https://go.drugbank.com/articles/A180322 || reference-A180325: Przekop PR Jr, Tulgan H, Przekop AA, Glantz M: Adverse drug reaction to methotrexate: pharmacogenetic origin. J Am Osteopath Assoc. 2006 Dec;106(12):706-7. | https://go.drugbank.com/articles/A180325 || reference-A180400: Muhrez K, Benz-de Bretagne I, Nadal-Desbarats L, Blasco H, Gyan E, Choquet S, Montigny F, Emond P, Barin-Le Guellec C: Endogenous metabolites that are substrates of organic anion transporter's (OATs) predict methotrexate clearance. Pharmacol Res. 2017 Apr;118:121-132. doi: 10.1016/j.phrs.2016.05.021. Epub 2016 May 19. | https://go.drugbank.com/articles/A180400 || reference-L7144: FDA Approved Drug Products: Methotrexate Oral Solution | https://www.accessdata.fda.gov/drugsatfda_docs/label/2018/208004s002lbl.pdf || reference-L7147: FDA Approved Drug Products: Methotrexate Subcutaneous Injection | https://www.accessdata.fda.gov/drugsatfda_docs/label/2018/205776s002lbl.pdf || reference-L7150: FDA Approved Drug Products: Methotrexate Prefilled Syringe for Subcutaneous Injection | https://www.accessdata.fda.gov/drugsatfda_docs/label/2019/204824s009lbl.pdf || reference-L7180: FDA Approved Drug Products: Methotrexate Injection | https://www.accessdata.fda.gov/drugsatfda_docs/label/2018/011719s125lbl.pdf || reference-L7198: FDA Approved Drug Products: Methotrexate Sodium Oral Tablets | https://www.accessdata.fda.gov/scripts/cder/daf/index.cfm?event=overview.process&ApplNo=008085 || reference-L7204: Cayman Chemicals: Methotrexate MSDS | https://www.caymanchem.com/msdss/13960m.pdf || reference-L10457: FDA Approved Drug Products: RediTrex Methotrexate Subcutaneous Injection | https://www.accessdata.fda.gov/drugsatfda_docs/label/2019/210737s000lbl.pdf || reference-L38854: FDA Approved Drug Products: METHOTREXATE injection, for intravenous, intramuscular, subcutaneous, or intrathecal use | https://www.accessdata.fda.gov/drugsatfda_docs/label/2021/011719Orig1s131lbl.pdf || reference-L48796: EMA Summary of Product Characteristics: Nordimet (methotrexate) solution for injection | https://www.ema.europa.eu/en/documents/product-information/nordimet-epar-product-information_en.pdf"
fluorouracil,DB00544,"Fluorouracil is a pyrimidine analog used to treat basal cell carcinomas, and as an injection in palliative cancer treatment.","For the topical treatment of multiple actinic or solar keratoses. In the 5% strength it is also useful in the treatment of superficial basal cell carcinomas when conventional methods are impractical, such as with multiple lesions or difficult treatment sites. Fluorouracil injection is indicated in the palliative management of some types of cancer, including colon, esophageal, gastric, rectum, breast, biliary tract, stomach, head and neck, cervical, pancreas, renal cell, and carcinoid.","The precise mechanism of action has not been fully determined, but the main mechanism of fluorouracil is thought to be the binding of the deoxyribonucleotide of the drug (FdUMP) and the folate cofactor, N5–10-methylenetetrahydrofolate, to thymidylate synthase (TS) to form a covalently bound ternary complex. This results in the inhibition of the formation of thymidylate from uracil, which leads to the inhibition of DNA and RNA synthesis and cell death. Fluorouracil can also be incorporated into RNA in place of uridine triphosphate (UTP), producing a fraudulent RNA and interfering with RNA processing and protein synthesis.","Fluorouracil is an antineoplastic anti-metabolite. Anti-metabolites masquerade as purine or pyrimidine - which become the building blocks of DNA. They prevent these substances from becoming incorporated into DNA during the ""S"" phase (of the cell cycle), stopping normal development and division. Fluorouracil blocks an enzyme which converts the cytosine nucleotide into the deoxy derivative. In addition, DNA synthesis is further inhibited because Fluorouracil blocks the incorporation of the thymidine nucleotide into the DNA strand.",28-100%,Not Available,8-12%,"Hepatic. The catabolic metabolism of fluorouracil results in degradation products ( e.g., CO2, urea and α-fluoro-ß-alanine) which are inactive.","Seven percent to 20% of the parent drug is excreted unchanged in the urine in 6 hours; of this over 90% is excreted in the first hour. The remaining percentage of the administered dose is metabolized, primarily in the liver.",10-20 minutes,Not Available,LD50=230mg/kg (orally in mice),"reference-A841: Longley DB, Harkin DP, Johnston PG: 5-fluorouracil: mechanisms of action and clinical strategies. Nat Rev Cancer. 2003 May;3(5):330-8. | https://go.drugbank.com/articles/A841 || reference-A842: Petty RD, Cassidy J: Novel fluoropyrimidines: improving the efficacy and tolerability of cytotoxic therapy. Curr Cancer Drug Targets. 2004 Mar;4(2):191-204. | https://go.drugbank.com/articles/A842"
irinotecan,DB00762,Irinotecan is a topoisomerase inhibitor used to treat metastatic carcinoma of the colon or rectum and pancreatic adenocarcinoma.,"Irinotecan is indicated for the treatment of: - Metastatic carcinoma of the colon or rectum as first-line treatment in combination with fluorouracil and leucovorin.<ref>7</ref>,<ref>10</ref> - Metastatic carcinoma of the colon or rectum whose disease has recurred or progressed following initial fluorouracil-based therapy, as monotherapy <ref>10</ref> or in combination with fluorouracil and leucovorin.<ref>7</ref> Irinotecan liposome injection is used in adults for the treatment of: - Metastatic pancreatic adenocarcinoma in combination with oxaliplatin, fluorouracil, and leucovorin as first-line treatment.<ref>8</ref>,<ref>11</ref> - Metastatic pancreatic adenocarcinoma in combination with fluorouracil and leucovorin after disease progression following gemcitabine-based therapy.<ref>8</ref>,<ref>11</ref>","DNA topoisomerase I is a nuclear enzyme that ensures proper DNA topology during replication and transcription.<ref>6</ref> It relieves torsional strain in the DNA double helix during replication and transcription by creating reversible single-strand breaks.<ref>4</ref>,<ref><ref>7</ref></ref>
Upon administration, irinotecan is converted into its active metabolite, SN-<ref>3</ref>8, by carboxylesterase in the liver and gastrointestinal tract.<ref>3</ref> Irinotecan and SN-<ref>3</ref>8 both inhibit DNA topoisomerase I, acting on the S and G2 phases of the cell cycle.<ref>4</ref>,<ref><ref>7</ref></ref> Irinotecan and SN-<ref>3</ref>8 bind to the topoisomerase I-DNA complex and prevent the religation of single-strand breaks.<ref>7</ref> The ternary complex formed by topoisomerase I, DNA, and either irinotecan or SN-<ref>3</ref>8 interferes with the moving replication fork, inducing replication arrest and lethal double-stranded breaks in DNA. Because double-stranded breaks cannot be efficiently repaired by mammalian cells, apoptosis of cancer cells occurs.<ref>7</ref>",Irinotecan is an antineoplastic agent. The administration of irinotecan has resulted in antitumor activity in mice bearing cancers of rodent origin and in human carcinoma xenografts of various histological types.<ref>7</ref>,"Over the recommended dose range of 50 to 350 mg/m2, the AUC of irinotecan increases linearly with dose; the AUC of SN-38 increases less than proportionally with dose. Maximum concentrations of the active metabolite SN-38 are generally seen within 1 hour following the end of a 90-minute infusion of irinotecan.<ref>7</ref> The plasma levels of SN-38 are much lower than that of irinotecan.2,<ref>7</ref>
Following intravenous infusion in patients with solid tumours, the mean (± standard deviation) Cmax was 1,<ref>660</ref> ± <ref>7</ref>9<ref>7</ref> ng/mL at a dose of 125 mg/m2 and 3,<ref>392</ref> ± 8<ref>7</ref>4 ng/mL at a dose of 340 mg/m2. The AUC0–24 was 10,<ref>200</ref> ± 3,2<ref>7</ref>0 ng x h/mL at a dose of 125 mg/m2 and 20,<ref>604</ref> ± 6,02<ref>7</ref> ng x h/mL at a dose of 340 mg/m2.<ref>7</ref>","Following intravenous infusion in patients with solid tumours, the mean (± standard deviation) volume of distribution of terminal elimination phase was 110 ± 48.5 L/m2 at a dose of 125 mg/m2 and 234 ± 69.6 L/m2 at a dose of 340 mg/m2.<ref>7</ref>",Irinotecan is about 30% to 68% bound to plasma proteins. SN-38 is approximately 95% bound to plasma proteins. Irinotecan and SN-38 are mainly bound to albumin.<ref>7</ref>,"Upon administration, irinotecan is converted primarily in the liver into its active metabolite, SN-<ref>3</ref>8, by carboxylesterase.<ref>3</ref> SN-<ref>3</ref>8 is formed by cleavage of the carbamate bond between the camptothecin moiety and the dipiperidino side chain.<ref>7</ref> While in vitro cytotoxicity assays show that the potency of SN-<ref>3</ref>8 relative to irinotecan varies, SN-<ref>3</ref>8 is approximately 1000 times as potent as irinotecan as an inhibitor of topoisomerase I.2,<ref>7</ref> SN-<ref>3</ref>8 can further be glucuronidated by UGT1A1 to form SN-<ref>3</ref>8G.1,<ref>3</ref>,<ref>7</ref>
Irinotecan can also undergo CYP<ref>3</ref>A4-mediated oxidation to form NPC and APC. While some sources state that NPC and APC are weak inhibitors of topoisomerase I,<ref>1</ref>,<ref>2</ref> they are unlikely to contribute to the pharmacological activity of irinotecan.
Hover over products below to view reaction partners
Irinotecan
SN-<ref>3</ref>8
SN-<ref>3</ref>8G
NPC
SN-<ref>3</ref>8
APC","The disposition of irinotecan has not been fully elucidated in humans. The urinary excretion of irinotecan, SN-38, and SN-38 glucuronide are 11% to 20%, <1%, and 3%, respectively. The cumulative biliary and urinary excretion of irinotecan and its metabolites (SN-38 and SN-38 glucuronide) over a period of 48 hours in two patients ranged from approximately 25% (100 mg/m2) to 50% (300 mg/m2).<ref>7</ref>","After intravenous infusion of irinotecan in humans, the mean terminal elimination half-life of irinotecan is about 6 to 12 hours. The mean terminal elimination half-life of the active metabolite SN-38 is about 10 to 20 hours.<ref>7</ref>",The mean (± standard deviation) total systemic clearance of irinotecan in patients with solid tumours was 13.3 ± 6.01 L/h/m2 at a dose of 125 mg/m2 and 13.9 ± 4.0 L/h/m2 at a dose of 340 mg/m2.<ref>7</ref>,"The oral LD50 is 1045 mg/kg in mice and 86<ref>7</ref> mg/kg in rats.<ref>9</ref>
In clinical trials involving patients with various cancers, single doses of up to <ref>7</ref>50 mg/m2 of irinotecan were associated with similar adverse events reported with the recommended dosage and regimen. There have been reports of overdosage at doses up to approximately twice the recommended therapeutic dose, which may be fatal. The most significant adverse reactions reported were severe neutropenia and severe diarrhea. Because there is no known antidote for overdosage of irinotecan, maximum supportive care should be instituted to prevent dehydration due to diarrhea and to treat any infectious complications.<ref>7</ref>","reference-A1168: Ramesh M, Ahlawat P, Srinivas NR: Irinotecan and its active metabolite, SN-38: review of bioanalytical methods and recent update from clinical pharmacology perspectives. Biomed Chromatogr. 2010 Jan;24(1):104-23. doi: 10.1002/bmc.1345. | https://go.drugbank.com/articles/A1168 || reference-A1169: Chabot GG: Clinical pharmacokinetics of irinotecan. Clin Pharmacokinet. 1997 Oct;33(4):245-59. | https://go.drugbank.com/articles/A1169 || reference-A263366: Rothenberg ML: Irinotecan (CPT-11): recent developments and future directions--colorectal cancer and beyond. Oncologist. 2001;6(1):66-80. doi: 10.1634/theoncologist.6-1-66. | https://go.drugbank.com/articles/A263366 || reference-A263371: Reyhanoglu G, Smith T: Irinotecan. . | https://go.drugbank.com/articles/A263371 || reference-A263376: Fujita K, Kubota Y, Ishida H, Sasaki Y: Irinotecan, a key chemotherapeutic drug for metastatic colorectal cancer. World J Gastroenterol. 2015 Nov 21;21(43):12234-48. doi: 10.3748/wjg.v21.i43.12234. | https://go.drugbank.com/articles/A263376 || reference-A263381: Kciuk M, Marciniak B, Kontek R: Irinotecan-Still an Important Player in Cancer Chemotherapy: A Comprehensive Overview. Int J Mol Sci. 2020 Jul 12;21(14):4919. doi: 10.3390/ijms21144919. | https://go.drugbank.com/articles/A263381 || reference-L50181: FDA Approved Drug Products: CAMPTOSAR (irinotecan hydrochloride) injection, for intravenous use (January 2022) | https://www.accessdata.fda.gov/drugsatfda_docs/label/2022/020571Orig1s053lbl.pdf || reference-L50186: FDA Approved Drug Products: ONIVYDE (irinotecan liposome injection), for intravenous use (February 2024) | https://www.accessdata.fda.gov/drugsatfda_docs/label/2024/207793s016lbl.pdf || reference-L50196: Cayman Chemical: Irinotecan (hydrochloride hydrate) MSDS | https://cdn.caymanchem.com/cdn/msds/14180m.pdf || reference-L50201: Health Canada Approved Drug Products: Irinotecan Hydrochloride Intravenous Injection | https://pdf.hres.ca/dpd_pm/00056704.PDF || reference-L52775: EMA Summary of Product Characteristics: ONIVYDE pegylated liposomal (irinotecan) | https://www.ema.europa.eu/en/documents/product-information/onivyde-pegylated-liposomal-epar-product-information_en.pdf"
carboplatin,DB00958,Carboplatin is a alkylating agent used to treat advanced ovarian cancer.,"Carboplatin is indicated in combination with an established combination of chemotherapeutic agents for the initial treatment of advanced ovarian carcinoma.<ref>9</ref> Carboplatin is also indicated for the palliative treatment of ovarian carcinoma, recurrent after prior chemotherapy.<ref>9</ref>","Carboplatin predominantly acts by attaching alkyl groups to the nucleotides, leading to the formation of monoadducts, and DNA fragmenting when repair enzymes attempt to correct the error.<ref>4</ref>,<ref>9</ref> 2% of carboplatin's activity comes from DNA cross-linking from a base on one strand to a base on another, preventing DNA strands from separating for synthesis or transcription.<ref>4</ref>,<ref>1</ref> Finally, carboplatin can induce a number of different mutations.<ref>4</ref>","Carboplatin is an organoplatinum antineoplastic alkylating agent used in the treatment of advanced ovarian carcinoma.<ref><ref>9</ref></ref> Carboplatin has a long duration of action as it is given every 4 weeks, and a narrow therapeutic index.<ref><ref>9</ref></ref> Patients should be counselled regarding bone marrow suppression and anemia.<ref><ref>9</ref></ref>","The Cmax and AUC of carboplatin increase proportionally with increasing doses.<ref>9</ref> A 75 mg/m2 dose reaches a Cmax of <ref>9</ref>.06 ± 0.74 µg/mL, with an AUC of 27.18 ± 11.28 h*µg/mL.3,<ref>9</ref> A 450 mg/m2 dose reaches a Cmax of 55.3<ref>9</ref> ± 18.30 µg/mL, with an AUC of 224.41 ± 6<ref>9</ref>.07 h*µg/mL.3,<ref>9</ref>",The apparent volume of distribution after a 30 minute intravenous infusion of 300-500 mg/m2 was 16 L.<ref>9</ref>,"Carboplatin is not bound to plasma protein.<ref>3</ref> However, the free platinum is 40% irreversibly bound to plasma proteins.<ref>2</ref>","Carboplatin is predominantly eliminated as the unchanged parent compound.<ref>4</ref>,<ref>5</ref>","Carboplatin is 65% eliminated in the urine within 12 hours, and 71% eliminated within 24 hours.<ref>3</ref>,<ref>9</ref> An additional 3-5% is eliminated in urine from 24 hours to 96 hours.<ref>3</ref>,<ref>9</ref> Biliary elimination has not been determined.<ref>3</ref>,<ref>9</ref> Carboplatin is predominantly eliminated as the unchanged parent compound.<ref>4</ref>,<ref>5</ref>","The distribution half life of carboplatin is 1.1-2 hours, and the elimination half life was2.6-5.<ref>9</ref> hours.<ref>9</ref>",The total body clearance after a 30 minute intravenous infusion of 300-500 mg/m2 was 4.4 L/h.<ref>9</ref>,"Patients experiencing an overdose of carboplatin may present with pronounced neutropenia and hepatotoxicity.<ref>6</ref>,<ref>9</ref> Treat patients with symptomatic and supportive measures, which may include delaying their next treatment.<ref>6</ref>","reference-A1472: Knox RJ, Friedlos F, Lydall DA, Roberts JJ: Mechanism of cytotoxicity of anticancer platinum drugs: evidence that cis-diamminedichloroplatinum(II) and cis-diammine-(1,1-cyclobutanedicarboxylato)platinum(II) differ only in the kinetics of their interaction with DNA. Cancer Res. 1986 Apr;46(4 Pt 2):1972-9. | https://go.drugbank.com/articles/A1472 || reference-A230458: Sooriyaarachchi M, Narendran A, Gailer J: Comparative hydrolysis and plasma protein binding of cis-platin and carboplatin in human plasma in vitro. Metallomics. 2011 Jan;3(1):49-55. doi: 10.1039/c0mt00058b. Epub 2010 Dec 6. | https://go.drugbank.com/articles/A230458 || reference-A230463: Oguri S, Sakakibara T, Mase H, Shimizu T, Ishikawa K, Kimura K, Smyth RD: Clinical pharmacokinetics of carboplatin. J Clin Pharmacol. 1988 Mar;28(3):208-15. doi: 10.1002/j.1552-4604.1988.tb03134.x. | https://go.drugbank.com/articles/A230463 || reference-A230158: Povirk LF, Shuker DE: DNA damage and mutagenesis induced by nitrogen mustards. Mutat Res. 1994 Dec;318(3):205-26. doi: 10.1016/0165-1110(94)90015-9. | https://go.drugbank.com/articles/A230158 || reference-A230473: Reece PA, Bishop JF, Olver IN, Stafford I, Hillcoat BL, Morstyn G: Pharmacokinetics of unchanged carboplatin (CBDCA) in patients with small cell lung carcinoma. Cancer Chemother Pharmacol. 1987;19(4):326-30. doi: 10.1007/BF00261482. | https://go.drugbank.com/articles/A230473 || reference-A230478: Diaz CM, Fenix-Caballero SF, Palomo-Palomo C, Gandara-Ladronde Guevera MJ, Alegre-DelRey EJ, Blanco-Castano MA, Lopez-Vallejo JF, Diaz-Navarro J, Borrero-Rubio JM, Rios-Sanchez E: GM-006 Compliance with FDA recommendations about overdosing with carboplatin European Journal of Hospital Pharmacy: Science and Practice. 2014 Feb 24;21(Suppl 1):A116. | https://go.drugbank.com/articles/A230478 || reference-A230523: Calvert AH, Harland SJ, Newell DR, Siddik ZH, Jones AC, McElwain TJ, Raju S, Wiltshaw E, Smith IE, Baker JM, Peckham MJ, Harrap KR: Early clinical studies with cis-diammine-1,1-cyclobutane dicarboxylate platinum II. Cancer Chemother Pharmacol. 1982;9(3):140-7. doi: 10.1007/BF00257742. | https://go.drugbank.com/articles/A230523 || reference-L32248: FDA Approved Drug Products: Paraplatin (Carboplatin) Intravenous Injection (Discontinued) | https://www.accessdata.fda.gov/scripts/cder/daf/index.cfm?event=overview.process&ApplNo=019880 || reference-L32253: Dailymed: Carboplatin Intravenous Injection | https://dailymed.nlm.nih.gov/dailymed/drugInfo.cfm?setid=b4fa7aac-c9d2-4af4-a281-3e6cfc502ff6"
hmg coa reductase inhibitors,,,,,,,,,,,,,,
anthracyclines and related substances,,,,,,,,,,,,,,
cisplatin,DB00515,"Cisplatin is a platinum based chemotherapy agent used to treat various sarcomas, carcinomas, lymphomas, and germ cell tumors.","For the treatment of metastatic testicular tumors, metastatic ovarian tumors and advanced bladder cancer.","Alkylating agents work by three different mechanisms: 1) attachment of alkyl groups to DNA bases, resulting in the DNA being fragmented by repair enzymes in their attempts to replace the alkylated bases, preventing DNA synthesis and RNA transcription from the affected DNA, 2) DNA damage via the formation of cross-links (bonds between atoms in the DNA) which prevents DNA from being separated for synthesis or transcription, and 3) the induction of mispairing of the nucleotides leading to mutations.","Cisplatin is an antineoplastic in the class of alkylating agents and is used to treat various forms of cancer. Alkylating agents are so named because of their ability to add alkyl groups to many electronegative groups under conditions present in cells. They stop tumor growth by cross-linking guanine bases in DNA double-helix strands - directly attacking DNA. This makes the strands unable to uncoil and separate. As this is necessary in DNA replication, the cells can no longer divide. In addition, these drugs add methyl or other alkyl groups onto molecules where they do not belong which in turn inhibits their correct utilization by base pairing and causes a miscoding of DNA. Alkylating agents are cell cycle-nonspecific. Alkylating agents work by three different mechanisms all of which achieve the same end result - disruption of DNA function and cell death.","Following cisplatin doses of 20 to 120 mg/m^2, the concentrations of platinum are highest in liver, prostate, and kidney; somewhat lower in bladder, muscle, testicle, pancreas, and spleen; and lowest in bowel, adrenal, heart, lung, cerebrum, and cerebellum. Platinum is present in tissues for as long as 180 days after the last administration.",Volume of distribution at steady state = 11-12 L/m^2,"Cisplatin does not undergo instantaneous and reversible binding to plasma protein that is characteristic of normal drug-protein binding. However, the platinum itself is capable of binding to plasma proteins, including albumin, transferrin, and gamma globulin. Three hours after a bolus injection and two hours after the end of a three-hour infusion, 90% of the plasma platinum is protein bound.",Not Available,"The parent compound, cisplatin, is excreted in the urine. Although small amounts of platinum are present in the bile and large intestine after administration of cisplatin, the fecal excretion of platinum appears to be insignificant.",Cisplatin decays monoexponentially with a half life of 20 to 30 minutes following administrations of 50 or 100 mg/m^2. Cisplatin has a plasma half-life of 30 minutes. The complexes between albumin and the platinum from cisplatin do not dissociate to a significant extent and are slowly eliminated with a minimum half-life of five days or more.,"15-16 L/h/m^2 [total body clearance, 7-hour infusion of 100 mg/m^2]
62 mL/min/m^2 [renal clearance, 2-hour infusion of 100 mg/m^2]
50 mL/min/m^2 [renal clearance, 6- to 7-hour infusion of 100 mg/m^2] The renal clearance of free (ultrafilterable) platinum also exceeds the glomerular filtration rate indicating that cisplatin or other platinum-containing molecules are actively secreted by the kidneys. The renal clearance of free platinum is nonlinear and variable and is dependent on dose, urine flow rate, and individual variability in the extent of active secretion and possible tubular reabsorption.",Not Available,reference-L7940: FDA Approved Drug Products: Cisplatin for intravenous injection | https://www.accessdata.fda.gov/drugsatfda_docs/label/2019/018057s089lbl.pdf || reference-L38444: Health Canada Product Monograph: Cisplatin for intravenous injection | https://pdf.hres.ca/dpd_pm/00036611.PDF
mercaptopurine,DB01033,Mercaptopurine is an antineoplastic agent used to treat acute lymphocytic leukemia.,For remission induction and maintenance therapy of acute lymphatic leukemia.,"Mercaptopurine competes with hypoxanthine and guanine for the enzyme hypoxanthine-guanine phosphoribosyltransferase (HGPRTase) and is itself converted to thioinosinic acid (TIMP). TIMP inhibits several reactions that involve inosinic acid (IMP), such as the conversion of IMP to xanthylic acid (XMP) and the conversion of IMP to adenylic acid (AMP) via adenylosuccinate (SAMP). Upon methylation, TIMP forms 6-methylthioinosinate (MTIMP) which inhibits glutamine-5-phosphoribosylpyrophosphate amidotransferase in addition to TIMP. Glutamine-5-phosphoribosylpyrophosphate amidotransferase is the first enzyme unique to the de novo pathway for purine ribonucleotide synthesis. According to experimental findings using radiolabeled mercaptopurine, mercaptopurine may be recovered from the DNA in the form of deoxythioguanosine. In comparison, some mercaptopurine may be converted to nucleotide derivatives of 6-thioguanine (6-TG) via actions of inosinate (IMP) dehydrogenase and xanthylate (XMP) aminase that convert TIMP to thioguanylic acid (TGMP).",Mercaptopurine is one of a large series of purine analogues which interfere with nucleic acid biosynthesis and has been found active against human leukemias. It is an analogue of the purine bases adenine and hypoxanthine. It is not known exactly which of any one or more of the biochemical effects of mercaptopurine and its metabolites are directly or predominantly responsible for cell death.,"Clinical studies have shown that the absorption of an oral dose of mercaptopurine in humans is incomplete and variable, averaging approximately 50% of the administered dose. The factors influencing absorption are unknown.",The volume of distribution exceeded that of the total body water.,Plasma protein binding averages 19% over the concentration range 10 to 50 µg/mL (a concentration only achieved by intravenous administration of mercaptopurine at doses exceeding 5 to 10 mg/kg).,"Hepatic. Degradation primarily by xanthine oxidase. The catabolism of mercaptopurine and its metabolites is complex. In humans, after oral administration of 35S-6-mercaptopurine, urine contains intact mercaptopurine, thiouric acid (formed by direct oxidation by xanthine oxidase, probably via 6-mercapto-8-hydroxypurine), and a number of 6-methylated thiopurines. The methylthiopurines yield appreciable amounts of inorganic sulfate.
Hover over products below to view reaction partners
Mercaptopurine
6-Thioinosine 5'-monophosphate
6-Mercaptopurine riboside
6-Methylmercaptopurine-riboside
Methyl-thioinosine 5'-monophospate
Methyl-thioinosine 5'-monophospate
Thioxanthine monophosphate
Thioguanosine monophosphate
Thioguanosine diphosphate
Thiodeoxyguanosine diphosphate
Thiodeoxyguanosine triphosphate
Thioguanosine triphosphate
Methyl-thioguanosine monophosphate
8-hydroxythioguanine
Thiouric acid
Methylmercaptopurine",Not Available,"Triphasic: 45 minutes, 2.5 hours, and 10 hours.",Not Available,"Signs and symptoms of overdosage may be immediate such as anorexia, nausea, vomiting, and diarrhea; or delayed such as myelosuppression, liver dysfunction, and gastroenteritis. The oral LD50 of mercaptopurine was determined to be 480 mg/kg in the mouse and 425 mg/kg in the rat.",reference-L35675: FDA Approved Drug Products: PURINETHOL (mercaptopurine) tablets | https://www.accessdata.fda.gov/drugsatfda_docs/label/2020/009053s040lbl.pdf || reference-L35680: FDA Approved Drug Products: PURIXAN (mercaptopurine) suspension | https://www.accessdata.fda.gov/drugsatfda_docs/label/2020/205919s004lbl.pdf
gemcitabine,DB00441,"Gemcitabine is a nucleoside metabolic inhibitor used as adjunct therapy in the treatment of certain types of ovarian cancer, non-small cell lung carcinoma, metastatic breast cancer, and as a single agent for pancreatic cancer.","Gemcitabine is a chemotherapeutic agent used as monotherapy or in combination with other anticancer agents. In combination with carboplatin, it is indicated for the treatment of advanced ovarian cancer that has relapsed at least 6 months after completion of platinum-based therapy.<ref><ref><ref>4</ref></ref></ref> Gemcitabine in combination with paclitaxel is indicated for the first-line treatment of patients with metastatic breast cancer after failure of prior anthracycline-containing adjuvant chemotherapy, unless anthracyclines were clinically contraindicated.<ref><ref><ref>4</ref></ref></ref> In combination with cisplatin, gemcitabine is indicated for the first-line treatment of patients with inoperable, locally advanced (Stage IIIA or IIIB) or metastatic (Stage IV) non-small cell lung cancer (NSCLC).<ref><ref><ref>4</ref></ref></ref> Dual therapy with cisplatin is also used to treat patients with Stage IV (locally advanced or metastatic) transitional cell carcinoma (TCC) of the bladder.<ref>5</ref> Gemcitabine is indicated as first-line treatment for patients with locally advanced (nonresectable Stage II or Stage III) or metastatic (Stage IV) adenocarcinoma of the pancreas. Gemcitabine is indicated for patients previously treated with fluorouracil.<ref><ref><ref>4</ref></ref></ref>","Gemcitabine is a potent and specific deoxycytidine analog. After uptake into malignant cells, gemcitabine is phosphorylated by deoxycytidine kinase to form gemcitabine monophosphate, which is then converted to the active compounds, gemcitabine diphosphate (dFdCDP) and gemcitabine triphosphate (dFdCTP). These active metabolites are nucleosides that mediate antitumour effects. dFdCTP competes with deoxycytidine triphosphate (dCTP) for incorporation into DNA, thereby competitively inhibiting DNA chain elongation. The non-terminal position of dFdCTP in the DNA chain prevents detection of dFdCTP in the chain and repair by proof-reading 3′5′-exonuclease: this process is referred to as ""masked DNA chain termination."" Incorporation of dFdCTP into the DNA chain ultimately leads to chain termination, DNA fragmentation, and apoptotic cell death of malignant cells.<ref>2</ref>,<ref>3</ref>,<ref>4</ref>
Gemcitabine has self-potentiating pharmacological actions that can increase the probability of successful incorporation of gemcitabine triphosphate into the DNA chain: dFdCDP inhibits ribonucleotide reductase, an enzyme responsible for catalyzing the reactions that generate dCTP for DNA synthesis. Since dFdCDP reduces the levels of dCTP, there is less competition for gemcitabine triphosphate for incorporation into DNA.<ref>2</ref>,<ref>4</ref> Gemcitabine can also reduce metabolism and elimination of active metabolites from the target ce1l, prolonging high intracellular concentrations of the active metabolites. Such self-potentiating effects are not present with cytarabine.<ref>2</ref>","Gemcitabine is a nucleoside analog that mediates its antitumour effects by promoting apoptosis of malignant cells undergoing DNA synthesis. More specifically, it blocks the progression of cells through the G1/S-phase boundary.<ref>4</ref> Gemcitabine demonstrated cytotoxic effects against a broad range of cancer cell lines in vitro. It displayed schedule-dependent antitumour activity in various animal models and xenografts from human non-small cell lung cancer (NSCLC) and pancreatic cancer.<ref><ref>2</ref></ref> Therefore, the antineoplastic effects of gemcitabine are enhanced through prolonged infusion time rather than higher dosage.<ref><ref>2</ref></ref> Gemcitabine inhibited the growth of human xenografts from carcinoma of the lung, pancreas, ovaries, head and neck, and breast. In mice, gemcitabine inhibited the growth of human tumour xenografts from the breast, colon, lung or pancreas by 69 to 99%. In clinical trials of advanced NSCLC, gemcitabine monotherapy produced objective response rates ranging from 18 to <ref><ref>2</ref></ref>6%, with a median duration of response ranging from <ref>3</ref>.<ref>3</ref> to 1<ref><ref>2</ref></ref>.7 months. Overall median survival time was 6.<ref><ref>2</ref></ref> to 1<ref><ref>2</ref></ref>.<ref>3</ref> months. The combined use of cisplatin and gemcitabine produced better objective response rates compared to monotherapy. In patients with advanced pancreatic cancer, objective response rates in patients ranged from 5.to 1<ref><ref>2</ref></ref>%, with a median survival duration of <ref>3</ref>.9 to 6.<ref>3</ref> months.<ref>3</ref> In Phase II trials involving patients with metastatic breast cancer, treatment with gemcitabine alone or with adjuvant chemotherapies resulted in response rate ranging from 1<ref>3</ref> to <ref>4</ref><ref><ref>2</ref></ref>% and median survival duration ranging from 11.5 to 17.8 months. In metastatic bladder cancer, gemcitabine has a response rate <ref><ref>2</ref></ref>0 to <ref><ref>2</ref></ref>8%. In Phase II trials of advanced ovarian cancer, patients treated with gemcitabine had response rate of 57.1%, with progression free survival of 1<ref>3</ref>.<ref>4</ref> months and median survival of <ref><ref>2</ref></ref><ref>4</ref> months.<ref><ref>2</ref></ref>
Gemcitabine causes dose-limiting myelosuppression, such as anemia, leukopenia, neutropenia, and thrombocytopenia; however, events leading to discontinuation tend to occur less than 1% of the patients. Gemcitabine can elevate ALT, AST and alkaline phosphatase levels.<ref>3</ref>","Peak plasma concentrations of gemcitabine range from 10 to 40 mg/L following a 30-minute intravenous infusion, and are reached at 15 to 30 minutes. One study showed that steady-state concentrations of gemcitabine showed a linear relationship to dose over the dose range 53 to 1000 mg/m<ref>2</ref>. Gemcitabine triphosphate, the active metabolite of gemcitabine, can accumulate in circulating peripheral blood mononuclear cells. In one study, the Cmax of gemcitabine triphosphate in peripheral blood mononuclear cells occurred within 30 minutes of the end of the infusion period and increased increased proportionally with gemcitabine doses of up to 350 mg/m<ref>2</ref>.<ref>2</ref>","In patients with various solid tumours, the volume of distribution increased with infusion length. The volume of distribution of gemcitabine was 50 L/m<ref>2</ref> following infusions lasting less than 70 minutes. For long infusions, the volume of distribution rose to 370 L/m<ref>2</ref>.<ref>4</ref>
Gemcitabine triphosphate, the active metabolite of gemcitabine, accumulates and retains in solid tumour cells in vitro and in vivo. It is not extensively distributed to tissues after short infusions that last less than 70 minutes.<ref>2</ref> It is not known whether gemcitabine crosses the blood-brain barrier, but gemcitabine is widely distributed into tissues, including ascitic fluid.<ref>6</ref> In rats, placental and lacteal transfer occurred rapidly at five to <ref>1</ref>5 minutes following drug administration.<ref>1</ref>",Gemcitabine plasma protein binding is less than 10%.<ref>6</ref>,"Following administration and uptake into cancer cells, gemcitabine is initially phosphorylated by deoxycytidine kinase (dCK), and to a lower extent, the extra-mitochondrial thymidine kinase 2 to form gemcitabine monophosphate (dFdCMP). dFdCMP is subsequently phosphorylated by nucleoside kinases to form active metabolites, gemcitabine diphosphate (dFdCDP) and gemcitabine triphosphate (dFdCTP).<ref>3</ref> Gemcitabine is also deaminated intracellularly and extracellularly by cytidine deaminase to its inactive metabolite 2′,2′-difluorodeoxyuridine or 2´-deoxy-2´,2´-difluorouridine (dFdU). Deamination occurs in the blood, liver, kidneys, and other tissues,<ref>1</ref> and this metabolic pathway accounts for most of drug clearance.<ref>3</ref>,<ref>6</ref>
Hover over products below to view reaction partners
Gemcitabine
Gemcitabine Monophosphate
Gemcitabine diphosphate
Gemcitabine triphosphate
2′,2′-difluorodeoxyuridine monophosphate
2',2'-Difluorodeoxyuridine","Gemcitabine mainly undergoes renal excretion. Within a week following administration of a single dose of <ref>1</ref>000 mg/m2 infused over 30 minutes, about 92-98% of the dose was recovered in urine where 89% of the recovered dose was excreted as difluorodeoxyuridine (dFdU) and less than <ref>1</ref>0% as gemcitabine.<ref>4</ref> Monophosphate, diphosphate, or triphosphate metabolites of gemcitabine are not detectable in urine. In a single-dose study, about <ref>1</ref>% of the administered dose was recovered in the feces.<ref>1</ref>","Following intravenous infusions lasting less than 70 minutes, the terminal half-life ranged from 0.7 to 1.<ref>6</ref> hours. Following infusions ranging from 70 to 285 minutes, the terminal half-life ranged from <ref>4</ref>.1 to 10.<ref>6</ref> hours.<ref>6</ref> Females tend to have longer half-lives than male patients. Gemcitabine triphosphate, the active metabolite of gemcitabine, can accumulate in circulating peripheral blood mononuclear cells. The terminal half-life of gemcitabine triphosphate, the active metabolite, from mononuclear cells ranges from 1.7 to 19.<ref>4</ref> hours.<ref>4</ref>","Following intravenous infusions lasting less than 70 minutes, clearance ranged from <ref>4</ref>1 to 92 L/h/m2 in males and ranged from 31 to <ref>6</ref>9 L/h/m2 in females.<ref>6</ref> Clearance decreases with age. Females have about 30% lower clearance than male patients.<ref>4</ref>","The oral LD50 is 333 mg/kg in mice and >500 mg/kg in rats. The dermal LD50 in rabbits is >1000 mg/kg.<ref>7</ref>
There is no known antidote for gemcitabine overdose. In a dose-escalation study, patients were administered a single dose of gemcitabine as high as 5<ref>7</ref>00 mg/m2 administered by intravenous infusion over 30 minutes every two weeks: main observed toxicities were myelosuppression, paresthesia, and severe rash. In the event of a suspected drug overdose, blood counts should be monitored, and patients should be provided with supportive therapy, as necessary.<ref>4</ref>","reference-A233135: Noble S, Goa KL: Gemcitabine. A review of its pharmacology and clinical potential in non-small cell lung cancer and pancreatic cancer. Drugs. 1997 Sep;54(3):447-72. doi: 10.2165/00003495-199754030-00009. | https://go.drugbank.com/articles/A233135 || reference-A233140: Toschi L, Finocchiaro G, Bartolini S, Gioia V, Cappuzzo F: Role of gemcitabine in cancer therapy. Future Oncol. 2005 Feb;1(1):7-17. doi: 10.1517/14796694.1.1.7. | https://go.drugbank.com/articles/A233140 || reference-A233145: Ciccolini J, Serdjebi C, Peters GJ, Giovannetti E: Pharmacokinetics and pharmacogenetics of Gemcitabine as a mainstay in adult and pediatric oncology: an EORTC-PAMM perspective. Cancer Chemother Pharmacol. 2016 Jul;78(1):1-12. doi: 10.1007/s00280-016-3003-0. Epub 2016 Mar 23. | https://go.drugbank.com/articles/A233145 || reference-L32950: FDA Approved Drug Products: GEMZAR (gemcitabine) for injection, for intravenous use | https://www.accessdata.fda.gov/drugsatfda_docs/label/2019/020509s082lbl.pdf || reference-L32955: Product Monograph: GEMCITABINE Intravenous Injection | https://www.sandoz.ca/sites/www.sandoz.ca/files/Gemcitabine_Inj_PMe_20140814.pdf || reference-L32960: BC Cancer: Gemcitabine Monograph | http://www.bccancer.bc.ca/drug-database-site/Drug%20Index/Gemcitabine_monograph.pdf || reference-L33005: Pfizer: Gemcitabine Safety Data Sheet | https://cdn.pfizer.com/pfizercom/products/material_safety_data/Gemcitabine_Injection_(Hospira)16-Nov-2016.pdf"
bilirubin,,,,,,,,,,,,,,
pemetrexed,DB00642,Pemetrexed is a folate analog used to treat mesothelioma and non-small cell lung cancer.,"Pemetrexed is indicated for the treatment of the following conditions: Non-squamous non-small cell lung cancer (NSCLC) in combination with pembrolizumab and platinum-based chemotherapy as initial treatment in metastatic disease where no EGFR or ALK genomic tumour aberrations exist <ref><ref>11</ref></ref> in combination with cisplatin as initial treatment for locally advanced or metastatic disease <ref><ref>11</ref></ref>,<ref>14</ref> as maintenance treatment for locally advanced or metastatic disease that has not progressed following four cycles of platinum-based chemotherapy <ref><ref>11</ref></ref>,<ref>14</ref> recurrent metastatic disease following prior chemotherapy <ref><ref>11</ref></ref> as monotherapy for the second-line treatment of patients with locally advanced or metastatic non-squamous non-small cell lung cancer <ref>14</ref> Malignant pleural mesothelioma in combination with cisplatin for the initial treatment of patients with malignant pleural mesothelioma.<ref><ref>11</ref></ref>,<ref>14</ref> In the US, it is reserved for patients whose disease is unresectable or otherwise not candidates for curative surgery.<ref><ref>11</ref></ref>","Pemetrexed is an antifolate containing the pyrrolopyrimidine-based nucleus that exerts its antineoplastic activity by disrupting folate-dependent metabolic processes essential for cell replication. In vitro studies have shown that pemetrexed inhibits thymidylate synthase (TS), dihydrofolate reductase (DHFR), and glycinamide ribonucleotide formyltransferase (GARFT), all folate-dependent enzymes involved in the de novo biosynthesis of thymidine and purine nucleotides. Pemetrexed is transported into cells by both the reduced folate carrier and membrane folate binding protein transport systems. Once in the cell, pemetrexed is converted to polyglutamate forms by the enzyme folylpolyglutamate synthetase. The polyglutamate forms are retained in cells and are inhibitors of TS and GARFT. Polyglutamation is a time- and concentration-dependent process that occurs in tumor cells and, to a lesser extent, in normal tissues. Polyglutamated metabolites have an increased intracellular half-life resulting in prolonged drug action in malignant cells.<ref>1</ref>,<ref>2</ref>,<ref>3</ref>,<ref>4</ref>,<ref>5</ref>,<ref>11</ref>","Pemetrexed inhibited the in vitro growth of mesothelioma cell lines (MSTO-2<ref>11</ref>H, NCI-H2052) and showed synergistic effects when combined with cisplatin. Based on population pharmacodynamic analyses, the depth of the absolute neutrophil counts (ANC) nadir correlates with systemic exposure to pemetrexed and supplementation with folic acid and vitamin B12. There is no cumulative effect of pemetrexed exposure on ANC nadir over multiple treatment cycles.<ref>11</ref>",The pharmacokinetics of pemetrexed when pemetrexed was administered as a single agent in doses ranging from 0.2 to 838 mg/m2 infused over a 10-minute period have been evaluated in 426 cancer patients with a variety of solid tumors. Pemetrexed total systemic exposure (AUC) and maximum plasma concentration (Cmax) increased proportionally with the increase in dose. The pharmacokinetics of pemetrexed did not change over multiple treatment cycles.<ref>12</ref>,Pemetrexed has a steady-state volume of distribution of 16.1 liters.<ref>12</ref>,In vitro studies indicated that pemetrexed is 81% bound to plasma proteins.<ref>12</ref>,"Pemetrexed is not metabolized to an appreciable extent by the liver.<ref>12</ref>,<ref>10</ref>","Pemetrexed is primarily eliminated in the urine, with 70% to 90% of the dose recovered unchanged within the first 24 hours following administration. In vitro studies indicated that pemetrexed is a substrate of OAT3 (organic anion transporter 3), a transporter that is involved in the active secretion of pemetrexed.<ref>12</ref>",The elimination half-life of pemetrexed is 3.5 hours in patients with normal renal function (creatinine clearance of 90 mL/min).<ref>12</ref>,"The total systemic clearance of pemetrexed is 91.8 mL/min in patients with normal renal function (creatinine clearance of 90 mL/min). As renal function decreases, the clearance of pemetrexed decreases, and exposure (AUC) of pemetrexed increases.<ref>12</ref>",Not Available,"reference-A973: Rollins KD, Lindley C: Pemetrexed: a multitargeted antifolate. Clin Ther. 2005 Sep;27(9):1343-82. | https://go.drugbank.com/articles/A973 || reference-A974: Lansiaux A, Lokiec F: [Pemetrexed: from preclinic to clinic]. Bull Cancer. 2007;94 Spec No Actualites:S134-8. | https://go.drugbank.com/articles/A974 || reference-A975: Fuld AD, Dragnev KH, Rigas JR: Pemetrexed in advanced non-small-cell lung cancer. Expert Opin Pharmacother. 2010 Jun;11(8):1387-402. doi: 10.1517/14656566.2010.482560. | https://go.drugbank.com/articles/A975 || reference-A976: Adjei AA: Pemetrexed (Alimta): a novel multitargeted antifolate agent. Expert Rev Anticancer Ther. 2003 Apr;3(2):145-56. | https://go.drugbank.com/articles/A976 || reference-A253907: Hazarika M, White RM, Johnson JR, Pazdur R: FDA drug approval summaries: pemetrexed (Alimta). Oncologist. 2004;9(5):482-8. doi: 10.1634/theoncologist.9-5-482. | https://go.drugbank.com/articles/A253907 || reference-A253967: Sehouli J, Alvarez AM, Manouchehrpour S, Ghatage P, Szczylik C, Zimmermann A, Bauknecht T, Look KY, Oskay-Oezcelik G: A phase II trial of pemetrexed in combination with carboplatin in patients with recurrent ovarian or primary peritoneal cancer. Gynecol Oncol. 2012 Feb;124(2):205-9. doi: 10.1016/j.ygyno.2011.09.007. Epub 2011 Nov 1. | https://go.drugbank.com/articles/A253967 || reference-A253972: Gbolahan OB, Porter RF, Salter JT, Yiannoutsos C, Burns M, Chiorean EG, Loehrer PJ Sr: A Phase II Study of Pemetrexed in Patients with Recurrent Thymoma and Thymic Carcinoma. J Thorac Oncol. 2018 Dec;13(12):1940-1948. doi: 10.1016/j.jtho.2018.07.094. Epub 2018 Aug 16. | https://go.drugbank.com/articles/A253972 || reference-A253977: Choi YJ, Lee SH, Lee JL, Ahn JH, Lee KH, You D, Hong B, Hong JH, Ahn H: Phase II study of pemetrexed in combination with cisplatin in patients with advanced urothelial cancer: the PECULIAR study (KCSG 10-17). Br J Cancer. 2015 Jan 20;112(2):260-5. doi: 10.1038/bjc.2014.591. Epub 2014 Nov 27. | https://go.drugbank.com/articles/A253977 || reference-A253982: He Y, Wang J, Xie S, Xue Q: Efficacy of Bevacizumab Combined with Pemetrexed in the Treatment of Recurrent and Metastatic Cervical Cancer. Front Surg. 2022 May 16;9:908101. doi: 10.3389/fsurg.2022.908101. eCollection 2022. | https://go.drugbank.com/articles/A253982 || reference-A253987: Sorensen JB: Pharmacokinetic evaluation of pemetrexed. Expert Opin Drug Metab Toxicol. 2011 Jul;7(7):919-28. doi: 10.1517/17425255.2011.587411. Epub 2011 May 21. | https://go.drugbank.com/articles/A253987 || reference-L40943: FDA Approved Drug Products: ALIMTA (pemetrexed) Intravenous Injection | https://www.accessdata.fda.gov/drugsatfda_docs/label/2019/021462s053lbl.pdf || reference-L43807: FDA Approved Drug Products: ALIMTA (pemetrexed) Intravenous Injection (Nov 2022) | https://www.accessdata.fda.gov/drugsatfda_docs/label/2022/021462s055lbl.pdf || reference-L43837: Pemetrexed MSDS | https://imgcdn.mckesson.com/CumulusWeb/Click_and_learn/SDS_9LILL_00002764001_00002762301_ALIMTA_FOR_INJECTION.pdf || reference-L44883: EMA Approved Drug Products: ALIMTA (pemetrexed) Intravenous Infusion | https://www.ema.europa.eu/en/documents/product-information/alimta-epar-product-information_en.pdf"
imatinib,DB00619,"Imatinib is a tyrosine kinase inhibitor used to treat a number of leukemias, myelodysplastic/myeloproliferative disease, systemic mastocytosis, hypereosinophilic syndrome, dermatofibrosarcoma protuberans, and gastrointestinal stromal tumors.","Imatinib is indicated for the treatment of adult and pediatric chronic myeloid leukemia with Philadelphia chromosome mutation (Ph+) in blast crisis, accelerated phase, or chronic phase after IFN-alpha therapy failure.<ref>15</ref> Additionally, imatinib is also indicated to treat adult and pediatric Ph+ acute lymphoblastic leukemia, adult myelodysplastic/myeloproliferative diseases, adult aggressive systemic mastocytosis, adult hypereosinophilic syndrome and/or chronic eosinophilic leukemia (CEL), adult dermatofibrosarcoma protuberans, and malignant gastrointestinal stromal tumors (GIST).<ref>15</ref>","Imatinib mesylate is a protein-tyrosine kinase inhibitor that inhibits the BCR-ABL tyrosine kinase, the constitutively active tyrosine kinase created by the Philadelphia chromosome abnormality in CML.<ref>15</ref>Although the function of normal BCR is still unclear, ABL activation is overexpressed in various tumors and is heavily implicated in cancer cells growth and survival.<ref>10</ref>,<ref>11</ref> Imatinib inhibits the BCR-ABL protein by binding to the ATP pocket in the active site, thus preventing downstream phosphorylation of target protein.<ref>10</ref>
Imatinib is also an inhibitor of the receptor tyrosine kinases for platelet-derived growth factor (PDGF) and stem cell factor (SCF), c-Kit, and inhibits PDGF- and SCF-mediated cellular events. In vitro, imatinib inhibits proliferation and induces apoptosis in GIST cells, which express an activating c-Kit mutation.<ref>15</ref>","Imatinib is a 2-phenylaminopyrimidine derivative neoplastic agent that belongs to the class of tyrosine kinase inhibitors.<ref><ref>1</ref>5</ref> Although imatinib inhibits a number of tyrosine kinases, it is quite selective toward the BCR-ABL fusion protein that is present in various cancers.<ref><ref>1</ref>0</ref> BCR-ABL pathway controls many downstream pathways that are heavily implicated in neoplastic growth such as the Ras/MapK pathway (cellular proliferation), Src/Pax/Fak/Rac pathway (cellular motility), and PI/PI3K/AKT/BCL-2 pathway (apoptosis pathway).<ref>7</ref>,<ref>8</ref>,<ref>9</ref> Therefore, the BCR-ABL pathway is an attractive target for cancer treatment. Although normal cells also depend on these pathways for growth, these cells tend to have redundant tyrosine kinases to continually function in spite of ABL inhibition from imatinib.<ref>1</ref> Cancer cells, on the other hand, can have a dependence on BCR-ABL, thus more heavily impacted by imatinib.<ref>1</ref>","Imatinib is well absorbed after oral administration with Cmax achieved within 2-4 hours post-dose. Mean absolute bioavailability is 98%.<ref><ref>15</ref></ref> Mean imatinib AUC increases proportionally with increasing doses ranging from 25 mg to 1,<ref>000</ref> mg.<ref><ref>15</ref></ref> There is no significant change in the pharmacokinetics of imatinib on repeated dosing, and accumulation is 1.5- to 2.5-fold at a steady state when Gleevec is dosed once daily.<ref><ref>15</ref></ref>","Population pharmacokinetics in adult CML patients estimated the steady-state volume of distribution of imatinib to be 295.0 ± <ref>6</ref>2.5 L.<ref>6</ref>At a dose of 340 mg/m2, the volume of distribution of imatinib in pediatric patients was calculated to be 1<ref>6</ref>7 ± 84 L.<ref>6</ref>","At clinically relevant concentrations of imatinib, binding to plasma proteins in in vitro experiments is approximately 95%, mostly to albumin and α1-acid glycoprotein.<ref>15</ref>","CYP3A4 is the major enzyme responsible for the metabolism of imatinib. Other cytochrome P450 enzymes, such as CYP1A2, CYP2D6, CYP2C9, and CYP2C19, play a minor role in its metabolism. The main circulating active metabolite in humans is the N-demethylated piperazine derivative, formed predominantly by CYP3A4. It shows in vitro potency similar to the parent imatinib.<ref>15</ref>
Hover over products below to view reaction partners
Imatinib
N-Desmethylimatinib
AFN911
Piperidine N-oxide imatinib
Pyridine N-oxide imatinib
M7 N-oxidation imatinib
Deaminated imatinib + M42.2 imatinib
M29.6 imatinib
M28.8 imatinib
APG050 imatinib
APG049 imatinib","Imatinib elimination is predominately in the feces, mostly as metabolites. Based on the recovery of compound(s) after an oral 14C-labeled dose of imatinib, approximately 81% of the dose was eliminated within 7 days, in feces (68% of dose) and urine (13% of dose).<ref>15</ref> Unchanged imatinib accounted for 25% of the dose (5% urine, 20% feces), the remainder being metabolites.<ref>15</ref>","Following oral administration in healthy volunteers, the elimination half-lives of imatinib and its major active metabolite, the N-desmethyl derivative (CGP74588), are approximately 18 and 40 hours, respectively.<ref>15</ref>","Typically, clearance of imatinib in a 50-year-old patient weighing 50 kg is expected to be 8 L/h, while for a 50-year-old patient weighing 100 kg the clearance will increase to 14 L/h. The inter-patient variability of 40% in clearance does not warrant initial dose adjustment based on body weight and/or age but indicates the need for close monitoring for treatment-related toxicities.<ref>15</ref>","The most frequently reported adverse reactions (>30%) were edema, nausea, vomiting, muscle cramps, musculoskeletal pain, diarrhea, rash, fatigue and abdominal pain.<ref><ref><ref><ref>15</ref></ref></ref></ref>
In the 2-year rat carcinogenicity study administration of imatinib at <ref><ref><ref><ref>15</ref></ref></ref></ref>, 30, and 60 mg/kg/day resulted in a statistically significant reduction in the longevity of males at 60 mg/kg/day and females at greater than or equal to 30 mg/kg/day. Target organs for neoplastic changes were the kidneys (renal tubule and renal pelvis), urinary bladder, urethra, preputial and clitoral gland, small intestine, parathyroid glands, adrenal glands, and non-glandular stomach. Neoplastic lesions were not seen at 30 mg/kg/day for the kidneys, urinary bladder, urethra, small intestine, parathyroid glands, adrenal glands, and non-glandular stomach, and <ref><ref><ref><ref>15</ref></ref></ref></ref> mg/kg/day for the preputial and clitoral gland. The papilloma/carcinoma of the preputial/clitoral gland was noted at 30 and 60 mg/kg/day, representing approximately 0.5 to 4 or 0.3 to 2.4 times the human daily exposure (based on AUC) at 400 mg/day or 800 mg/day, respectively, and 0.4 to 3.0 times the daily exposure in children (based on AUC) at 340 mg/m2. The renal tubule adenoma/carcinoma, renal pelvis transitional cell neoplasms, the urinary bladder and urethra transitional cell papillomas, the small intestine adenocarcinomas, the parathyroid glands adenomas, the benign and malignant medullary tumors of the adrenal glands and the non-glandular stomach papillomas/carcinomas were noted at 60 mg/kg/day. The relevance of these findings in the rat carcinogenicity study for humans is not known. Positive genotoxic effects were obtained for imatinib in an in vitro mammalian cell assay (Chinese hamster ovary) for clastogenicity (chromosome aberrations) in the presence of metabolic activation. Two intermediates of the manufacturing process, which are also present in the final product, are positive for mutagenesis in the Ames assay. One of these intermediates was also positive in the mouse lymphoma assay. Imatinib was not genotoxic when tested in an in vitro bacterial cell assay (Ames test), an in vitro mammalian cell assay (mouse lymphoma) and an in vivo rat micronucleus assay.<ref><ref><ref><ref>15</ref></ref></ref></ref>
In a study of fertility, male rats were dosed for 70 days prior to mating and female rats were dosed 14 days prior to mating and through to gestational Day 6. Testicular and epididymal weights and percent motile sperm were decreased at 60 mg/kg, approximately three-fourths the maximum clinical dose of 800 mg/day based on BSA. This was not seen at doses less than or equal to 20 mg/kg (one-fourth of the maximum human dose of 800 mg). The fertility of male and female rats was not affected.<ref><ref><ref><ref>15</ref></ref></ref></ref>
Fertility was not affected in the preclinical fertility and early embryonic development study although lower testes and epididymal weights, as well as a reduced number of motile sperm, were observed in the high-dose male rats. In the preclinical pre-and postnatal study in rats, fertility in the first generation offspring was also not affected by imatinib mesylate.<ref><ref><ref><ref>15</ref></ref></ref></ref>
It is important to consider potential toxicities suggested by animal studies, specifically, liver, kidney, and cardiac toxicity and immunosuppression. Severe liver toxicity was observed in dogs treated for 2 weeks, with elevated liver enzymes, hepatocellular necrosis, bile duct necrosis, and bile duct hyperplasia. Renal toxicity was observed in monkeys treated for 2 weeks, with focal mineralization and dilation of the renal tubules and tubular nephrosis. Increased blood urea nitrogen (BUN) and creatinine were observed in several of these animals. An increased rate of opportunistic infections was observed with chronic imatinib treatment in laboratory animal studies. In a 39-week monkey study, treatment with imatinib resulted in the worsening of normally suppressed malarial infections in these animals. Lymphopenia was observed in animals (as in humans). Additional long-term toxicities were identified in a 2-year rat study. Histopathological examination of the treated rats that died in the study revealed cardiomyopathy (both sexes), chronic progressive nephropathy (females), and preputial gland papilloma as principal causes of death or reasons for sacrifice. Non-neoplastic lesions seen in this 2-year study that were not identified in earlier preclinical studies were the cardiovascular system, pancreas, endocrine organs, and teeth. The most important changes included cardiac hypertrophy and dilatation, leading to signs of cardiac insufficiency in some animals.<ref><ref><ref><ref>15</ref></ref></ref></ref>","reference-A943: Deininger MW, Druker BJ: Specific targeted therapy of chronic myelogenous leukemia with imatinib. Pharmacol Rev. 2003 Sep;55(3):401-23. Epub 2003 Jul 17. | https://go.drugbank.com/articles/A943 || reference-A944: Vigneri P, Wang JY: Induction of apoptosis in chronic myelogenous leukemia cells through nuclear entrapment of BCR-ABL tyrosine kinase. Nat Med. 2001 Feb;7(2):228-34. | https://go.drugbank.com/articles/A944 || reference-A945: Droogendijk HJ, Kluin-Nelemans HJ, van Doormaal JJ, Oranje AP, van de Loosdrecht AA, van Daele PL: Imatinib mesylate in the treatment of systemic mastocytosis: a phase II trial. Cancer. 2006 Jul 15;107(2):345-51. | https://go.drugbank.com/articles/A945 || reference-A946: Lassila M, Allen TJ, Cao Z, Thallas V, Jandeleit-Dahm KA, Candido R, Cooper ME: Imatinib attenuates diabetes-associated atherosclerosis. Arterioscler Thromb Vasc Biol. 2004 May;24(5):935-42. Epub 2004 Feb 26. | https://go.drugbank.com/articles/A946 || reference-A947: Reeves PM, Bommarius B, Lebeis S, McNulty S, Christensen J, Swimm A, Chahroudi A, Chavan R, Feinberg MB, Veach D, Bornmann W, Sherman M, Kalman D: Disabling poxvirus pathogenesis by inhibition of Abl-family tyrosine kinases. Nat Med. 2005 Jul;11(7):731-9. Epub 2005 Jun 26. | https://go.drugbank.com/articles/A947 || reference-A34763: Peng B, Lloyd P, Schran H: Clinical pharmacokinetics of imatinib. Clin Pharmacokinet. 2005;44(9):879-94. doi: 10.2165/00003088-200544090-00001. | https://go.drugbank.com/articles/A34763 || reference-A249290: Cilloni D, Saglio G: Molecular pathways: BCR-ABL. Clin Cancer Res. 2012 Feb 15;18(4):930-7. doi: 10.1158/1078-0432.CCR-10-1613. Epub 2011 Dec 8. | https://go.drugbank.com/articles/A249290 || reference-A249295: Haguet H, Douxfils J, Chatelain C, Graux C, Mullier F, Dogne JM: BCR-ABL Tyrosine Kinase Inhibitors: Which Mechanism(s) May Explain the Risk of Thrombosis? TH Open. 2018 Feb 14;2(1):e68-e88. doi: 10.1055/s-0038-1624566. eCollection 2018 Jan. | https://go.drugbank.com/articles/A249295 || reference-A249300: Bernt KM, Hunger SP: Current concepts in pediatric Philadelphia chromosome-positive acute lymphoblastic leukemia. Front Oncol. 2014 Mar 25;4:54. doi: 10.3389/fonc.2014.00054. eCollection 2014. | https://go.drugbank.com/articles/A249300 || reference-A249305: Iqbal N, Iqbal N: Imatinib: a breakthrough of targeted therapy in cancer. Chemother Res Pract. 2014;2014:357027. doi: 10.1155/2014/357027. Epub 2014 May 19. | https://go.drugbank.com/articles/A249305 || reference-A249310: Greuber EK, Smith-Pearson P, Wang J, Pendergast AM: Role of ABL family kinases in cancer: from leukaemia to solid tumours. Nat Rev Cancer. 2013 Aug;13(8):559-71. doi: 10.1038/nrc3563. Epub 2013 Jul 11. | https://go.drugbank.com/articles/A249310 || reference-A249315: Druker BJ, Tamura S, Buchdunger E, Ohno S, Segal GM, Fanning S, Zimmermann J, Lydon NB: Effects of a selective inhibitor of the Abl tyrosine kinase on the growth of Bcr-Abl positive cells. Nat Med. 1996 May;2(5):561-6. doi: 10.1038/nm0596-561. | https://go.drugbank.com/articles/A249315 || reference-A263036: Dagher R, Cohen M, Williams G, Rothmann M, Gobburu J, Robbie G, Rahman A, Chen G, Staten A, Griebel D, Pazdur R: Approval summary: imatinib mesylate in the treatment of metastatic and/or unresectable malignant gastrointestinal stromal tumors. Clin Cancer Res. 2002 Oct;8(10):3034-8. | https://go.drugbank.com/articles/A263036 || reference-L31168: FDA Approved Drug Products: Gleevec (Imatinib) Oral Tablet | https://www.accessdata.fda.gov/drugsatfda_docs/label/2020/021588s056s057lbl.pdf || reference-L42080: FDA Approved Drug Products: Gleevec (Imatinib) Oral Tablet 2022 | https://www.accessdata.fda.gov/drugsatfda_docs/label/2022/021588s060lbl.pdf || reference-L42170: Cayman Chemical: Imatinib MSDS | https://cdn.caymanchem.com/cdn/msds/13139m.pdf || reference-L42220: How Imatinib Transformed Leukemia Treatment and Cancer Research | https://www.cancer.gov/research/progress/discovery/gleevec || reference-L49746: Imatinib Koanaa | https://www.ema.europa.eu/en/medicines/human/EPAR/imatinib-koanaa || reference-L49751: Imatinib Glivec | https://www.ema.europa.eu/en/medicines/human/EPAR/glivec"
paclitaxel,DB01229,"Paclitaxel is a taxoid chemotherapeutic agent used as first-line and subsequent therapy for the treatment of advanced carcinoma of the ovary, and other various cancers including breast and lung cancer.","Used in the treatment of Kaposi's sarcoma and cancer of the lung, ovarian, and breast. Abraxane® is specfically indicated for the treatment of metastatic breast cancer and locally advanced or metastatic non-small cell lung cancer.","Paclitaxel interferes with the normal function of microtubule growth. Whereas drugs like colchicine cause the depolymerization of microtubules in vivo, paclitaxel arrests their function by having the opposite effect; it hyper-stabilizes their structure. This destroys the cell's ability to use its cytoskeleton in a flexible manner. Specifically, paclitaxel binds to the β subunit of tubulin. Tubulin is the ""building block"" of mictotubules, and the binding of paclitaxel locks these building blocks in place. The resulting microtubule/paclitaxel complex does not have the ability to disassemble. This adversely affects cell function because the shortening and lengthening of microtubules (termed dynamic instability) is necessary for their function as a transportation highway for the cell. Chromosomes, for example, rely upon this property of microtubules during mitosis. Further research has indicated that paclitaxel induces programmed cell death (apoptosis) in cancer cells by binding to an apoptosis stopping protein called Bcl-2 (B-cell leukemia 2) and thus arresting its function.","Paclitaxel is a taxoid antineoplastic agent indicated as first-line and subsequent therapy for the treatment of advanced carcinoma of the ovary, and other various cancers including breast cancer. Paclitaxel is a novel antimicrotubule agent that promotes the assembly of microtubules from tubulin dimers and stabilizes microtubules by preventing depolymerization. This stability results in the inhibition of the normal dynamic reorganization of the microtubule network that is essential for vital interphase and mitotic cellular functions. In addition, paclitaxel induces abnormal arrays or ""bundles"" of microtubules throughout the cell cycle and multiple asters of microtubules during mitosis.","When a 24 hour infusion of 135 mg/m^2 is given to ovarian cancer patients, the maximum plasma concentration (Cmax) is 195 ng/mL, while the AUC is 6300 ng•h/mL.","227 to 688 L/m^2 [apparent volume of distribution at steady-state, 24 hour infusion]","89%-98% bound to plasma protein. The presence of cimetidine, ranitidine, dexamethasone, or diphenhydramine did not affect protein binding of paclitaxel.","Hepatic. In vitro studies with human liver microsomes and tissue slices showed that paclitaxel was metabolized primarily to 6a-hydrox-ypaclitaxel by the cytochrome P450 isozyme CYP2C8; and to two minor metabolites, 3’-p-hydroxypaclitaxel and 6a, 3’-p-dihydroxypaclitaxel, by CYP3A4.
Hover over products below to view reaction partners
Paclitaxel
6α, 3'-p-dihydroxypaclitaxel
6α-hydroxypaclitaxel
3′-p-hydroxypaclitaxel","In 5 patients administered a 225 or 250 mg/m2 dose of radiolabeled paclitaxel as a 3-hour infusion, a mean of 71% of the radioactivity was excreted in the feces in 120 hours, and 14% was recovered in the urine.","When a 24 hour infusion of 135 mg/m^2 is given to ovarian cancer patients, the elimination half=life is 52.7 hours.","21.7 L/h/m2 [Dose 135 mg/m2, infusion duration 24 h]
23.8 L/h/m2 [Dose 175 mg/m2, infusion duration 24 h]
7 L/h/m2 [Dose 135 mg/m2, infusion duration 3 h]
12.2 L/h/m2 [Dose 175 mg/m2, infusion duration 3 h]","Rat (ipr) LD50=32530 µg/kg. Symptoms of overdose include bone marrow suppression, peripheral neurotoxicity, and mucositis. Overdoses in pediatric patients may be associated with acute ethanol toxicity.","reference-A2194: Wall ME, Wani MC: Camptothecin and taxol: discovery to clinic--thirteenth Bruce F. Cain Memorial Award Lecture. Cancer Res. 1995 Feb 15;55(4):753-60. | https://go.drugbank.com/articles/A2194 || reference-A2196: Wani MC, Taylor HL, Wall ME, Coggon P, McPhail AT: Plant antitumor agents. VI. The isolation and structure of taxol, a novel antileukemic and antitumor agent from Taxus brevifolia. J Am Chem Soc. 1971 May 5;93(9):2325-7. | https://go.drugbank.com/articles/A2196 || reference-A2198: Fuchs DA, Johnson RK: Cytologic evidence that taxol, an antineoplastic agent from Taxus brevifolia, acts as a mitotic spindle poison. Cancer Treat Rep. 1978 Aug;62(8):1219-22. | https://go.drugbank.com/articles/A2198 || reference-A2199: Saville MW, Lietzau J, Pluda JM, Feuerstein I, Odom J, Wilson WH, Humphrey RW, Feigal E, Steinberg SM, Broder S, et al.: Treatment of HIV-associated Kaposi's sarcoma with paclitaxel. Lancet. 1995 Jul 1;346(8966):26-8. | https://go.drugbank.com/articles/A2199 || reference-A2201: Authors unspecified: ABI 007. Drugs R D. 2004;5(3):155-9. | https://go.drugbank.com/articles/A2201 || reference-A2203: Gaitanis A, Staal S: Liposomal doxorubicin and nab-paclitaxel: nanoparticle cancer chemotherapy in current clinical use. Methods Mol Biol. 2010;624:385-92. doi: 10.1007/978-1-60761-609-2_26. | https://go.drugbank.com/articles/A2203"
anastrozole,,,,,,,,,,,,,,
asparaginase,DB00023,Asparaginase Escherichia coli is an asparaginase enzyme from E. coli used as part of treatment regimens for acute lymphoblastic leukemias.,Indicated as a component of a multi-agent chemotherapeutic regimen for the treatment of patients with acute lymphoblastic leukemia (ALL).<ref>5</ref>,"Asparagine is a non-essential amino acid that maintains DNA, RNA and protein synthesis and promotes cell growth. While healthy and normal cells are capable of obtaining asparagine via dietary intake or synthesizing the asparagine from aspartate via asparagine synthetase activity, lymphoblastic leukemic cells lack the asparagine synthetase enzyme and cannot produce asparagine de novo <ref><ref><ref>3</ref></ref></ref>. Thus, leukemic cells rely on exogenous source of asparagine for protein synthesis and cell survival <ref><ref><ref>3</ref></ref></ref>. L-asparagine from E. coli serves to deplete plasma levels of asparagine in leukemic cells by converting L-asparagine to L-aspartic acid and ammonia <ref><ref><ref>3</ref></ref></ref>, leading to reduced reduced DNA, RNA and protein synthesis; inhibition of cell growth; and ultimately the activation of apoptotic cell-death mechanisms <ref><ref><ref>3</ref></ref></ref>. Normal cells, however, are able to synthesize asparagine and thus are affected less by the rapid depletion produced by treatment with the enzyme asparaginase <ref>Label</ref>.","In clinical trials of patients with previously untreated, standard-risk ALL, administration of asparaginase resulted in a decrease of plasma asparagine levels from average of 41 μM to less than <ref>3</ref> μM <ref><ref><ref>Label</ref></ref></ref>. The native asparaginase in whom plasma enzyme activity before treatment was greater than 0.1 International Units/mL <ref><ref><ref>Label</ref></ref></ref>. In this study, cerebrospinal fluid asparagine levels in patients treated with asparaginase decreased from 2.8 μM (pretreatment) to 1.0 μM and 0.<ref>3</ref> μM at day 7 and day 28 of induction, respectively <ref><ref><ref>Label</ref></ref></ref>. Native E. coli asparaginase results in asparagine depletion in 14 to 2<ref>3</ref> days following administration <ref>3</ref>.","In a study in patients with metastatic cancer and leukemia, daily intravenous administration of L-asparaginase derived from E. coli resulted in a cumulative increase in plasma levels. Following intramuscular injection in patients with metastatic cancer and leukemia, peak plasma levels of asparaginase was achieved 14 to 24 hours post-dosing <ref>Label</ref>.
Peak asparaginase activity of native E. coli asparaginase can be observed in 24 to 48 hours following administration <ref>3</ref>.",Apparent volume of distribution was slightly greater than the plasma volume. Asparaginase levels in cerebrospinal fluid were less than 1% of concurrent plasma levels <ref>3</ref>.,Not Available,Not Available,Not Available,Plasma half life of L-asparagine derived from E. coli following intravenous injection was 8-<ref>3</ref>0 hrs <ref><ref>Label</ref></ref>. Plasma half-life was <ref>3</ref>4 to 49 hours after intramuscular injection <ref><ref>Label</ref></ref>. Half-life (mean ± SD) of native E. coli asparaginase is approximately 1.28 ± 0.<ref>3</ref>5 days <ref>3</ref>.,Not Available,"No studies assessing the mutagenic or carcinogenic potential of E. coli L-asparagine have been conducted. In the Ames assay, no mutagenic effect was demonstrated when tested against Salmonella typhimurium strains <ref><ref><ref>Label</ref></ref></ref>. No studies have been performed on impairment of fertility <ref><ref><ref>Label</ref></ref></ref>. Following a single, intravenous injection of 12,<ref>500</ref> to 50,<ref>000</ref> International Units L-asparagine/kg in rabbits, edema and necrosis of pancreatic islets were observed. The clinical relevance of this finding is unclear as it does not indicate pancreatitis <ref><ref><ref>Label</ref></ref></ref>.","reference-A31996: Roberts J, Prager MD, Bachynsky N: The antitumor activity of Escherichia coli L-asparaginase. Cancer Res. 1966 Oct;26(10):2213-7. | https://go.drugbank.com/articles/A31996 || reference-A31997: Boyse EA, Old LJ, Campbell HA, Mashburn LT: Suppression of murine leukemias by L-asparaginase. Incidence of sensitivity among leukemias of various types: comparative inhibitory activities of guinea pig serum L-asparaginase and Escherichia coli L-asparaginase. J Exp Med. 1967 Jan 1;125(1):17-31. | https://go.drugbank.com/articles/A31997 || reference-A31999: Asselin B, Rizzari C: Asparaginase pharmacokinetics and implications of therapeutic drug monitoring. Leuk Lymphoma. 2015;56(8):2273-80. doi: 10.3109/10428194.2014.1003056. Epub 2015 Mar 11. | https://go.drugbank.com/articles/A31999 || reference-L1439: UniProtKB - V6FYV8 (V6FYV8_ECOLX): E. coli L-asparaginase, type II FASTA sequence | http://www.uniprot.org/uniprot/V6FYV8 || reference-L39809: FDA Approved Drug Products: Elspar (asparaginase) for intravenous or intramuscular injection | https://www.accessdata.fda.gov/drugsatfda_docs/label/2013/101063s5169lbl.pdf"
cetuximab,DB00002,Cetuximab is an endothelial growth factor receptor binding fragment used to treat colorectal cancer as well as squamous cell carcinoma of the head and neck.,"Cetuximab is indicated for: The treatment of locally or regionally advanced squamous cell carcinoma of the head and neck in combination with radiation therapy. The treatment of recurrent locoregional disease or metastatic squamous cell carcinoma of the head and neck in combination with platinum-based therapy with fluorouracil. The treatment of recurrent or metastatic squamous cell carcinoma of the head and neck progressing after platinum-based therapy.<ref><ref>11</ref></ref> K-Ras wild-type, EGFR-expressing, metastatic colorectal cancer as determined by an FDA-approved test in combination with FOLFIRI, a chemotherapy combination that includes leucovorin, fluorouracil, and irinotecan In combination with irinotecan in patients who are refractory to irinotecan-based chemotherapy; or as monotherapy in patients who have failed oxaliplatin- and irinotecan-based chemotherapy or who are intolerant to irinotecan.<ref><ref>11</ref></ref> Metastatic colorectal cancer that is BRAF V600E mutation-positive (as determined by an FDA-approved test) in combination with encorafenib but only after prior therapy.<ref>13</ref> Cetuximab is not indicated for the treatment of Ras-mutant colorectal cancer or when the results of the Ras mutation tests are unknown.<ref><ref>11</ref></ref>","The epidermal growth factor receptor (EGFR) is a transmembrane glycoprotein and a type I receptor tyrosine kinase expressed on both normal and malignant cells. It has been investigated as a therapeutic target for anticancer treatment, as it is often upregulated in cancer types, including head and neck, colon, and rectal cancers.<ref><ref>11</ref></ref> When activated by its ligand, EGFR undergoes a conformational change and dimerization to form homodimers or heterodimers with another member of the ErbB family of receptors. Dimerization of EGFR activates the intracellular tyrosine kinase region of EGFR and promotes autophosphorylation, initiating a series of downstream signalling cascades, including cell differentiation, proliferation, migration, angiogenesis, and apoptosis. This EGFR signalling pathway is often dysregulated in cancer cells, leading to aberrant cell growth and enhanced cell survival.<ref>12</ref>
Cetuximab is a monoclonal antibody that binds specifically to the EGFR on both normal and tumour cells to competitively inhibit the binding of epidermal growth factor (EGF) and other ligands that are produced by normal and tumour tissue epithelial cells.2,<ref><ref>11</ref></ref> Upon binding to domain III of EGFR - which is the binding site for its growth factor ligands - cetuximab prevents the receptor from adopting an extended conformation and thereby inhibits EGFR activation, as well as phosphorylation and activation of receptor-associated kinases (MAPK, PI<ref>3</ref>K/Akt, Jak/Stat).<ref>2</ref>,<ref>8</ref> Inhibition of the EGFR signalling pathway ultimately leads to inhibition of cell cycle progression, cell survival pathways, and tumour cell motility and invasion.<ref>3</ref> Cetuximab also induces cell apoptosis and decreases matrix metalloproteinase and vascular endothelial growth factor (VEGF) production.8,<ref><ref>11</ref></ref> In vitro, cetuximab was shown to inhibit tumour angiogenesis.<ref>5</ref> Binding of cetuximab to EGFR also results in internalization of the antibody-receptor complex, leading to an overall downregulation of EGFR expression.<ref>4</ref>
K-ras is a small G-protein downstream of EGFR that plays an important role in promoting the EGFR signalling cascade: in some malignant cells, K-ras can acquire activating mutations in exon 2 <ref>12</ref> and thus be continuously active regardless of EGFR regulation.<ref><ref>11</ref></ref> Since mutant Ras proteins can isolate the pathway from the effect of EGFR, K-Ras mutations can render EGFR inhibitors like cetuximab ineffective in exerting anti-tumour effects.<ref><ref>11</ref></ref>,<ref>12</ref> Cetuximab is thus only limited in its use for K-Ras wild-type, EGFR-expressing cancers.<ref><ref>11</ref></ref>","Cetuximab is an anticancer agent that works by inhibiting the growth and survival of epidermal growth factor receptor (EGFR)-expressing tumour cells with high specificity and higher affinity than epidermal growth factor (EGF) and transforming growth factor-alpha (TGF-α), which are natural ligands of EGFR.<ref>12</ref> Cetuximab works by inhibiting the growth and survival of EGFR-positive tumours.<ref>3</ref> In vitro, it promotes antibody-dependent cellular cytotoxicity (ADCC) against certain human tumour types. On the contrary, cetuximab does not exert its anti-tumour effects on human tumour xenografts lacking EGFR expression.<ref>3</ref>,<ref>11</ref>
Cetuximab potentiates the cytotoxic effects of chemotherapeutics and radiation therapy when used in combination.<ref>11</ref> In human tumour xenograft models in mice, cetuximab and irinotecan synergistically inhibited the growth of orthotopic anaplastic thyroid carcinoma xenografts in vitro and in vivo. Cetuximab potentiated the in vitro anti-proliferative and pro-apoptotic effect of irinotecan and achieved 9<ref>3</ref>% in vivo inhibition of tumour growth when combined with irinotecan, compared to 77% and 79% inhibition when cetuximab and irinotecan were used alone, respectively.<ref>5</ref>","After administration of a 400 mg/m2 initial dose followed by a 250 mg/m2 weekly dose, the steady-state levels of cetuximab was reached by the third weekly infusion with mean peak and trough concentrations across studies ranging from 168 µg/mL to 2<ref>3</ref>5 µg/mL and 41 µg/mL to 85 µg/mL, respectively.<ref>11</ref> Tmax is about <ref>3</ref> hours.<ref>3</ref>",The volume of the distribution is about 2-3 L/m2 and is independent of dose.<ref>11</ref>,There is no information available.,"Like other monoclonal antibodies, cetuximab is expected to undergo lysosomal degradation by the reticuloendothelial system and protein catabolism by a target‐mediated disposition pathway.<ref>6</ref>",There is limited information available.,"After administration of a 400 mg/m2 initial dose followed by a 250 mg/m2 weekly dose, the mean half-life for cetuximab was approximately <ref>11</ref>2 hours, with a range of 63 to 230 hours.<ref>11</ref>","In patients with recurrent and/or metastatic squamous cell carcinoma of the head and neck, the estimated clearance rate was 0.10<ref>3</ref> L/h.<ref>7</ref> At doses ranging from 200 to 400 mg/m2, complete saturation of systemic clearance was observed. In a population pharmacokinetic study, female patients had a 25% lower intrinsic cetuximab clearance than male patients, although there was no evidence of the need for dose modification based on sex.<ref>3</ref>","The intravenous LD50 is > 300 mg/kg in mice and > 200 mg/kg in rats.<ref>10</ref> There is limited information on the overdose from cetuximab.
In clinical trials, cetuximab was associated with serious and fatal infusion reactions, cardiopulmonary arrest or sudden death, and serious dermatologic toxicities. Pulmonary toxicities, such as interstitial lung disease, interstitial pneumonitis with non-cardiogenic pulmonary edema, and exacerbation of pre-existing fibrotic lung disease have been reported.<ref>11</ref>","reference-A9: Chen X, Ji ZL, Chen YZ: TTD: Therapeutic Target Database. Nucleic Acids Res. 2002 Jan 1;30(1):412-5. | https://go.drugbank.com/articles/A9 || reference-A11: Snyder LC, Astsaturov I, Weiner LM: Overview of monoclonal antibodies and small molecules targeting the epidermal growth factor receptor pathway in colorectal cancer. Clin Colorectal Cancer. 2005 Nov;5 Suppl 2:S71-80. | https://go.drugbank.com/articles/A11 || reference-A227963: Wong SF: Cetuximab: an epidermal growth factor receptor monoclonal antibody for the treatment of colorectal cancer. Clin Ther. 2005 Jun;27(6):684-94. doi: 10.1016/j.clinthera.2005.06.003. | https://go.drugbank.com/articles/A227963 || reference-A227973: Harding J, Burtness B: Cetuximab: an epidermal growth factor receptor chemeric human-murine monoclonal antibody. Drugs Today (Barc). 2005 Feb;41(2):107-27. doi: 10.1358/dot.2005.41.2.882662. | https://go.drugbank.com/articles/A227973 || reference-A227978: Kim S, Prichard CN, Younes MN, Yazici YD, Jasser SA, Bekele BN, Myers JN: Cetuximab and irinotecan interact synergistically to inhibit the growth of orthotopic anaplastic thyroid carcinoma xenografts in nude mice. Clin Cancer Res. 2006 Jan 15;12(2):600-7. doi: 10.1158/1078-0432.CCR-05-1325. | https://go.drugbank.com/articles/A227978 || reference-A40006: Ryman JT, Meibohm B: Pharmacokinetics of Monoclonal Antibodies. CPT Pharmacometrics Syst Pharmacol. 2017 Sep;6(9):576-588. doi: 10.1002/psp4.12224. Epub 2017 Jul 29. | https://go.drugbank.com/articles/A40006 || reference-A228003: Dirks NL, Nolting A, Kovar A, Meibohm B: Population pharmacokinetics of cetuximab in patients with squamous cell carcinoma of the head and neck. J Clin Pharmacol. 2008 Mar;48(3):267-78. doi: 10.1177/0091270007313393. Epub 2008 Jan 24. | https://go.drugbank.com/articles/A228003 || reference-A228078: Vincenzi B, Zoccoli A, Pantano F, Venditti O, Galluzzo S: Cetuximab: from bench to bedside. Curr Cancer Drug Targets. 2010 Feb;10(1):80-95. doi: 10.2174/156800910790980241. | https://go.drugbank.com/articles/A228078 || reference-A228083: Sigismund S, Avanzato D, Lanzetti L: Emerging functions of the EGFR in cancer. Mol Oncol. 2018 Jan;12(1):3-20. doi: 10.1002/1878-0261.12155. Epub 2017 Nov 27. | https://go.drugbank.com/articles/A228083 || reference-L31408: Bristol-Myers Squibb Company: Cetuximab Safety Data Sheet | https://imgcdn.mckesson.com/CumulusWeb/Click_and_learn/SDS_9BRMY_ERBITUX.pdf || reference-L30448: FDA Approved Drug Products: ERBITUX (cetuximab) injection, for intravenous use | https://pi.lilly.com/us/erbitux-uspi.pdf || reference-L31418: StatPearls: Cetuximab | https://www.ncbi.nlm.nih.gov/books/NBK459293/ || reference-L39045: FDA Approved Drug Products: ERBITUX (cetuximab) injection, for intravenous use (Sep 2021) | https://www.accessdata.fda.gov/drugsatfda_docs/label/2021/125084s279lbl.pdf"
tegafur,,,,,,,,,,,,,,
dapsone,,,,,,,,,,,,,,
isoniazid,,,,,,,,,,,,,,
Bisphosphonates,,,,,,,,,,,,,,
Tumor necrosis factor alpha (TNF-alpha) inhibitors,,,,,,,,,,,,,,
cyclosporine,,,,,,,,,,,,,,
busulfan,,,,,,,,,,,,,,
lumefantrine,,,,,,,,,,,,,,
ceftriaxone,,,,,,,,,,,,,,
nevirapine,,,,,,,,,,,,,,
efavirenz,,,,,,,,,,,,,,
tenofovir,DB00300,Tenofovir disoproxil is a nucleotide analog reverse transcriptase inhibitor used in the treatment of Hepatitis B infection and used in the management of HIV-1 infection.,"Tenofovir disoproxil is indicated in combination with other antiretroviral agents for the treatment of HIV-1 infection in patients ≥2 years old and weighing ≥10 kg.<ref>19</ref> It is also indicated for the treatment of chronic hepatitis B in patients ≥2 years old and weighing ≥10 kg.<ref>19</ref> Tenofovir disoproxil is also an ingredient in several combination products, all of which are indicated either alone or in combination with other antiretrovirals for the treatment of HIV-1 infection.<ref>12</ref>,<ref>13</ref>,<ref>14</ref>,<ref>15</ref>,<ref>16</ref>,<ref>17</ref>,<ref>18</ref> In addition, tenofovir disoproxil is available in combination with emtricitabine (under the brand name Truvada) for use as pre-exposure prophylaxis (PrEP) in at-risk adults and adolescents weighing ≥ 35kg to reduce the risk of sexually-acquired HIV-1 infection.<ref>18</ref>","Tenofovir belongs to a class of antiretroviral drugs known as nucleotide analog reverse transcriptase inhibitors (NtRTIs), which block reverse transcriptase, an enzyme necessary for viral production in HIV-infected individuals. This enables the management of HIV viral load through decreased viral replication <ref><ref><ref>Label</ref></ref></ref>.
Tenofovir disoproxil fumarate is the fumarate salt of the prodrug tenofovir disoproxil. Tenofovir disoproxil is absorbed and converted to its active form, tenofovir, a nucleoside monophosphate (nucleotide) analog. Tenofovir is then converted to the active metabolite, tenofovir diphosphate, a chain terminator, by constitutively expressed enzymes in the cell. Tenofovir diphosphate inhibits HIV-1 reverse transcriptase and the Hepatitis B polymerase by direct binding competition with the natural deoxyribonucleotide substrate (deoxyadenosine 5’-triphosphate) and, after integration into DNA, causes viral DNA chain termination <ref>24</ref>, <ref><ref><ref>Label</ref></ref></ref>.
A note on resistance
HIV-1 isolates with decreased susceptibility to tenofovir have been identified in cell culture studies. These viruses expressed a K65R substitution in reverse transcriptase and showed a 2– 4 fold decrease in susceptibility to treatment with tenofovir <ref><ref><ref>Label</ref></ref></ref>.","This drug prevents viral DNA chain elongation through inhibition of enzymes necessary for host cell infection viral replication in HIV-1 and Hepatitis B infections <ref>9</ref>, <ref>10</ref>.
In vitro effects
The antiviral activity of tenofovir against in laboratory and clinical isolates of HIV-1 was studied in lymphoblastoid cell lines, primary monocyte/macrophage cells, in addition to peripheral blood lymphocytes. The EC50 (50% effective concentration) values of tenofovir against HIV-1 virus ranged between 0.04 μM to 8.5 μM.
Combination of tenofovir disoproxil with other drugs
In drug combination studies of tenofovir with nucleoside reverse transcriptase inhibitors (abacavir, didanosine, lamivudine, stavudine, zalcitabine, zidovudine), non-nucleoside reverse transcriptase inhibitors (delavirdine, efavirenz, nevirapine), and protease inhibitors (amprenavir, indinavir, nelfinavir, ritonavir, saquinavir), additive and synergistic effects were seen. Tenofovir demonstrated antiviral activities in cell cultures against HIV-1 <ref>Label</ref>.","After oral administration of tenofovir disoproxil to patients with HIV infection, tenofovir disoproxil is quickly absorbed and metabolized to tenofovir <ref>24</ref>.
Administration of tenofovir disoproxil 300 mg tablets after a high-fat meal increases the oral bioavailability of this drug, as demonstrated by an increase in tenofovir AUC0-∞ of about 40% as well as an increase in Cmax of about 14%. On the contrary, the administration of tenofovir disoproxil with a light meal did not exert a relevant effect on the pharmacokinetics of tenofovir when compared to administration under fasting conditions. The presence of ingested food slows the time to tenofovir Cmax by approximately 1 hour. Cmax and AUC of tenofovir are 0.33 ± 0.12 μg/mL and 3.32 ± 1.37 μg•hr/mL after several doses of tenofovir disoproxil 300 mg once daily in the fed state when meal content is not controlled <ref>Label</ref>.","The volume of distribution at steady-state is 1.3 ± 0.6 L/kg and 1.2 ± 0.4 L/kg, following intravenous administration of tenofovir 1.0 mg/kg and 3.0 mg/kg <ref>Label</ref>.
After oral administration of tenofovir disoproxil, tenofovir is distributed to the majority tissues with the highest concentrations measured in the kidney, liver and the intestinal contents (based on data from preclinical studies) <ref>24</ref>.","In vitro binding of tenofovir to human plasma or serum proteins is <0.7 and <7.2%, respectively, over the tenofovir concentration range 0.01 to 25 μg/mL <ref>Label</ref>.","Tenofovir disoproxil fumarate is the fumarate salt of the prodrug tenofovir disoproxil. Tenofovir disoproxil is absorbed and converted to its active form, tenofovir, a nucleoside monophosphate (nucleotide) analog. Tenofovir is then converted to the active metabolite, tenofovir diphosphate, a chain terminator, by constitutively expressed enzymes in the cell <ref><ref>Label</ref></ref>. Two phosphorylation steps are required to convert tenofovir disoproxil to the active drug form <ref>11</ref>.
The cytochrome P450 enzyme system is not involved with the metabolism of tenofovir disoproxil or tenofovir <ref><ref>Label</ref></ref>.
Hover over products below to view reaction partners
Tenofovir disoproxil
Tenofovir Monophosphate
Tenofovir Diphosphate","Following IV administration of tenofovir, approximately 70–80% of the dose is recovered in the urine as unchanged tenofovir within 72 hours of dosing. Tenofovir is eliminated by a combination of glomerular filtration and active tubular secretion <ref>Label</ref>. There may be competition for elimination with other compounds that are also eliminated by the kidneys.","When a single oral dose is given, the terminal elimination half-life is approximately 17 hours <ref>Label</ref>.","The clearance of tenofovir is highly dependent on renal function and may vary greatly. Total clearance has been estimated to be approximately 230 ml/h/kg (approximately 300 ml/min) <ref>24</ref>.
On average, renal clearance has been estimated to be approximately 160 ml/h/kg (approximately 210 ml/min), which is in excess of the glomerular filtration rate. This shows that active tubular secretion is an essential part of the elimination of tenofovir <ref>24</ref>.
The FDA label provides specific guidelines for dosing according to renal function. It is important to consult product labeling before administering tenofovir to individuals with renal dysfunction, as the clearance of this drug may vary greatly among these patients <ref>Label</ref>.","A note on breastfeeding
The Centers for Disease Control and Prevention recommend that HIV-1-infected mothers not breast-feed their infants to prevent postnatal transmission of HIV-1. Mothers should be advised not to breast-feed if they are receiving tenofovir disoproxil <ref><ref><ref><ref>Label</ref></ref></ref></ref>.
Carcinogenesis
Long-term oral carcinogenicity studies of tenofovir disoproxil fumarate in mice and rats were performed at exposures up to approximately 16 times (mice) and 5 times (rats) those observed in humans at the therapeutic dose for HIV-1 infection. At the higher dose in female mice, liver adenomas were increased at exposures 16 times that in humans. In rats, the study was negative for carcinogenic findings at exposures up to 5 times that observed in humans at the therapeutic dose <ref><ref><ref><ref>Label</ref></ref></ref></ref>.
Pregnancy
This drug is considered a pregnancy Category B drug. Reproduction studies have been performed in rats and rabbits at doses up to 14 and 19 times the recommended human dose based on body surface area comparisons and revealed no evidence of impaired fertility or harm to the fetus due to tenofovir. There are, however, no adequate and well-controlled studies in pregnant women.
Because animal reproduction studies are not consistently reflective of human effects, tenofovir disoproxil should be used during pregnancy only if clearly required. To monitor fetal outcomes of pregnant women taking tenofovir disoproxil, an Antiretroviral Pregnancy Registry has been formed. Healthcare providers are encouraged and advised to register patients by calling the number listed on the FDA label for tenofovir disoproxil <ref><ref><ref><ref>Label</ref></ref></ref></ref>.
Mutagenesis
Tenofovir disoproxil fumarate was mutagenic in the in vitro mouse lymphoma assay and negative for mutagenesis in an in vitro bacterial mutagenicity test (Ames test). In an in vivo mouse micronucleus assay, tenofovir disoproxil fumarate was negative when administered to male mice.
Impairment of Fertility
There were no observed effects on fertility, mating performance or early embryonic development when tenofovir disoproxil fumarate was given to male rats at a dose comparable to 10 times the human dose based on body surface area comparisons for 28 days before mating and to female rats for 15 days before mating through day seven of gestation. There was, however, changes in the estrous cycle in female rats <ref><ref><ref><ref>Label</ref></ref></ref></ref>.","reference-A439: Gilden D: Tenofovir: Gilead applies for approval; expanded access liberalized. AIDS Treat News. 2001 May 11;(364):2-3, 1. | https://go.drugbank.com/articles/A439 || reference-A440: Miller MD, Margot NA, Hertogs K, Larder B, Miller V: Antiviral activity of tenofovir (PMPA) against nucleoside-resistant clinical HIV samples. Nucleosides Nucleotides Nucleic Acids. 2001 Apr-Jul;20(4-7):1025-8."
stavudine,DB00649,Stavudine is a dideoxynucleoside used in the treatment of HIV infection.,For the treatment of human immunovirus (HIV) infections.,Stavudine inhibits the activity of HIV-1 reverse transcriptase (RT) both by competing with the natural substrate dGTP and by its incorporation into viral DNA.,"Stavudine is a nucleoside reverse transcriptase inhibitor (NRTI) with activity against Human Immunodeficiency Virus Type 1 (HIV-1). Stavudine is phosphorylated to active metabolites that compete for incorporation into viral DNA. They inhibit the HIV reverse transcriptase enzyme competitively and act as a chain terminator of DNA synthesis. The lack of a 3'-OH group in the incorporated nucleoside analogue prevents the formation of the 5' to 3' phosphodiester linkage essential for DNA chain elongation, and therefore, the viral DNA growth is terminated.","Following oral administration, stavudine is rapidly absorbed (bioavailability is 68-104%).",46 ± 21 L,Negligible,"Phosphorylated intracellularly to stavudine triphosphate, the active substrate for HIV-reverse transcriptase.",Not Available,0.8-1.5 hours (in adults),"Renal cl=272 mL/min [Healthy subjects receiving 80 mg PO]
594 +/- 164 mL/min [HIV-infected adult and pediatric patients following 1-hour IV infusion]
9.75 +/- 3.76 mL/min/kg [HIV- Exposed or -Infected Pediatric Patients(Age 5 weeks – 15 years) following 1-hour IV infusion]","Side effects include peripheral neuropathy tingling, burning, numbness, or pain in the hands or feet), fatal lactic acidosis has been reported in patients treated with stavudine (ZERIT) in combination with other antiretroviral agents, severe liver enlargement, inflammation (pain and swelling) of the liver, and liver failure.",No general references available
Drugs For Treatment Of Tuberculosis,,,,,,,,,,,,,,
rifampin,,,,,,,,,,,,,,
highly active antiretroviral therapy (haart),,,,,,,,,,,,,,
lopinavir,DB01601,Lopinavir is an HIV-1 protease inhibitor used in combination with ritonavir to treat human immunodeficiency virus (HIV) infection.,"The combination product lopinavir/ritonavir, marketed under the brand name Kaletra, is indicated in combination with other antiretrovirals for the treatment of HIV-1 infection in adults and pediatric patients ≥14 days old.<ref>7</ref>","The HIV lifecycle is comprised of 3 distinct stages: assembly, involving creation and packaging of essential viral components; budding, wherein the viral particle crosses the host cell plasma membrane and forms a lipid envelope; and maturation, wherein the viral particle alters its structure and becomes infectious.<ref>2</ref> At the center of this lifecycle is the Gag polyprotein which, along with the products of its proteolysis, coordinate these stages and function as the major structural proteins of the virus. The HIV-1 protease enzyme, a dimeric aspartic protease, is the enzyme responsible for cleaving the Gag polyprotein and thus plays a critical role in many aspects of the HIV viral lifecycle.<ref>2</ref>
Lopinavir is an inhibitor of the HIV-1 protease enzyme.<ref>7</ref> Its design is based on the ""peptidomimetic"" principle, wherein the molecule contains a hydroxyethylene scaffold which mimics the normal peptide linkage (cleaved by HIV protease) but which itself cannot be cleaved.<ref>5</ref> By preventing HIV-1 protease activity, and thus the proteolysis of the Gag polyprotein, lopinavir results in the production of immature, non-infectious viral particles.","Lopinavir inhibits the activity of an enzyme critical for the HIV viral lifecycle.<ref><ref>7</ref></ref> It has a moderate duration of action necessitating once or twice daily dosing.<ref><ref>7</ref></ref> Lopinavir, like other protease inhibitors, has a propensity for participating in drug interactions - use caution when administering lopinavir to patients maintained on other pharmaceutical agents as pharmacodynamic and pharmacokinetic interactions are common. Fatal hepatotoxicity and pancreatitis have been noted in patients undergoing therapy with lopinavir and patients with an increased baseline risk of these events should be monitored closely throughout therapy.<ref><ref>7</ref></ref>","When administered alone, lopinavir has exceptionally low oral bioavailability (~25%) - for this reason, it is exclusively co-administered with ritonavir, which dramatically improves bioavailability, hinders drug metabolism, and allows for the attainment of therapeutic lopinavir concentrations.<ref>3</ref>,<ref>4</ref> Following oral administration of lopinavir/ritonavir, maximal plasma concentrations are achieved at approximately 4.4 hours (Tmax), and the Cmax and AUCtau are 9.8 ± 3.<ref>7</ref> - 11.8 ± 3.<ref>7</ref> µg/mL and 92.6 ± 36.<ref>7</ref> - 154.1 ± 61.4 μg•h/mL, respectively.<ref>7</ref>
Relative to administration in the fasted state, administration with a meal increases the AUC of the tablet formulation slightly (~19%) but dramatically increases the AUC of the oral solution formulation (~130%).<ref>7</ref>",The volume of distribution of lopinavir following oral administration is approximately 16.9 L.<ref>7</ref>,"Lopinavir is >98% protein-bound in plasma.<ref>7</ref> It binds to both alpha-1-acid glycoprotein and albumin, but exhibits a greater affinity for alpha-1-acid glycoprotein.<ref>10</ref>","Lopinavir undergoes extensive oxidative metabolism, almost exclusively via hepatic CYP3A isozymes.<ref>10</ref> Co-administration with ritonavir, a potent inhibitor of CYP3A enzymes, helps to stave off lopinavir's biotransformation and increase plasma levels of active antiviral drug. Twelve metabolites have been identified in vitro, with the C-4 oxidation products M1, M3, and M4 being the predominant metabolites found in plasma.<ref>6</ref> The structures of these primary metabolites have been identified, but precise structural information regarding the remaining minor metabolites has not been elucidated.
Hover over products below to view reaction partners
Lopinavir
Lopinavir M2 metabolite
Lopinavir M3/M4 metabolite(s)
Lopinavir M1 metabolite","Lopinavir is primarily eliminated in the feces. Following oral administration, approximately <ref>10</ref>.4 ± 2.3% of the administered dose is excreted in the urine and 82.6 ± 2.5% is excreted in the feces.<ref>7</ref> Unchanged parent drug accounted for 2.2% and 19.8% of the administered dose in urine and feces, respectively.<ref>10</ref>",The elimination half-life of lopinavir is 6.9 ± 2.2 hours.<ref>7</ref>,"The estimated apparent clearance following oral administration is approximately 6-7 L/h.<ref>3</ref>,<ref>10</ref>","As lopinavir is only available in combination with ritonavir, experience with acute lopinavir overdose in isolation is limited. The risk related to overdose appears more pronounced in pediatric patients. One case report detailed a fatal cardiogenic shock in a 2.1kg infant following an approximately 10-fold overdose of Kaletra oral solution, while other reported reactions to overdose in infants include complete AV block, cardiomyopathy, lactic acidosis, and acute renal failure. The oral Kaletra solution is highly concentrated, posing a greater risk of overdose, and contains approximately 42% (v/v) ethanol, further increasing risk in children and infants.<ref>7</ref>
There is no antidote for lopinavir overdose. Treatment of overdose should consist largely of supportive measures and close observation of vital signs and clinical status of the affected patient. Consideration should be given to the removal of unabsorbed drug using gastric lavage or activated charcoal, if clinically indicated. Dialysis is unlikely to be of benefit as lopinavir is highly protein-bound, but may help to remove ethanol and propylene glycol from the circulation in the case of overdose with Kaletra oral solution.<ref>7</ref>","reference-A35954: Li F, Lu J, Ma X: CYP3A4-mediated lopinavir bioactivation and its inhibition by ritonavir. Drug Metab Dispos. 2012 Jan;40(1):18-24. doi: 10.1124/dmd.111.041400. Epub 2011 Sep 27. | https://go.drugbank.com/articles/A35954 || reference-A191712: Sundquist WI, Krausslich HG: HIV-1 assembly, budding, and maturation. Cold Spring Harb Perspect Med. 2012 Jul;2(7):a006924. doi: 10.1101/cshperspect.a006924. | https://go.drugbank.com/articles/A191712 || reference-A191715: Niu WJ, Sun T, Liu L, Liu XQ, Zhang RF, Yin L, Wang JR, Jia XF, Lu HZ, Zhong MK, Jiao Z, Zhang LJ: Population pharmacokinetics and dosing regimen optimisation of lopinavir in Chinese adults infected with HIV. Basic Clin Pharmacol Toxicol. 2019 Apr;124(4):456-465. doi: 10.1111/bcpt.13154. Epub 2018 Nov 23. | https://go.drugbank.com/articles/A191715 || reference-A191748: Sham HL, Kempf DJ, Molla A, Marsh KC, Kumar GN, Chen CM, Kati W, Stewart K, Lal R, Hsu A, Betebenner D, Korneyeva M, Vasavanonda S, McDonald E, Saldivar A, Wideburg N, Chen X, Niu P, Park C, Jayanti V, Grabowski B, Granneman GR, Sun E, Japour AJ, Leonard JM, Plattner JJ, Norbeck DW: ABT-378, a highly potent inhibitor of the human immunodeficiency virus protease. Antimicrob Agents Chemother. 1998 Dec;42(12):3218-24. | https://go.drugbank.com/articles/A191748 || reference-A191757: De Clercq E: Anti-HIV drugs: 25 compounds approved within 25 years after the discovery of HIV. Int J Antimicrob Agents. 2009 Apr;33(4):307-20. doi: 10.1016/j.ijantimicag.2008.10.010. Epub 2008 Dec 23. | https://go.drugbank.com/articles/A191757 || reference-A191919: Kumar GN, Jayanti V, Lee RD, Whittern DN, Uchic J, Thomas S, Johnson P, Grabowski B, Sham H, Betebenner D, Kempf DJ, Denissen JF: In vitro metabolism of the HIV-1 protease inhibitor ABT-378: species comparison and metabolite identification. Drug Metab Dispos. 1999 Jan;27(1):86-91. | https://go.drugbank.com/articles/A191919 || reference-L11163: FDA Approved Drug Products: Kaletra (lopinavir/ritonavir) for oral use | https://www.accessdata.fda.gov/drugsatfda_docs/label/2019/021251s058,021906s053lbl.pdf || reference-L12012: Nature Biotechnology: Coronavirus puts drug repurposing on the fast track | https://www.nature.com/articles/d41587-020-00003-1 || reference-L12060: CaymanChem: Lopinavir MSDS | https://www.caymanchem.com/msdss/13854m.pdf || reference-L12063: Health Canada Product Monograph: Kaletra (lopinavir/ritonavir) for oral use | https://pdf.hres.ca/dpd_pm/00053305.PDF"
tenofovir disoproxil fumarate,,,,,,,,,,,,,,
atazanavir,DB01072,Atazanavir is an antiviral protease inhibitor used in combination with other antiretrovirals for the treatment of HIV.,Atazanavir is indicated in combination with other antiretroviral agents for the treatment of HIV-1 infection in adults and pediatric patients 3 months of age and older weighing at least 5kg.<ref>9</ref> Atazanavir is also indicated in combination with cobicistat and other antiretrovirals for the treatment of HIV-1 infection in adults and pediatric patients weighing at least 35kg.<ref>8</ref>,"Atazanavir selectively inhibits the virus-specific processing of viral Gag and Gag-Pol polyproteins in HIV-1 infected cells by binding to the active site of HIV-1 protease, thus preventing the formation of mature virions. Atazanavir is not active against HIV-2.<ref>10</ref>","Atazanavir (ATV) is an azapeptide HIV-1 protease inhibitor (PI) with activity against Human Immunodeficiency Virus Type 1 (HIV-1). HIV-1 protease is an enzyme required for the proteolytic cleavage of the viral polyprotein precursors into the individual functional proteins found in infectious HIV-1. Atazanavir binds to the protease active site and inhibits the activity of the enzyme. This inhibition prevents cleavage of the viral polyproteins resulting in the formation of immature non-infectious viral particles. Protease inhibitors are almost always used in combination with at least two other anti-HIV drugs. Atazanivir is pharmacologically related but structurally different from other protease inhibitors and other currently available antiretrovirals.<ref>6</ref>
Atazanavir exhibits anti-HIV-1 activity with a mean 50% effective concentration (EC50) in the absence of human serum of 2 to 5 nM against a variety of laboratory and clinical HIV-1 isolates grown in peripheral blood mononuclear cells, macrophages, CEM-SS cells, and MT-2 cells.<ref><ref>10</ref></ref>
Atazanavir has activity against HIV-1 Group M subtype viruses A, B, C, D, AE, AG, F, G, and J isolates in cell culture. Atazanavir has variable activity against HIV-2 isolates (1.9-32 nM), with EC50 values above the EC50 values of failure isolates. Two-drug combination antiviral activity studies with atazanavir showed no antagonism in cell culture with PIs (amprenavir, indinavir, lopinavir, nelfinavir, ritonavir, and saquinavir), NNRTIs (delavirdine, efavirenz, and nevirapine), NRTIs (abacavir, didanosine, emtricitabine, lamivudine, stavudine, tenofovir DF, and zidovudine), the HIV-1 fusion inhibitor enfuvirtide, and two compounds used in the treatment of viral hepatitis, adefovir and ribavirin, without enhanced cytotoxicity.<ref><ref>10</ref></ref>
HIV-1 isolates with a decreased susceptibility to atazanavir have been selected in cell culture and obtained from patients treated with atazanavir or atazanavir with ritonavir. HIV-1 isolates with 93- to 183-fold reduced susceptibility to atazanavir from three different viral strains were selected in cell culture for 5 months. The substitutions in these HIV-1 viruses that contributed to atazanavir resistance include I50L, N88S, I84V, A71V, and M4<ref>6</ref>I. Changes were also observed at the protease cleavage sites following drug selection. Recombinant viruses containing the I50L substitution without other major PI substitutions were growth impaired and displayed increased susceptibility in cell culture to other PIs (amprenavir, indinavir, lopinavir, nelfinavir, ritonavir, and saquinavir). The I50L and I50V substitutions yielded selective resistance to atazanavir and amprenavir, respectively, and did not appear to be cross-resistant.<ref><ref>10</ref></ref>
Concentration- and dose-dependent prolongation of the PR interval in the electrocardiogram has been observed in healthy subjects receiving atazanavir. In placebo-controlled Study AI424-07<ref>6</ref>, the mean (±SD) maximum change in PR interval from the predose value was 24 (±15) msec following oral dosing with 400 mg of atazanavir (n=<ref>6</ref>5) compared to 13 (±11) msec following dosing with placebo (n=<ref>6</ref>7). The PR interval prolongations in this study were asymptomatic. There is limited information on the potential for a pharmacodynamic interaction in humans between atazanavir and other drugs that prolong the PR interval of the electrocardiogram.
Electrocardiographic effects of atazanavir were determined in a clinical pharmacology study of 72 healthy subjects. Oral doses of 400 mg (maximum recommended dosage) and 800 mg (twice the maximum recommended dosage) were compared with placebo; there was no concentration-dependent effect of atazanavir on the QTc interval (using Fridericia’s correction). In 1793 subjects with HIV-1 infection, receiving antiretroviral regimens, QTc prolongation was comparable in the atazanavir and comparator regimens. No atazanavir-treated healthy subject or subject with HIV-1 infection in clinical trials had a QTc interval >500 msec","Atazanavir is rapidly absorbed with a Tmax of approximately 2.5 hours. Atazanavir demonstrates nonlinear pharmacokinetics with greater than dose-proportional increases in AUC and Cmax values over the dose range of 200 to 800 mg once daily. A steady state is achieved between Days 4 and 8, with an accumulation of approximately 2.3-fold.<ref><ref>10</ref></ref>
Administration of atazanavir with food enhances bioavailability and reduces pharmacokinetic variability. Administration of a single 400-mg dose of atazanavir with a light meal (357 kcal, 8.2 g fat, <ref><ref>10</ref></ref>.6 g protein) resulted in a 70% increase in AUC and 57% increase in Cmax relative to the fasting state. Administration of a single 400-mg dose of atazanavir with a high-fat meal (721 kcal, 37.3 g fat, 29.4 g protein) resulted in a mean increase in AUC of 35% with no change in Cmax relative to the fasting state. Administration of atazanavir with either a light or high-fat meal decreased the coefficient of variation of AUC and Cmax by approximately one-half compared to the fasting state.<ref><ref>10</ref></ref>
Coadministration of a single 300-mg dose of atazanavir and a <ref><ref>10</ref></ref>0-mg dose of ritonavir with a light meal (336 kcal, 5.1 g fat, 9.3 g protein) resulted in a 33% increase in the AUC and a 40% increase in both the Cmax and the 24-hour concentration of atazanavir relative to the fasting state. Coadministration with a high-fat meal (951 kcal, 54.7 g fat, 35.9 g protein) did not affect the AUC of atazanavir relative to fasting conditions and the Cmax was within 11% of fasting values. The 24-hour concentration following a high-fat meal was increased by approximately 33% due to delayed absorption; the median Tmax increased from 2.0 to 5.0 hours. Coadministration of atazanavir with ritonavir with either a light or a high-fat meal decreased the coefficient of variation of AUC and Cmax by approximately 25% compared to the fasting state.<ref><ref>10</ref></ref>","In patients with HIV infection, the volume of distribution of atazanavir was estimated to be 88.3 L.<ref>7</ref>","Atazanavir is 86% bound to human serum proteins and protein binding is independent of concentration. Atazanavir binds to both alpha-1-acid glycoprotein (AAG) and albumin to a similar extent (89% and 86%, respectively).<ref>10</ref>","Atazanavir is extensively metabolized in humans. The major biotransformation pathways of atazanavir in humans consisted of monooxygenation and dioxygenation. Other minor biotransformation pathways for atazanavir or its metabolites consisted of glucuronidation, N-dealkylation, hydrolysis, and oxygenation with dehydrogenation. Two minor metabolites of atazanavir in plasma have been characterized. Neither metabolite demonstrated in vitro antiviral activity. In vitro studies using human liver microsomes suggested that atazanavir is metabolized by CYP3A.<ref>10</ref>","Following a single 400-mg dose of 14C-atazanavir, 79% and 13% of the total radioactivity was recovered in the feces and urine, respectively. Unchanged drugs accounted for approximately 20% and 7% of the administered dose in the feces and urine, respectively.<ref>10</ref>",The mean elimination half-life of atazanavir in healthy subjects (n=214) and adult subjects with HIV-1 infection (n=13) was approximately 7 hours at steady state following a dose of 400 mg daily with a light meal. Elimination half-life in hepatically impaired is 12.1 hours (following a single 400 mg dose).<ref>10</ref>,"In patients with HIV infection, the clearance of atazanavir was estimated to be 12.9 L/hr.<ref>7</ref>",Not Available,"reference-A1692: Croom KF, Dhillon S, Keam SJ: Atazanavir: a review of its use in the management of HIV-1 infection. Drugs. 2009 May 29;69(8):1107-40. doi: 10.2165/00003495-200969080-00009. | https://go.drugbank.com/articles/A1692 || reference-A1693: von Hentig N: Atazanavir/ritonavir: a review of its use in HIV therapy. Drugs Today (Barc). 2008 Feb;44(2):103-32. doi: 10.1358/dot.2008.44.2.1137107. | https://go.drugbank.com/articles/A1693 || reference-A1694: Swainston Harrison T, Scott LJ: Atazanavir: a review of its use in the management of HIV infection. Drugs. 2005;65(16):2309-36. | https://go.drugbank.com/articles/A1694 || reference-A1695: Le Tiec C, Barrail A, Goujard C, Taburet AM: Clinical pharmacokinetics and summary of efficacy and tolerability of atazanavir. Clin Pharmacokinet. 2005;44(10):1035-50. | https://go.drugbank.com/articles/A1695 || reference-A1696: Lopez-Cortes LF: [Pharmacology, pharmacokinetic features and interactions of atazanavir]. Enferm Infecc Microbiol Clin. 2008 Dec;26 Suppl 17:2-8. doi: 10.1016/S0213-005X(08)76613-8. | https://go.drugbank.com/articles/A1696 || reference-A1697: Busti AJ, Hall RG, Margolis DM: Atazanavir for the treatment of human immunodeficiency virus infection. Pharmacotherapy. 2004 Dec;24(12):1732-47. | https://go.drugbank.com/articles/A1697 || reference-A261971: Colombo S, Buclin T, Cavassini M, Decosterd LA, Telenti A, Biollaz J, Csajka C: Population pharmacokinetics of atazanavir in patients with human immunodeficiency virus infection. Antimicrob Agents Chemother. 2006 Nov;50(11):3801-8. doi: 10.1128/AAC.00098-06. Epub 2006 Aug 28. | https://go.drugbank.com/articles/A261971 || reference-L37599: FDA Approved Drug Products: Evotaz (atazanavir and cobicistat) oral tablets | https://www.accessdata.fda.gov/drugsatfda_docs/label/2020/206353s007lbl.pdf || reference-L37604: FDA Approved Drug Products: Reyataz (atazanavir) for oral use | https://www.accessdata.fda.gov/drugsatfda_docs/label/2020/021567s044,206352s008lbl.pdf || reference-L48636: FDA Approved Drug Products: REYATAZ (atazanavir) capsules/oral powder, for oral use | https://www.accessdata.fda.gov/drugsatfda_docs/label/2023/021567s048,206352s010lbl.pdf"
furosemide,DB00695,"Furosemide is a loop diuretic used to treat hypertension and edema in congestive heart failure, liver cirrhosis, renal disease, and hypertension.","Furosemide is indicated for the treatment of edema associated with congestive heart failure, cirrhosis of the liver, and renal disease, including the nephrotic syndrome, in adults and pediatric patients.<ref>9</ref> Oral furosemide is indicated alone for the management of mild to moderate hypertension or severe hypertension in combination with other antihypertensive medications.<ref>12</ref> Intravenous furosemide is indicated as adjunctive therapy in acute pulmonary edema when a rapid onset of diuresis is desired.<ref>9</ref> Subcutaneous furosemide is indicated for the treatment of congestion due to fluid overload in adults with NYHA Class II/III chronic heart failure. This drug formulation is not indicated for emergency situations or in patients with acute pulmonary edema.<ref>13</ref>","Furosemide promotes diuresis by blocking tubular reabsorption of sodium and chloride in the proximal and distal tubules, as well as in the thick ascending loop of Henle. This diuretic effect is achieved through the competitive inhibition of sodium-potassium-chloride cotransporters (NKCC2) expressed along these tubules in the nephron, preventing the transport of sodium ions from the lumenal side into the basolateral side for reabsorption. This inhibition results in increased excretion of water along with sodium, chloride, magnesium, calcium, hydrogen, and potassium ions.<ref>10</ref> As with other loop diuretics, furosemide decreases the excretion of uric acid.<ref>8</ref>
Furosemide exerts direct vasodilatory effects, which results in its therapeutic effectiveness in the treatment of acute pulmonary edema. Vasodilation leads to reduced responsiveness to vasoconstrictors, such as angiotensin II and noradrenaline, and decreased production of endogenous natriuretic hormones with vasoconstricting properties. It also leads to increased production of prostaglandins with vasodilating properties. Furosemide may also open potassium channels in resistance arteries.<ref>8</ref> The main mechanism of action of furosemide is independent of its inhibitory effect on carbonic anhydrase and aldosterone.<ref>9</ref>","Furosemide manages hypertension and edema associated with congestive heart failure, cirrhosis, and renal disease, including the nephrotic syndrome. Furosemide is a potent loop diuretic that works to increase the excretion of Na+ and water by the kidneys by inhibiting their reabsorption from the proximal and distal tubules, as well as the loop of Henle.<ref><ref>9</ref></ref> It works directly acts on the cells of the nephron and indirectly modifies the content of the renal filtrate.<ref>8</ref> Ultimately, furosemide increases the urine output by the kidney. Protein-bound furosemide is delivered to its site of action in the kidneys and secreted via active secretion by nonspecific organic transporters expressed at the luminal site of action.4,<ref><ref>9</ref></ref>
Following oral administration, the onset of the diuretic effect is about 1 and 1.5 hours <ref><ref>9</ref></ref>, and the peak effect is reached within the first 2 hours.<ref>10</ref> The duration of effect following oral administration is about 4-6 hours but may last up to <ref>8</ref> hours.<ref>12</ref> Following intravenous administration, the onset of effect is within 5 minutes, and the peak effect is reached within 30 minutes. The duration of action following intravenous administration is approximately 2 hours. Following intramuscular administration, the onset of action is somewhat delayed.<ref><ref>9</ref></ref>","Following oral administration, furosemide is absorbed from the gastrointestinal tract.<ref>12</ref> It displays variable bioavailability from oral dosage forms, ranging from 10 to <ref>9</ref>0%.<ref>4</ref> The oral bioavailability of furosemide from oral tablets or oral solution is about 6<ref>4</ref>% and 60%, respectively, of that from an intravenous injection of the drug.<ref>9</ref>",The volume of distribution following intravenous administration of 40 mg furosemide were 0.181 L/kg in healthy subjects and 0.140 L/kg in patients with heart failure.<ref>6</ref>,Plasma concentrations ranging from 1 to 400 mcg/mL are about <ref>9</ref>1-<ref>9</ref><ref>9</ref>% bound in healthy individuals. The unbound fraction is about 2.3-4.1% at therapeutic concentrations.<ref>12</ref> Furosemide mainly binds to serum albumin.<ref>9</ref>,"The metabolism of furosemide occurs mainly in the kidneys and the liver, to a smaller extent. The kidneys are responsible for about 8<ref>5</ref>% of total furosemide total clearance, where about 40% involves biotransformation.<ref>5</ref> Two major metabolites of furosemide are furosemide glucuronide, which is pharmacologically active, and saluamine (CSA) or 4-chloro-<ref>5</ref>-sulfamoylanthranilic acid.<ref>2</ref>
Hover over products below to view reaction partners
Furosemide
4-chloro-<ref>5</ref>-sulfamoylanthranilic acid
Furosemide glucuronide","The kidneys are responsible for 8<ref>5</ref>% of total furosemide total clearance, where about <ref>4</ref>3% of the drug undergoes renal excretion.<ref>5</ref> Significantly more furosemide is excreted in urine following the I.V. injection than after the tablet or oral solution. Approximately <ref>5</ref>0% of the furosemide load is excreted unchanged in urine, and the rest is metabolized into glucuronide in the kidney.<ref>4</ref>",The half-life from the dose of 40 mg furosemide was 4 hours following oral administration and 4.5 hours following intravenous administration. The terminal half-life of furosemide is approximately 2 hours following parenteral administration.<ref>9</ref> The terminal half-life may be increased up to 24 hours in patients with severe renal failure.<ref>12</ref>,"Following intravenous administration of 400 mg furosemide, the plasma clearance was 1.23 mL/kg/min in patients with heart failure and 2.34 mL/kg/min in healthy subjects, respectively.<ref>6</ref>","Clinical consequences from overdose depend on the extent of electrolyte and fluid loss and include dehydration, blood volume reduction, hypotension, electrolyte imbalance, hypokalemia, hypochloremic alkalosis,<ref>9</ref> hemoconcentration, cardiac arrhythmias (including A-V block and ventricular fibrillation).<ref>12</ref> Symptoms of overdose include acute renal failure, thrombosis, delirious states, flaccid paralysis, apathy and confusion. In cirrhotic patients, overdosage might precipitate hepatic coma.<ref>12</ref>
In rats, the oral LD50, intraperitoneal LD50, and subcutaneous LD50 is 2600 mg/kg, 800 mg/kg, and 4600 mg/kg, respectively. The Lowest published toxic dose (TDLo) in a female is 6250 μg/kg.<ref>11</ref>","reference-A182495: Prandota J: Clinical pharmacology of furosemide in children: a supplement. Am J Ther. 2001 Jul-Aug;8(4):275-89. | https://go.drugbank.com/articles/A182495 || reference-A183281: Ponto LL, Schoenwald RD: Furosemide (frusemide). A pharmacokinetic/pharmacodynamic review (Part I). Clin Pharmacokinet. 1990 May;18(5):381-408. doi: 10.2165/00003088-199018050-00004. | https://go.drugbank.com/articles/A183281 || reference-A183284: Prandota J: Furosemide: progress in understanding its diuretic, anti-inflammatory, and bronchodilating mechanism of action, and use in the treatment of respiratory tract diseases. Am J Ther. 2002 Jul-Aug;9(4):317-28. | https://go.drugbank.com/articles/A183284 || reference-A31831: Oh SW, Han SY: Loop Diuretics in Clinical Practice. Electrolyte Blood Press. 2015 Jun;13(1):17-21. doi: 10.5049/EBP.2015.13.1.17. Epub 2015 Jun 30. | https://go.drugbank.com/articles/A31831 || reference-A183563: Pichette V, du Souich P: Role of the kidneys in the metabolism of furosemide: its inhibition by probenecid. J Am Soc Nephrol. 1996 Feb;7(2):345-9. | https://go.drugbank.com/articles/A183563 || reference-A188838: Andreasen F, Mikkelsen E: Distribution, elimination and effect of furosemide in normal subjects and in patients with heart failure. Eur J Clin Pharmacol. 1977 Aug 17;12(1):15-22. doi: 10.1007/bf00561400. | https://go.drugbank.com/articles/A188838 || reference-A189315: Perez J, Sitar DS, Ogilvie RI: Biotransformation of furosemide in patients with acute pulmonary edema. Drug Metab Dispos. 1979 Nov-Dec;7(6):383-7. | https://go.drugbank.com/articles/A189315 || reference-T28: 28. (2012). In Rang and Dale's Pharmacology (7th ed., pp. 352-354). Edinburgh: Elsevier/Churchill Livingstone. [ISBN:978-0-7020-3471-8] | https://www.google.com/search?tbo=p&tbm=bks&q=978-0-7020-3471-8 || reference-L7958: FDA Approved Drug Products: Furosemide Injection, for intravenous or intramuscular use | https://www.accessdata.fda.gov/drugsatfda_docs/label/2016/018667s036lbl.pdf || reference-L7961: Furosemide - StatPearls - NCBI Bookshelf | https://www.ncbi.nlm.nih.gov/books/NBK499921/ || reference-L7964: Furosemide SAFETY DATA SHEET - Cayman Chemical | https://www.caymanchem.com/msdss/17273m.pdf || reference-L9659: Lasix Oral (furosemide) Product Monograph | http://products.sanofi.ca/en/lasix.pdf || reference-L43408: FDA Approved Drug Products: Furoscix (furosemide injection), for subcutaneous use (October 2022) | https://www.furoscix.com/wp-content/uploads/2022/10/prescribing-information.pdf"
clonidine,DB00575,"Clonidine is an alpha-2 adrenergic agonist used to treat hypertension and severe cancer pain, among other conditions, and to treat withdrawal symptoms from various substances. It is also used to aid in the diagnosis of pheochromocytoma and to prevent migraines.","Clonidine tablets and transdermal systems are indicated for the treatment of hypertension alone or in combination with other medications.<ref>8</ref>,<ref>9</ref> A clonidine injection is indicated for use with opiates in the treatment of severe cancer pain where opiates alone are insufficient.<ref>10</ref> An extended release tablet of clonidine is indicated for the treatment of ADHD either alone or in combination with other medications.<ref>11</ref> Clonidine is also used for the diagnosis of pheochromocytoma,<ref>3</ref> treatment of nicotine dependance,<ref>4</ref> and opiate withdrawal.<ref>5</ref> Additionally, clonidine is also indicated for the treatment of Attention Deficit Hyperactivity Disorder (ADHD) as a monotherapy or as an adjunctive therapy to central nervous system (CNS) stimulant medications in pediatric patients 6 years of age and older.1<ref>3</ref>,1<ref>4</ref>","Clonidine is primarily an alpha-<ref><ref><ref><ref><ref><ref><ref><ref>2</ref></ref></ref></ref></ref></ref></ref></ref> adrenoceptor agonist which causes central hypotensive and anti-arrhythmogenic effects.<ref><ref><ref><ref><ref><ref><ref><ref>2</ref></ref></ref></ref></ref></ref></ref></ref> The alpha-<ref><ref><ref><ref><ref><ref><ref><ref>2</ref></ref></ref></ref></ref></ref></ref></ref> adrenoceptor is coupled to the G-proteins Go and Gi.<ref><ref><ref><ref><ref><ref><ref><ref>2</ref></ref></ref></ref></ref></ref></ref></ref> Gi inhibits adenylyl cyclase and activates opening of a potassium channel that causes hyperpolarization.<ref><ref><ref><ref><ref><ref><ref><ref>2</ref></ref></ref></ref></ref></ref></ref></ref> Clonidine binding to the alpha-<ref><ref><ref><ref><ref><ref><ref><ref>2</ref></ref></ref></ref></ref></ref></ref></ref> adrenoceptor causes structural changes in the alpha subunit of the G-protein, reducing its affinity for GDP.<ref><ref><ref><ref><ref><ref><ref><ref>2</ref></ref></ref></ref></ref></ref></ref></ref> Magnesium catalyzes the replacement of GDP with GTP.<ref><ref><ref><ref><ref><ref><ref><ref>2</ref></ref></ref></ref></ref></ref></ref></ref> The alpha subunit dissociates from the other subunits and associates with an effector.<ref><ref><ref><ref><ref><ref><ref><ref>2</ref></ref></ref></ref></ref></ref></ref></ref>
The stimulation of alpha-<ref><ref><ref><ref><ref><ref><ref><ref>2</ref></ref></ref></ref></ref></ref></ref></ref> adrenoceptors in the locus coeruleus may be responsible for the hypnotic effects of clonidine as this region of the brain helps regulate wakefulness.<ref><ref><ref><ref><ref><ref><ref><ref>2</ref></ref></ref></ref></ref></ref></ref></ref> Clonidine can also decrease transmission of pain signals at the spine.<ref><ref><ref><ref><ref><ref><ref><ref>2</ref></ref></ref></ref></ref></ref></ref></ref> Finally clonidine can affect regulators of blood pressure in the ventromedial and rostral-ventrolateral areas of the medulla.<ref><ref><ref><ref><ref><ref><ref><ref>2</ref></ref></ref></ref></ref></ref></ref></ref>","Clonidine functions through agonism of alpha-<ref>2</ref> adrenoceptors which have effects such as lowering blood pressure, sedation, and hyperpolarization of nerves.<ref>2</ref> It has a long duration of action as it is given twice daily and the therapeutic window is between 0.1mg and <ref>2</ref>.4mg daily.<ref>8</ref>,<ref>9</ref>,<ref>10</ref>,<ref>11</ref>","Clonidine reaches maximum concentration in <ref>6</ref>0-90 minutes after oral administration.<ref>2</ref>,<ref>6</ref> Race and fasting status do not influence pharmacokinetics of clonidine.<ref>8</ref>
A 100µg oral clonidine tablet reaches a Cmax of 400.72pg/mL with an AUC of 5<ref>6</ref>0<ref>6</ref>.7<ref>8</ref>h*pg/mL and a bioavailability of 55-<ref>8</ref>7%.<ref>6</ref>","The volume of distribution of clonidine has been reported as 1.7-<ref>2</ref>.5L/kg<ref>2</ref>, <ref>2</ref>.<ref>9</ref>L/kg<ref>9</ref>, or <ref>2</ref>.1±0.4L/kg<ref>10</ref> depending on the source.","Clonidine is 20-40% bound to plasma proteins, especially albumin.<ref>2</ref>,<ref>10</ref>","The metabolism of clonidine is poorly understood.<ref>7</ref> The main reaction in clonidine metabolism is the 4-hydroxylation of clonidine by CYP2D6, CYP1A2, CYP3A4, CYP1A1, and CYP3A5.<ref>7</ref>
Clonidine is <50% metabolized in the liver to inactive metabolites.<ref>2</ref>,<ref>8</ref>,<ref>9</ref>,<ref>10</ref>,<ref>11</ref>
Hover over products below to view reaction partners
Clonidine
4-Hydroxyclonidine","Approximately 50% of a clonidine dose is excreted in the urine as the unchanged drug and 20% is eliminated in the feces.<ref>2</ref>,<ref>8</ref>",The elimination half life after epidural administration is 30 minutes but otherwise can range from 6-<ref>2</ref>3h.<ref>2</ref>,The clearance of clonidine is 1.9-4.3mL/min/kg.<ref>2</ref>,"Oral LD50 is <ref>12</ref>6 mg/kg in rats.<ref>12</ref> The TDLO is 70µg/kg in children, <ref>12</ref>6µg/kg in women, and 69µg/kg in men.<ref>12</ref>
Symptoms of overdose include hypertension followed by hypotension, bradycardia, respiratory depression, hypothermia, drowsiness, decreased reflexes, weakness, irritability, and miosis.<ref>8</ref>,<ref>9</ref>,<ref>10</ref>,<ref>11</ref> Severe overdoses can cause reversible cardiac conduction defects or dysrhythmias, apnea, coma, and seizures.<ref>8</ref>,<ref>9</ref>,<ref>10</ref>,<ref>11</ref> Induction of vomiting is not recommended due to CNS depression but gastric lavage or activated charcoal may be useful in recent ingestion.<ref>8</ref>,<ref>9</ref>,<ref>10</ref>,<ref>11</ref> Dialysis is also unlikely to be beneficial.<ref>8</ref>,<ref>9</ref>,<ref>10</ref>,<ref>11</ref> Overdose can be treated with supportive measures such as atropine sulfate for bradycardia, intravenous fluids or vasopressors for hypotension, vasodilators for hypertension, naloxone for respiratory depression, and blood pressure monitoring.<ref>8</ref>,<ref>9</ref>,<ref>10</ref>,<ref>11</ref>","reference-A899: Hossmann V, Maling TJ, Hamilton CA, Reid JL, Dollery CT: Sedative and cardiovascular effects of clonidine and nitrazepam. Clin Pharmacol Ther. 1980 Aug;28(2):167-76. | https://go.drugbank.com/articles/A899 || reference-A180559: Khan ZP, Ferguson CN, Jones RM: alpha-2 and imidazoline receptor agonists. Their pharmacology and therapeutic role. Anaesthesia. 1999 Feb;54(2):146-65. doi: 10.1046/j.1365-2044.1999.00659.x. | https://go.drugbank.com/articles/A180559 || reference-A180565: Sjoberg RJ, Simcic KJ, Kidd GS: The clonidine suppression test for pheochromocytoma. A review of its utility and pitfalls. Arch Intern Med. 1992 Jun;152(6):1193-7. | https://go.drugbank.com/articles/A180565 || reference-A180568: Sliwinska-Mosson M, Zielen I, Milnerowicz H: New trends in the treatment of nicotine addiction. Acta Pol Pharm. 2014 Jul-Aug;71(4):525-30. | https://go.drugbank.com/articles/A180568 || reference-A180571: Fresquez-Chavez KR, Fogger S: Reduction of opiate withdrawal symptoms with use of clonidine in a county jail. J Correct Health Care. 2015 Jan;21(1):27-34. doi: 10.1177/1078345814557630. Epub 2014 Nov 26. | https://go.drugbank.com/articles/A180571 || reference-A180577: Vasseur B, Dufour A, Houdas L, Goodwin H, Harries K, Emul NY, Hutchings S: Comparison of the Systemic and Local Pharmacokinetics of Clonidine Mucoadhesive Buccal Tablets with Reference Clonidine Oral Tablets in Healthy Volunteers: An Open-Label Randomised Cross-Over Trial. Adv Ther. 2017 Aug;34(8):2022-2032. doi: 10.1007/s12325-017-0585-9. Epub 2017 Jul 19. | https://go.drugbank.com/articles/A180577 || reference-A14844: Claessens AJ, Risler LJ, Eyal S, Shen DD, Easterling TR, Hebert MF: CYP2D6 mediates 4-hydroxylation of clonidine in vitro: implication for pregnancy-induced changes in clonidine clearance. Drug Metab Dispos. 2010 Sep;38(9):1393-6. doi: 10.1124/dmd.110.033878. Epub 2010 Jun 22. | https://go.drugbank.com/articles/A14844 || reference-L7237: FDA Approved Drug Products: Catapres Clonidine Hydrochloride Oral Tablets | https://www.accessdata.fda.gov/scripts/cder/daf/index.cfm?event=overview.process&ApplNo=017407 || reference-L7240: FDA Approved Drug Products: Catapres Clonidine Transdermal System | https://www.accessdata.fda.gov/drugsatfda_docs/label/2012/018891s028lbl.pdf || reference-L7243: FDA Approved Drug Products: Duraclon Clonidine Hydrochloride Injection Solution | https://www.accessdata.fda.gov/drugsatfda_docs/label/2010/020615s003lbl.pdf || reference-L7246: FDA Approved Drug Products: Kapvay (clonidine hydrochloride) Oral Extended Release Tablets | https://www.accessdata.fda.gov/drugsatfda_docs/label/2020/022331s021lbl.pdf || reference-L7276: Cayman Chemicals: Clonidine MSDS | https://www.caymanchem.com/msdss/15949m.pdf || reference-L52295: FDA Approved Drug Products: ONYDA XR (clonidine hydrochloride) extended-release oral suspension (June 2024) | https://www.accessdata.fda.gov/drugsatfda_docs/label/2024/217645s001lbl.pdf || reference-L52300: FDA Approved Drug Products: ONYDA XR (clonidine hydrochloride) extended-release oral suspension (July 2024) | https://www.trispharma.com/generic/ONYDA%20XR%20Full%20Prescribing%20Information.pdf"
deferasirox,DB01609,"Deferasirox is an iron chelator used to treat chronic iron overload caused by blood transfusions. Also used in patients with non-transfusion-dependent thalassemia syndromes, and in patients with elevated liver iron concentration and serum ferritin.",For the treatment of chronic iron overload due to blood transfusions (transfusional hemosiderosis) in patients 2 years of age and older.,"Two molecules of deferasirox are capable of binding to 1 atom of iron. Deferasirox works in treating iron toxicity by binding trivalent (ferric) iron (for which it has a strong affinity), forming a stable complex which is eliminated via the kidneys.",Deferasirox is an orally active chelator that is selective for iron (as Fe3+). It is a tridentate ligand that binds iron with high affinity in a 2:1 ratio. Although deferasirox has very low affinity for zinc and copper there are variable decreases in the serum concentration of these trace metals after the administration of deferasirox. The clinical significance of these decreases is uncertain.,The absolute bioavailability (AUC) of deferasirox tablets for oral suspension is 70% compared to an intravenous dose.,14.37 ± 2.69 L,Deferasirox is highly (~99%) protein bound almost exclusively to serum albumin.,"Hepatic. CYP450-catalyzed (oxidative) metabolism of deferasirox appears to be minor in humans (about 8%). Glucuronidation is the main metabolic pathway for deferasirox, with subsequent biliary excretion.",Deferasirox and metabolites are primarily (84% of the dose) excreted in the feces. Renal excretion of deferasirox and metabolites is minimal (8% of the administered dose).,The mean elimination half-life ranged from 8 to 16 hours following oral administration.,Not Available,Not Available,No general references available
oxycodone,DB00497,Oxycodone is an opioid used in the management of moderate to severe pain.,Oxycodone is indicated for the treatment of moderate to severe pain.<ref><ref>Label</ref></ref> There is also an extended release formulation indicated for chronic moderate to severe pain requiring continuous opioid analgesics for an extended period.<ref><ref>Label</ref></ref>,"The full mechanism of oxycodone is not known.<ref>Label</ref> Under conditions of inflammation or hyperalgesia, opioid receptors in the heart, lungs, liver, gastrointestinal tract, and reproductive system are upregulated and transported to nerve terminals.<ref><ref>3</ref></ref> Oxycodone and its active metabolites, noroxycodone, oxymorphone, and noroxymorphone are opioid agonists.<ref>1</ref> These compounds passively diffuse across the blood brain barrier or may be actively transported across by an unknown mechanism.<ref><ref>3</ref></ref> Oxycodone and its active metabolites can selectively bind to the mu opioid receptor, but also the kappa and delta opioid receptors in the central nervous system and periphery, and induce a G protein coupled receptor signalling pathway.<ref><ref>3</ref></ref> Activation of mu opioid receptors inhibits N-type voltage operated calcium channels, inhibiting responses to pain.<ref>4</ref>","Oxycodone acts directly on a number of tissues not related to its analgesic effect. These tissues include the respiratory centre in the brain stem, the cough centre in the medulla, muscles of the pupils, gastrointestinal tract, cardiovascular system, endocrine system, and immune system.<ref><ref><ref><ref><ref><ref><ref>Label</ref></ref></ref></ref></ref></ref></ref> Oxycodone's effect on the respiratory centre is dose dependant respiratory depression.<ref><ref><ref><ref><ref><ref><ref>Label</ref></ref></ref></ref></ref></ref></ref> The action on the cough centre is suppression of the cough reflex.<ref><ref><ref><ref><ref><ref><ref>Label</ref></ref></ref></ref></ref></ref></ref> Pupils become miopic or decrease in size, peristalsis of the gastrointestinal tract slows, and muscle tone in the colon may increase causing constipation.<ref><ref><ref><ref><ref><ref><ref>Label</ref></ref></ref></ref></ref></ref></ref> In the cardiovascular system histamine may be released leading to pruritis, red eyes, flushing, sweating, and decreased blood pressure.<ref><ref><ref><ref><ref><ref><ref>Label</ref></ref></ref></ref></ref></ref></ref> Endocrine effects may include increased prolactin, decreased cortisol, and decreased testosterone.<ref><ref><ref><ref><ref><ref><ref>Label</ref></ref></ref></ref></ref></ref></ref> It is not yet known if the effects of opioids on the immune system are clinically significant.<ref><ref><ref><ref><ref><ref><ref>Label</ref></ref></ref></ref></ref></ref></ref>","Oxycodone has an oral bioavailability of 60% to 87% that is unaffected by food.<ref><ref>Label</ref></ref>
The area under the curve is 135ng/mL*hr, maximum plasma concentration is 11.5ng/mL, and time to maximum concentration is 5.11hr in patients given a 10mg oral immediate release dose of oxycodone.<ref><ref>Label</ref></ref>",2.6L/kg.<ref>Label</ref>,45%.<ref>Label</ref> Oxycodone is primarily bound to serum albumin and to a lesser degree alpha1-acid glycoprotein.<ref>2</ref>,"Oxycodone's hepatic metabolism is extensive and completed by 4 main reactions. CYP3A4 and 3A5 perform N-demethylation, CYP2D6 performs O-demethylation, unknown enzymes perform 6-keto-reduction, and unknown enzymes perform conjugation.<ref><ref><ref><ref><ref><ref>1</ref></ref></ref></ref></ref></ref>
Oxycodone is metabolized by CYP3A4 and CYP3A5 to noroxycodone and then by CYP2D6 to noroxymorphone.<ref><ref><ref><ref><ref><ref>1</ref></ref></ref></ref></ref></ref> Noroxycodone and noroxymorphone are the primary circulating metabolites.<ref>Label</ref> Noroxycodone can also be 6-keto-reduced to alpha or beta noroxycodol.<ref><ref><ref><ref><ref><ref>1</ref></ref></ref></ref></ref></ref>
Oxycodone can be metabolized by CYP2D6 to oxymorphone and then by CYP3A4 to noroxymorphone.<ref><ref><ref><ref><ref><ref>1</ref></ref></ref></ref></ref></ref> Oxymorphone can also be 6-keto-reduced to alpha or beta oxymorphol.<ref><ref><ref><ref><ref><ref>1</ref></ref></ref></ref></ref></ref>
Oxycodone can also be 6-keto-reduced to alpha and beta oxycodol.<ref><ref><ref><ref><ref><ref>1</ref></ref></ref></ref></ref></ref>
The active metabolites noroxycodone, oxymorphone, and noroxymorphone can all be conjugated before elimination.<ref><ref><ref><ref><ref><ref>1</ref></ref></ref></ref></ref></ref>
Hover over products below to view reaction partners
Oxycodone
oxymorphone
noroxymorphone
alpha-oxymorphol + beta-oxymorphol
noroxycodone
noroxymorphone
alpha-noroxycodol + beta-noroxycodol
alpha-oxycodol + beta-oxycodol","Oxycodone and its metabolites are eliminated in the urine.<ref><ref><ref><ref>Label</ref></ref></ref></ref> Unbound noroxycodone makes up 23% of the dose recovered in urine and oxymorphone makes up <1%.<ref><ref><ref><ref>Label</ref></ref></ref></ref> Conjugated oxymorphone makes up 10% of the recovered dose.<ref><ref><ref><ref>Label</ref></ref></ref></ref> Free and conjugated oxycodone makes up 8.9% of the recovered dose, noroxymorphone makes up 14%, and reduced metabolites make up 18%.<ref><ref><ref><ref>Label</ref></ref></ref></ref>","The apparent elimination half life of oxycodone is 3.2 hours for immediate release formulations and 4.5 hours for extended release formulations.<ref>Label</ref> Noroxycodone has a half life of 5.8 hours, oxymorphone has a half life of 8.8 hours, noroxymorphone has a half life of 9 hours.<ref>1</ref>",Total plasma clearance is 1.4L/min in adults.<ref>Label</ref>,"Patients experiencing an overdose may present with respiratory depression, sleepiness, stupor, coma, skeletal muscle flaccidity, cold sweat, constricted pupils, bradycardia, hypotension, partial or complete airway obstruction, atypical snoring, and death.<ref><ref><ref><ref><ref><ref><ref><ref><ref><ref><ref><ref><ref>Label</ref></ref></ref></ref></ref></ref></ref></ref></ref></ref></ref></ref></ref> Overdose should be treated by maintaining airway, ventilation, and oxygenation.<ref><ref><ref><ref><ref><ref><ref><ref><ref><ref><ref><ref><ref>Label</ref></ref></ref></ref></ref></ref></ref></ref></ref></ref></ref></ref></ref> Oxygen and vasopressor treatment may be necessary to treat circulatory shock and pulmonary edema and defibrillation may be required for cardiac arrest of arrhythmia.<ref><ref><ref><ref><ref><ref><ref><ref><ref><ref><ref><ref><ref>Label</ref></ref></ref></ref></ref></ref></ref></ref></ref></ref></ref></ref></ref> Naloxone, nalmefene, or naltrexone may be used to counteract the effects of opioids but patients should be monitored in case further doses are required.<ref><ref><ref><ref><ref><ref><ref><ref><ref><ref><ref><ref><ref>Label</ref></ref></ref></ref></ref></ref></ref></ref></ref></ref></ref></ref></ref>
The intraperitoneal LD50 in mice is 320mg/kg, the oral LD50 is 426mg/kg.<ref><ref>MSDS</ref></ref> The oral lowest dose causing toxic effects in humans is 0.14mg/kg and subcutaneously in rats it is 1.53mg/kg.<ref><ref>MSDS</ref></ref>
Oxycodone is pregnancy category B according to the FDA.<ref><ref><ref><ref><ref><ref><ref><ref><ref><ref><ref><ref><ref>Label</ref></ref></ref></ref></ref></ref></ref></ref></ref></ref></ref></ref></ref> There is a paucity of data regarding oxycodone use in pregnancy, though animal studies show no teratogenic effects.<ref><ref><ref><ref><ref><ref><ref><ref><ref><ref><ref><ref><ref>Label</ref></ref></ref></ref></ref></ref></ref></ref></ref></ref></ref></ref></ref> Rats given oxycodone during lactation showed smaller offspring, though after lactation, they recovered to normal size.<ref><ref><ref><ref><ref><ref><ref><ref><ref><ref><ref><ref><ref>Label</ref></ref></ref></ref></ref></ref></ref></ref></ref></ref></ref></ref></ref> Oxycodone is excreted in breast milk and so patients should not breastfeed while taking oxycodone due to risk of sedation and respiratory depression in infants.<ref><ref><ref><ref><ref><ref><ref><ref><ref><ref><ref><ref><ref>Label</ref></ref></ref></ref></ref></ref></ref></ref></ref></ref></ref></ref></ref>
No studies on the carcinogenicity of oxycodone have been performed.<ref><ref><ref><ref><ref><ref><ref><ref><ref><ref><ref><ref><ref>Label</ref></ref></ref></ref></ref></ref></ref></ref></ref></ref></ref></ref></ref> Oxycodone was genotoxic at 50mcg/mL with metabolic activation and at 400mcg/mL without.<ref><ref><ref><ref><ref><ref><ref><ref><ref><ref><ref><ref><ref>Label</ref></ref></ref></ref></ref></ref></ref></ref></ref></ref></ref></ref></ref> It was also clastogenic with metabolic activation at ≥1250mcg/mL.<ref><ref><ref><ref><ref><ref><ref><ref><ref><ref><ref><ref><ref>Label</ref></ref></ref></ref></ref></ref></ref></ref></ref></ref></ref></ref></ref> Oxycodone was not found to be genotoxic in other tests.<ref><ref><ref><ref><ref><ref><ref><ref><ref><ref><ref><ref><ref>Label</ref></ref></ref></ref></ref></ref></ref></ref></ref></ref></ref></ref></ref> Oxycodone does not affect reproduction and fertility in rats at doses of up to 8mg/kg/day.<ref><ref><ref><ref><ref><ref><ref><ref><ref><ref><ref><ref><ref>Label</ref></ref></ref></ref></ref></ref></ref></ref></ref></ref></ref></ref></ref>","reference-A178639: DePriest AZ, Puet BL, Holt AC, Roberts A, Cone EJ: Metabolism and Disposition of Prescription Opioids: A Review. Forensic Sci Rev. 2015 Jul;27(2):115-45. | https://go.drugbank.com/articles/A178639 || reference-A18203: Leow KP, Wright AW, Cramond T, Smith MT: Determination of the serum protein binding of oxycodone and morphine using ultrafiltration. Ther Drug Monit. 1993 Oct;15(5):440-7. | https://go.drugbank.com/articles/A18203 || reference-A178696: Ruan X, Mancuso KF, Kaye AD: Revisiting Oxycodone Analgesia: A Review and Hypothesis. Anesthesiol Clin. 2017 Jun;35(2):e163-e174. doi: 10.1016/j.anclin.2017.01.022. Epub 2017 Mar 14. | https://go.drugbank.com/articles/A178696 || reference-A178735: Andrade A, Denome S, Jiang YQ, Marangoudakis S, Lipscombe D: Opioid inhibition of N-type Ca2+ channels and spinal analgesia couple to alternative splicing. Nat Neurosci. 2010 Oct;13(10):1249-56. doi: 10.1038/nn.2643. Epub 2010 Sep 19. | https://go.drugbank.com/articles/A178735 || reference-L6460: FDA Approved Drug Products: Percodan | https://www.accessdata.fda.gov/scripts/cder/daf/index.cfm?event=overview.process&ApplNo=007337 || reference-L49601: FDA Approved Drug Products: XTAMPZA ER (oxycodone) extended-release capsules, for oral use, CII | https://www.accessdata.fda.gov/drugsatfda_docs/label/2023/208090s021lbl.pdf"
glucarpidase,,,,,,,,,,,,,,
acetaminophen,DB00316,"Acetaminophen is an analgesic drug used alone or in combination with opioids for pain management, and as an antipyretic agent.","In general, acetaminophen is used for the treatment of mild to moderate pain and reduction of fever.<ref>23</ref> It is available over the counter in various forms, the most common being oral forms. Acetaminophen injection is indicated for the management of mild to moderate pain, the management of moderate to severe pain with adjunctive opioid analgesics, and the reduction of fever.<ref>22</ref> Because of its low risk of causing allergic reactions, this drug can be administered in patients who are intolerant to salicylates and those with allergic tendencies, including bronchial asthmatics.<ref>23</ref> Specific dosing guidelines should be followed when administering acetaminophen to children.<ref>18</ref>","According to its FDA labeling, acetaminophen's exact mechanism of action has not been fully established<ref>22</ref> - despite this, it is often categorized alongside NSAIDs (nonsteroidal anti-inflammatory drugs) due to its ability to inhibit the cyclooxygenase (COX) pathways.<ref>14</ref> It is thought to exert central actions which ultimately lead to the alleviation of pain symptoms.<ref>14</ref>
One theory is that acetaminophen increases the pain threshold by inhibiting two isoforms of cyclooxygenase, COX-1 and COX-2, which are involved in prostaglandin (PG) synthesis. Prostaglandins are responsible for eliciting pain sensations.<ref>13</ref> Acetaminophen does not inhibit cyclooxygenase in peripheral tissues and, therefore, has no peripheral anti-inflammatory effects. Though acetylsalicylic acid (aspirin) is an irreversible inhibitor of COX and directly blocks the active site of this enzyme, studies have shown that acetaminophen (paracetamol) blocks COX indirectly.<ref><ref>24</ref></ref> Studies also suggest that acetaminophen selectively blocks a variant type of the COX enzyme that is unique from the known variants COX-1 and COX-2.<ref>6</ref> This enzyme has been referred to as COX-3. The antipyretic actions of acetaminophen are likely attributed to direct action on heat-regulating centers in the brain, resulting in peripheral vasodilation, sweating, and loss of body heat.<ref><ref>24</ref></ref> The exact mechanism of action of this drug is not fully understood at this time, but future research may contribute to deeper knowledge.<ref><ref>24</ref></ref>","Animal and clinical studies have determined that acetaminophen has both antipyretic and analgesic effects. This drug has been shown to lack anti-inflammatory effects. As opposed to the salicylate drug class, acetaminophen does not disrupt tubular secretion of uric acid and does not affect acid-base balance if taken at the recommended doses.<ref>23</ref> Acetaminophen does not disrupt hemostasis and does not have inhibitory activities against platelet aggregation.22,<ref>23</ref> Allergic reactions are rare occurrences following acetaminophen use.<ref>23</ref>","Acetaminophen has 88% oral bioavailability and reaches its highest plasma concentration <ref>9</ref>0 minutes after ingestion.<ref>9</ref> Peak blood levels of free acetaminophen are not reached until 3 hours after rectal administration of the suppository form of acetaminophen and the peak blood concentration is approximately 50% of the observed concentration after the ingestion of an equivalent oral dose (10-20 mcg/mL).<ref>23</ref>
The percentage of a systemically absorbed rectal dose of acetaminophen is inconsistent, demonstrated by major differences in the bioavailability of acetaminophen after a dose administered rectally. Higher rectal doses or an increased frequency of administration may be used to attain blood concentrations of acetaminophen similar to those attained after oral acetaminophen administration.<ref>22</ref>",Volume of distribution is about 0.9L/kg. 10 to 20% of the drug is bound to red blood cells.<ref>11</ref> Acetaminophen appears to be widely distributed throughout most body tissues except in fat.<ref>22</ref>,"The binding of acetaminophen to plasma proteins is low (ranging from 10% to 25%), when given at therapeutic doses.<ref>22</ref>","Acetaminophen is the major metabolite of phenacetin and acetanilid.<ref>23</ref> Acetaminophen is mainly metabolized in the liver by first-order kinetics and its metabolism of comprised of 3 pathways: conjugation with glucuronide, conjugation with sulfate, and oxidation through the cytochrome P450 enzyme pathway, mainly CYP2E1, to produce a reactive metabolite (N-acetyl-p-benzoquinone imine or NAPQI). At normal therapeutic doses, NAPQI undergoes fast conjugation with glutathione and is subsequently metabolized to produce both cysteine and mercapturic acid conjugates.<ref>22</ref>
High doses of acetaminophen (overdoses) can lead to hepatic necrosis due to the depletion of glutathione and of binding of high levels of reactive metabolite (NAPQI) to important parts of liver cells. The abovementioned damage to the liver can be prevented by the early administration of sulfhydryl compounds, for example, methionine and N-acetylcysteine.<ref>12</ref>
Hover over products below to view reaction partners
Acetaminophen
NAPQI
Acetaminophen cysteine
Acetaminophen glucuronide
Acetaminophen sulfate",Acetaminophen metabolites are mainly excreted in the urine. Less than 5% is excreted in the urine as free (unconjugated) acetaminophen and at least 90% of the administered dose is excreted within 24 hours.<ref>23</ref>,"The half-life for adults is 2.5 h after an intravenous dose of 15 mg/kg.<ref>22</ref> After an overdose, the half-life can range from 4 to 8 hours depending on the severity of injury to the liver, as it heavily metabolizes acetaminophen.<ref>9</ref>",Adults: 0.27 L/h/kg following a 15 mg/kg intravenous (IV) dose.<ref>22</ref> Children: 0.34 L/h/kg following a 15 mg/kg intravenous (IV dose).<ref>22</ref>,"LD50 = 338 mg/kg (oral, mouse); LD50 = 1944 mg/kg (oral, rat)<ref>24</ref>
Overdose and liver toxicity
Acetaminophen overdose may be manifested by renal tubular necrosis, hypoglycemic coma, and thrombocytopenia. Sometimes, liver necrosis can occur as well as liver failure. Death and the requirement of a liver transplant may also occur.<ref><ref><ref><ref><ref><ref><ref>22</ref></ref></ref></ref></ref></ref></ref> Metabolism by the CYP2E1 pathway releases a toxic acetaminophen metabolite known as N-acetyl-p-benzoquinoneimine(NAPQI). The toxic effects caused by this drug are attributed to NAPQI, not acetaminophen alone.<ref>24</ref>
Carcinogenesis
Long-term studies in mice and rats have been completed by the National Toxicology Program to study the carcinogenic risk of acetaminophen. In 2-year feeding studies, F344/N rats and B6C3F1 mice consumed a diet containing acetaminophen up to 6,<ref>000</ref> ppm. Female rats showed evidence of carcinogenic activity demonstrated by a higher incidence of mononuclear cell leukemia at doses 0.8 times the maximum human daily dose (MHDD). No evidence of carcinogenesis in male rats (0.7 times) or mice (1.2 to 1.4 times the MHDD) was noted.<ref><ref><ref><ref><ref><ref><ref>22</ref></ref></ref></ref></ref></ref></ref> The clinical relevance of this finding in humans is unknown.
Mutagenesis
Acetaminophen was not found to be mutagenic in the bacterial reverse mutation assay (Ames test). Despite this finding, acetaminophen tested positive in the in vitro mouse lymphoma assay as well as the in vitro chromosomal aberration assay using human lymphocytes. In published studies, acetaminophen has been reported to be clastogenic (disrupting chromosomes) when given a high dose of 1,<ref>500</ref> mg/kg/day to the rat model (3.6 times the MHDD). No clastogenicity was observed at a dose of 750 mg/kg/day (1.8 times the MHDD), indicating that this drug has a threshold before it may cause mutagenesis.<ref><ref><ref><ref><ref><ref><ref>22</ref></ref></ref></ref></ref></ref></ref> The clinical relevance of this finding in humans is unknown.
Impairment of Fertility
In studies conducted by the National Toxicology Program, fertility assessments have been performed in Swiss mice in a continuous breeding study. No effects on fertility were seen.<ref><ref><ref><ref><ref><ref><ref>22</ref></ref></ref></ref></ref></ref></ref>
Use in pregnancy and nursing
The FDA label for acetaminophen considers it a pregnancy category C drug, meaning this drug has demonstrated adverse effects in animal studies. No human clinical studies in pregnancy have been done to this date for intravenous acetaminophen.<ref><ref><ref><ref><ref><ref><ref>22</ref></ref></ref></ref></ref></ref></ref> Use acetaminophen only when necessary during pregnancy.<ref><ref><ref><ref><ref><ref><ref>22</ref></ref></ref></ref></ref></ref></ref> Epidemiological data on oral acetaminophen use in pregnant women demonstrate no increase in the risk of major congenital malformations.<ref><ref><ref><ref><ref><ref><ref>22</ref></ref></ref></ref></ref></ref></ref> While prospective clinical studies examining the results of nursing with acetaminophen use have not been conducted, acetaminophen is found secreted in human milk at low concentrations after oral administration. Data from more than 15 nursing mothers taking acetaminophen was obtained, and the calculated daily dose of acetaminophen that reaches the infant is about 1 to 2% of the maternal dose. Caution should be observed when acetaminophen is taken by a nursing woman.<ref><ref><ref><ref><ref><ref><ref>22</ref></ref></ref></ref></ref></ref></ref>","reference-A463: Kis B, Snipes JA, Busija DW: Acetaminophen and the cyclooxygenase-3 puzzle: sorting out facts, fictions, and uncertainties. J Pharmacol Exp Ther. 2005 Oct;315(1):1-7. Epub 2005 May 6. | https://go.drugbank.com/articles/A463 || reference-A464: Aronoff DM, Oates JA, Boutaud O: New insights into the mechanism of action of acetaminophen: Its clinical pharmacologic characteristics reflect its inhibition of the two prostaglandin H2 synthases. Clin Pharmacol Ther. 2006 Jan;79(1):9-19. | https://go.drugbank.com/articles/A464 || reference-A465: Bertolini A, Ferrari A, Ottani A, Guerzoni S, Tacchi R, Leone S: Paracetamol: new vistas of an old drug. CNS Drug Rev. 2006 Fall-Winter;12(3-4):250-75. | https://go.drugbank.com/articles/A465 || reference-A466: Graham GG, Scott KF: Mechanism of action of paracetamol. Am J Ther. 2005 Jan-Feb;12(1):46-55. | https://go.drugbank.com/articles/A466 || reference-A467: Ohki S, Ogino N, Yamamoto S, Hayaishi O: Prostaglandin hydroperoxidase, an integral part of prostaglandin endoperoxide synthetase from bovine vesicular gland microsomes. J Biol Chem. 1979 Feb 10;254(3):829-36. | https://go.drugbank.com/articles/A467 || reference-A468: Chandrasekharan NV, Dai H, Roos KL, Evanson NK, Tomsik J, Elton TS, Simmons DL: COX-3, a cyclooxygenase-1 variant inhibited by acetaminophen and other analgesic/antipyretic drugs: cloning, structure, and expression. Proc Natl Acad Sci U S A. 2002 Oct 15;99(21):13926-31. Epub 2002 Sep 19. | https://go.drugbank.com/articles/A468 || reference-A469: Adjei AA, Gaedigk A, Simon SD, Weinshilboum RM, Leeder JS: Interindividual variability in acetaminophen sulfation by human fetal liver: implications for pharmacogenetic investigations of drug-induced birth defects. Birth Defects Res A Clin Mol Teratol. 2008 Mar;82(3):155-65. doi: 10.1002/bdra.20535. | https://go.drugbank.com/articles/A469 || reference-A470: Hazai E, Vereczkey L, Monostory K: Reduction of toxic metabolite formation of acetaminophen. Biochem Biophys Res Commun. 2002 Mar 8;291(4):1089-94. | https://go.drugbank.com/articles/A470 || reference-A35815: Mazaleuskaya LL, Sangkuhl K, Thorn CF, FitzGerald GA, Altman RB, Klein TE: PharmGKB summary: pathways of acetaminophen metabolism at the therapeutic versus toxic doses. Pharmacogenet Genomics. 2015 Aug;25(8):416-26. doi: 10.1097/FPC.0000000000000150. | https://go.drugbank.com/articles/A35815 || reference-A176318: Ennis ZN, Dideriksen D, Vaegter HB, Handberg G, Pottegard A: Acetaminophen for Chronic Pain: A Systematic Review on Efficacy. Basic Clin Pharmacol Toxicol. 2016 Mar;118(3):184-9. doi: 10.1111/bcpt.12527. Epub 2015 Dec 28. | https://go.drugbank.com/articles/A176318 || reference-A176357: Bannwarth B, Pehourcq F: [Pharmacologic basis for using paracetamol: pharmacokinetic and pharmacodynamic issues]. Drugs. 2003;63 Spec No 2:5-13. | https://go.drugbank.com/articles/A176357 || reference-A35814: Forrest JA, Clements JA, Prescott LF: Clinical pharmacokinetics of paracetamol. Clin Pharmacokinet. 1982 Mar-Apr;7(2):93-107. | https://go.drugbank.com/articles/A35814 || reference-A176366: Ricciotti E, FitzGerald GA: Prostaglandins and inflammation. Arterioscler Thromb Vasc Biol. 2011 May;31(5):986-1000. doi: 10.1161/ATVBAHA.110.207449. | https://go.drugbank.com/articles/A176366 || reference-T518: Valerie Gerriets; Thomas M. Nappe (2019). Acetaminophen. StatPearls publishing. || reference-L5756: Acetaminophen tablet, DailyMed | https://dailymed.nlm.nih.gov/dailymed/drugInfo.cfm?setid=c3b408ff-f47b-4fee-ade5-5db6e25f4ee0 || reference-L5774: Acetaminophen effervescent tablets, Cleveland Clinic | https://my.clevelandclinic.org/health/drugs/18282-acetaminophen-effervescent-tablets || reference-L5777: FDA safety communication: FDA has reviewed possible risks of pain medicine use during pregnancy | https://www.fda.gov/Drugs/DrugSafety/ucm429117.htm || reference-L5780: U.S. National Medical Library: MedlinePlus- Acetaminophen dosing for children | https://medlineplus.gov/ency/patientinstructions/000783.htm || reference-L5783: FDA consumer health information: Acetaminophen | https://www.fda.gov/ForConsumers/ConsumerUpdates/ucm263989.htm || reference-L5786: FDA : Acetaminophen Information | https://www.fda.gov/Drugs/DrugSafety/InformationbyDrugClass/ucm165107.htm || reference-L5789: Using Acetaminophen and Nonsteroidal Anti-inflammatory Drugs Safely | https://www.fda.gov/Drugs/ResourcesForYou/Consumers/BuyingUsingMedicineSafely/UnderstandingOver-the-CounterMedicines/SafeUseofOver-the-CounterPainRelieversandFeverReducers/ucm164977.htm || reference-L4396: FDA Approved Drug Products: Acetaminophen solution for intravenous injection | https://www.accessdata.fda.gov/drugsatfda_docs/label/2015/204767s000lbl.pdf || reference-F4124: Acetaminophen monograph, suppository | https://s3-us-west-2.amazonaws.com/drugbank/cite_this/attachments/files/000/004/124/original/Acetaminophen_monograph__suppository.pdf?1553636652 || reference-F4133: Acetaminophen data sheet, ebi.ac.uk | https://s3-us-west-2.amazonaws.com/drugbank/cite_this/attachments/files/000/004/133/original/Data_sheet__Acetaminophen__ebi.ac.uk.pdf?1553705729 || reference-F4136: Tylenol arthritis pain label, OTC | https://s3-us-west-2.amazonaws.com/drugbank/cite_this/attachments/files/000/004/136/original/Tylenol_arthritis_pain_label.pdf?1553716877"
phenobarbital,DB01174,"Phenobarbital is a long-lasting barbiturate and anticonvulsant used in the treatment of all types of seizures, except for absent seizures.",For the treatment of all types of seizures except absence seizures.,"Phenobarbital acts on GABAA receptors, increasing synaptic inhibition. This has the effect of elevating seizure threshold and reducing the spread of seizure activity from a seizure focus. Phenobarbital may also inhibit calcium channels, resulting in a decrease in excitatory transmitter release. The sedative-hypnotic effects of phenobarbital are likely the result of its effect on the polysynaptic midbrain reticular formation, which controls CNS arousal.","Phenobarbital, the longest-acting barbiturate, is used for its anticonvulsant and sedative-hypnotic properties in the management of all seizure disorders except absence (petit mal).","Absorbed in varying degrees following oral, rectal or parenteral administration. The salts are more rapidly absorbed than are the acids. The rate of absorption is increased if the sodium salt is ingested as a dilute solution or taken on an empty stomach.",Not Available,20 to 45%,"Hepatic (mostly via CYP2C19).
Hover over products below to view reaction partners
Phenobarbital
p-Hydroxyphenobarbital
Phenobarbital O-glucuronide
Phenobarbital O-sulfate",Not Available,53 to 118 hours (mean 79 hours),Not Available,"CNS and respiratory depression which may progress to Cheyne-Stokes respiration, areflexia, constriction of the pupils to a slight degree (though in severe poisoning they may wshow paralytic dilation), oliguria, tachycardia, hypotension, lowered body temperature, and coma. Typical shock syndrome (apnea, circulatory collapse, respiratory arrest, and death) may occur.","reference-A1983: Kwan P, Brodie MJ: Phenobarbital for the treatment of epilepsy in the 21st century: a critical review. Epilepsia. 2004 Sep;45(9):1141-9. | https://go.drugbank.com/articles/A1983 || reference-A1985: Taylor S, Tudur Smith C, Williamson PR, Marson AG: Phenobarbitone versus phenytoin monotherapy for partial onset seizures and generalized onset tonic-clonic seizures. Cochrane Database Syst Rev. 2001;(4):CD002217. | https://go.drugbank.com/articles/A1985 || reference-A1986: Tudur Smith C, Marson AG, Williamson PR: Carbamazepine versus phenobarbitone monotherapy for epilepsy. Cochrane Database Syst Rev. 2003;(1):CD001904. | https://go.drugbank.com/articles/A1986 || reference-A1989: Kalviainen R, Eriksson K, Parviainen I: Refractory generalised convulsive status epilepticus : a guide to treatment. CNS Drugs. 2005;19(9):759-68. | https://go.drugbank.com/articles/A1989 || reference-A1990: Booth D, Evans DJ: Anticonvulsants for neonates with seizures. Cochrane Database Syst Rev. 2004 Oct 18;(4):CD004218. | https://go.drugbank.com/articles/A1990 || reference-A35557: Pacifici GM: Clinical Pharmacology of Phenobarbital in Neonates: Effects, Metabolism and Pharmacokinetics. Curr Pediatr Rev. 2016;12(1):48-54. doi: 10.2174/1573397111666151026223914. | https://go.drugbank.com/articles/A35557"
